feb 14, 2026 12:06:44 A. M. com.billing.main.MainApplication main
INFO: Initializing Hibernate with MySQL database...
feb 14, 2026 12:06:44 A. M. com.billing.util.HibernateUtil initializeSessionFactory
INFO: Initializing Hibernate SessionFactory with hibernate.cfg.xml...
feb 14, 2026 12:06:44 A. M. com.billing.util.HibernateUtil initializeSessionFactory
INFO: Configuration file found at: file:/C:/Users/albag/Documents/2o/ACCESO%20DATOS/TEMA%203/Hibernate/target/classes/hibernate.cfg.xml
feb 14, 2026 12:06:48 A. M. com.billing.util.HibernateUtil initializeSessionFactory
SEVERE: Hibernate error during SessionFactory creation: Schema-validation: missing column [client_id] in table [business_document]
feb 14, 2026 12:06:48 A. M. com.billing.repository.RepositoryFactory createClientRepository
WARNING: Hibernate is not initialized; client repository may not function
feb 14, 2026 12:06:48 A. M. com.billing.util.HibernateUtil initializeSessionFactory
INFO: Initializing Hibernate SessionFactory with hibernate.cfg.xml...
feb 14, 2026 12:06:48 A. M. com.billing.util.HibernateUtil initializeSessionFactory
INFO: Configuration file found at: file:/C:/Users/albag/Documents/2o/ACCESO%20DATOS/TEMA%203/Hibernate/target/classes/hibernate.cfg.xml
feb 14, 2026 12:06:48 A. M. com.billing.util.HibernateUtil initializeSessionFactory
SEVERE: Hibernate error during SessionFactory creation: Schema-validation: missing column [client_id] in table [business_document]
feb 14, 2026 12:06:48 A. M. com.billing.service.ClientService <init>
WARNING: Hibernate not initialized. Running in offline mode; database operations may be limited.
feb 14, 2026 12:06:48 A. M. com.billing.service.ClientService <init>
INFO: ClientService using DAO: ClientDAOImpl
feb 14, 2026 12:06:48 A. M. com.billing.service.ItemService <init>
WARNING: Hibernate not initialized. Running in offline mode; database operations may be limited.
feb 14, 2026 12:06:48 A. M. com.billing.repository.RepositoryFactory createItemRepository
WARNING: Item repository requires Hibernate but SessionFactory is not initialized
feb 14, 2026 12:06:48 A. M. com.billing.repository.RepositoryFactory createSupplierRepository
WARNING: Supplier repository requires Hibernate but SessionFactory is not initialized
feb 14, 2026 12:06:48 A. M. com.billing.repository.RepositoryFactory createItemFamilyRepository
WARNING: ItemFamily repository requires Hibernate but SessionFactory is not initialized
feb 14, 2026 12:06:48 A. M. com.billing.repository.RepositoryFactory createItemCategoryRepository
WARNING: ItemCategory repository requires Hibernate but SessionFactory is not initialized
feb 14, 2026 12:06:48 A. M. com.billing.repository.RepositoryFactory createUnitRepository
WARNING: Unit repository requires Hibernate but SessionFactory is not initialized
feb 14, 2026 12:06:48 A. M. com.billing.repository.RepositoryFactory createInvoiceRepository
WARNING: Invoice repository requires Hibernate but SessionFactory is not initialized
feb 14, 2026 12:06:48 A. M. com.billing.repository.RepositoryFactory createDeliveryNoteRepository
WARNING: DeliveryNote repository requires Hibernate but SessionFactory is not initialized
feb 14, 2026 12:06:48 A. M. com.billing.repository.RepositoryFactory createInvoiceRepository
WARNING: Invoice repository requires Hibernate but SessionFactory is not initialized
feb 14, 2026 12:06:49 A. M. com.billing.util.HibernateUtil initializeSessionFactory
INFO: Initializing Hibernate SessionFactory with hibernate.cfg.xml...
feb 14, 2026 12:06:49 A. M. com.billing.util.HibernateUtil initializeSessionFactory
INFO: Configuration file found at: file:/C:/Users/albag/Documents/2o/ACCESO%20DATOS/TEMA%203/Hibernate/target/classes/hibernate.cfg.xml
feb 14, 2026 12:06:49 A. M. com.billing.util.HibernateUtil initializeSessionFactory
SEVERE: Hibernate error during SessionFactory creation: Schema-validation: missing column [client_id] in table [business_document]
feb 14, 2026 12:06:49 A. M. com.billing.dao.ClientDAOImpl findAll
SEVERE: Error finding all clients
java.lang.RuntimeException: Database is not available. Please check your MySQL connection.
	at com.billing.dao.ClientDAOImpl.getSessionFactoryOrThrow(ClientDAOImpl.java:30)
	at com.billing.dao.ClientDAOImpl.findAll(ClientDAOImpl.java:65)
	at com.billing.service.ClientService.getAllClients(ClientService.java:199)
	at com.billing.gui.ClientManagementPanel.loadClients(ClientManagementPanel.java:321)
	at com.billing.gui.ClientManagementPanel.<init>(ClientManagementPanel.java:70)
	at com.billing.gui.MainWindow.initializeComponents(MainWindow.java:96)
	at com.billing.gui.MainWindow.<init>(MainWindow.java:64)
	at com.billing.main.MainApplication.lambda$main$1(MainApplication.java:42)
	at java.desktop/java.awt.event.InvocationEvent.dispatch(InvocationEvent.java:318)
	at java.desktop/java.awt.EventQueue.dispatchEventImpl(EventQueue.java:773)
	at java.desktop/java.awt.EventQueue$4.run(EventQueue.java:720)
	at java.desktop/java.awt.EventQueue$4.run(EventQueue.java:714)
	at java.base/java.security.AccessController.doPrivileged(AccessController.java:400)
	at java.base/java.security.ProtectionDomain$JavaSecurityAccessImpl.doIntersectionPrivilege(ProtectionDomain.java:87)
	at java.desktop/java.awt.EventQueue.dispatchEvent(EventQueue.java:742)
	at java.desktop/java.awt.EventDispatchThread.pumpOneEventForFilters(EventDispatchThread.java:203)
	at java.desktop/java.awt.EventDispatchThread.pumpEventsForFilter(EventDispatchThread.java:124)
	at java.desktop/java.awt.EventDispatchThread.pumpEventsForHierarchy(EventDispatchThread.java:113)
	at java.desktop/java.awt.EventDispatchThread.pumpEvents(EventDispatchThread.java:109)
	at java.desktop/java.awt.EventDispatchThread.pumpEvents(EventDispatchThread.java:101)
	at java.desktop/java.awt.EventDispatchThread.run(EventDispatchThread.java:90)

feb 14, 2026 12:06:53 A. M. com.billing.util.HibernateUtil initializeSessionFactory
INFO: Initializing Hibernate SessionFactory with hibernate.cfg.xml...
feb 14, 2026 12:06:53 A. M. com.billing.util.HibernateUtil initializeSessionFactory
INFO: Configuration file found at: file:/C:/Users/albag/Documents/2o/ACCESO%20DATOS/TEMA%203/Hibernate/target/classes/hibernate.cfg.xml
feb 14, 2026 12:06:54 A. M. com.billing.util.HibernateUtil initializeSessionFactory
SEVERE: Hibernate error during SessionFactory creation: Schema-validation: missing column [client_id] in table [business_document]
feb 14, 2026 12:06:54 A. M. com.billing.util.HibernateUtil initializeSessionFactory
INFO: Initializing Hibernate SessionFactory with hibernate.cfg.xml...
feb 14, 2026 12:06:54 A. M. com.billing.util.HibernateUtil initializeSessionFactory
INFO: Configuration file found at: file:/C:/Users/albag/Documents/2o/ACCESO%20DATOS/TEMA%203/Hibernate/target/classes/hibernate.cfg.xml
feb 14, 2026 12:06:54 A. M. com.billing.util.HibernateUtil initializeSessionFactory
SEVERE: Hibernate error during SessionFactory creation: Schema-validation: missing column [client_id] in table [business_document]
feb 14, 2026 12:06:54 A. M. com.billing.dao.ItemDAOImpl findAll
SEVERE: Error finding all items: Cannot invoke "org.hibernate.SessionFactory.openSession()" because the return value of "com.billing.util.HibernateUtil.getSessionFactory()" is null
feb 14, 2026 12:06:54 A. M. com.billing.service.ItemService getAllItems
SEVERE: Error retrieving all items: Error retrieving items
feb 14, 2026 12:06:54 A. M. com.billing.gui.ItemManagementPanel applyFilters
SEVERE: Error applying filters: Error retrieving all items
feb 14, 2026 12:06:55 A. M. com.billing.util.HibernateUtil initializeSessionFactory
INFO: Initializing Hibernate SessionFactory with hibernate.cfg.xml...
feb 14, 2026 12:06:55 A. M. com.billing.util.HibernateUtil initializeSessionFactory
INFO: Configuration file found at: file:/C:/Users/albag/Documents/2o/ACCESO%20DATOS/TEMA%203/Hibernate/target/classes/hibernate.cfg.xml
feb 14, 2026 12:06:55 A. M. com.billing.util.HibernateUtil initializeSessionFactory
SEVERE: Hibernate error during SessionFactory creation: Schema-validation: missing column [client_id] in table [business_document]
feb 14, 2026 12:06:55 A. M. com.billing.dao.ItemDAOImpl findAll
SEVERE: Error finding all items: Cannot invoke "org.hibernate.SessionFactory.openSession()" because the return value of "com.billing.util.HibernateUtil.getSessionFactory()" is null
feb 14, 2026 12:06:55 A. M. com.billing.service.ItemService getAllItems
SEVERE: Error retrieving all items: Error retrieving items
feb 14, 2026 12:06:55 A. M. com.billing.gui.ItemManagementPanel updateCountLabels
WARNING: Error updating count labels: Error retrieving all items
feb 14, 2026 12:06:55 A. M. com.billing.util.HibernateUtil initializeSessionFactory
INFO: Initializing Hibernate SessionFactory with hibernate.cfg.xml...
feb 14, 2026 12:06:55 A. M. com.billing.util.HibernateUtil initializeSessionFactory
INFO: Configuration file found at: file:/C:/Users/albag/Documents/2o/ACCESO%20DATOS/TEMA%203/Hibernate/target/classes/hibernate.cfg.xml
feb 14, 2026 12:06:56 A. M. com.billing.util.HibernateUtil initializeSessionFactory
SEVERE: Hibernate error during SessionFactory creation: Schema-validation: missing column [client_id] in table [business_document]
feb 14, 2026 12:06:56 A. M. com.billing.main.MainApplication lambda$main$1
SEVERE: Error starting application: Cannot invoke "org.hibernate.SessionFactory.openSession()" because the return value of "com.billing.util.HibernateUtil.getSessionFactory()" is null
feb 14, 2026 12:07:59 A. M. com.billing.main.MainApplication main
INFO: Initializing Hibernate with MySQL database...
feb 14, 2026 12:07:59 A. M. com.billing.util.HibernateUtil initializeSessionFactory
INFO: Initializing Hibernate SessionFactory with hibernate.cfg.xml...
feb 14, 2026 12:07:59 A. M. com.billing.util.HibernateUtil initializeSessionFactory
INFO: Configuration file found at: file:/C:/Users/albag/Documents/2o/ACCESO%20DATOS/TEMA%203/Hibernate/target/classes/hibernate.cfg.xml
feb 14, 2026 12:08:02 A. M. com.billing.util.HibernateUtil initializeSessionFactory
INFO: Hibernate SessionFactory initialized successfully for MySQL database
feb 14, 2026 12:08:03 A. M. com.billing.service.ClientService <init>
INFO: ClientService using DAO: ClientDAOImpl
feb 14, 2026 12:08:04 A. M. com.billing.main.MainApplication lambda$main$1
INFO: Application started successfully with MySQL database
feb 14, 2026 12:31:41 A. M. com.billing.main.MainApplication main
INFO: Initializing Hibernate with MySQL database...
feb 14, 2026 12:31:41 A. M. com.billing.util.HibernateUtil initializeSessionFactory
INFO: Initializing Hibernate SessionFactory with hibernate.cfg.xml...
feb 14, 2026 12:31:41 A. M. com.billing.util.HibernateUtil initializeSessionFactory
INFO: Configuration file found at: file:/C:/Users/albag/Documents/2o/ACCESO%20DATOS/TEMA%203/Hibernate/target/classes/hibernate.cfg.xml
feb 14, 2026 12:31:45 A. M. com.billing.util.HibernateUtil initializeSessionFactory
INFO: Hibernate SessionFactory initialized successfully for MySQL database
feb 14, 2026 12:31:45 A. M. com.billing.service.ClientService <init>
INFO: ClientService using DAO: ClientDAOImpl
feb 14, 2026 12:31:46 A. M. com.billing.main.MainApplication lambda$0
SEVERE: Error starting application: failed to lazily initialize a collection of role: com.billing.model.document.BusinessDocument.lines: could not initialize proxy - no Session
feb 14, 2026 12:31:49 A. M. com.billing.main.MainApplication lambda$4
INFO: Shutting down application...
feb 14, 2026 12:31:49 A. M. com.billing.util.HibernateUtil shutdown
INFO: Hibernate SessionFactory shutdown completed
feb 14, 2026 12:31:49 A. M. com.billing.main.MainApplication lambda$4
INFO: Application shut down completed
feb 14, 2026 12:54:18 A. M. com.billing.main.MainApplication main
INFO: Initializing Hibernate with MySQL database...
feb 14, 2026 12:54:18 A. M. com.billing.util.HibernateUtil initializeSessionFactory
INFO: Initializing Hibernate SessionFactory with hibernate.cfg.xml...
feb 14, 2026 12:54:18 A. M. com.billing.util.HibernateUtil initializeSessionFactory
INFO: Configuration file found at: file:/C:/Users/albag/Documents/2o/ACCESO%20DATOS/TEMA%203/Hibernate/target/classes/hibernate.cfg.xml
feb 14, 2026 12:54:22 A. M. com.billing.util.HibernateUtil initializeSessionFactory
INFO: Hibernate SessionFactory initialized successfully for MySQL database
feb 14, 2026 12:54:22 A. M. com.billing.service.ClientService <init>
INFO: ClientService initialized with PartyRepository
feb 14, 2026 12:54:23 A. M. com.billing.main.MainApplication lambda$0
SEVERE: Error starting application: failed to lazily initialize a collection of role: com.billing.model.document.BusinessDocument.lines: could not initialize proxy - no Session
feb 14, 2026 12:54:55 A. M. com.billing.main.MainApplication main
INFO: Initializing Hibernate with MySQL database...
feb 14, 2026 12:54:55 A. M. com.billing.util.HibernateUtil initializeSessionFactory
INFO: Initializing Hibernate SessionFactory with hibernate.cfg.xml...
feb 14, 2026 12:54:55 A. M. com.billing.util.HibernateUtil initializeSessionFactory
INFO: Configuration file found at: file:/C:/Users/albag/Documents/2o/ACCESO%20DATOS/TEMA%203/Hibernate/target/classes/hibernate.cfg.xml
feb 14, 2026 12:54:59 A. M. com.billing.util.HibernateUtil initializeSessionFactory
INFO: Hibernate SessionFactory initialized successfully for MySQL database
feb 14, 2026 12:54:59 A. M. com.billing.service.ClientService <init>
INFO: ClientService initialized with PartyRepository
feb 14, 2026 12:55:00 A. M. com.billing.main.MainApplication lambda$0
SEVERE: Error starting application: failed to lazily initialize a collection of role: com.billing.model.document.BusinessDocument.lines: could not initialize proxy - no Session
feb 14, 2026 12:55:29 A. M. com.billing.main.MainApplication main
INFO: Initializing Hibernate with MySQL database...
feb 14, 2026 12:55:29 A. M. com.billing.util.HibernateUtil initializeSessionFactory
INFO: Initializing Hibernate SessionFactory with hibernate.cfg.xml...
feb 14, 2026 12:55:29 A. M. com.billing.util.HibernateUtil initializeSessionFactory
INFO: Configuration file found at: file:/C:/Users/albag/Documents/2o/ACCESO%20DATOS/TEMA%203/Hibernate/target/classes/hibernate.cfg.xml
feb 14, 2026 12:55:32 A. M. com.billing.util.HibernateUtil initializeSessionFactory
INFO: Hibernate SessionFactory initialized successfully for MySQL database
feb 14, 2026 12:55:32 A. M. com.billing.service.ClientService <init>
INFO: ClientService initialized with PartyRepository
feb 14, 2026 12:55:33 A. M. com.billing.main.MainApplication lambda$0
SEVERE: Error starting application: failed to lazily initialize a collection of role: com.billing.model.document.BusinessDocument.lines: could not initialize proxy - no Session
feb 14, 2026 1:10:26 A. M. com.billing.main.MainApplication main
INFO: Initializing Hibernate with MySQL database...
feb 14, 2026 1:10:26 A. M. com.billing.util.HibernateUtil initializeSessionFactory
INFO: Initializing Hibernate SessionFactory with hibernate.cfg.xml...
feb 14, 2026 1:10:26 A. M. com.billing.util.HibernateUtil initializeSessionFactory
INFO: Configuration file found at: file:/C:/Users/albag/Documents/2o/ACCESO%20DATOS/TEMA%203/Hibernate/target/classes/hibernate.cfg.xml
feb 14, 2026 1:10:28 A. M. com.billing.util.HibernateUtil initializeSessionFactory
INFO: Hibernate SessionFactory initialized successfully for MySQL database
feb 14, 2026 1:10:28 A. M. com.billing.service.ClientService <init>
INFO: ClientService initialized with PartyRepository
feb 14, 2026 1:10:28 A. M. com.billing.service.SupplierService <init>
INFO: SupplierService initialized with PartyRepository
feb 14, 2026 1:10:29 A. M. com.billing.main.MainApplication lambda$main$1
SEVERE: Error starting application: failed to lazily initialize a collection of role: com.billing.model.document.BusinessDocument.lines: could not initialize proxy - no Session
feb 14, 2026 1:10:42 A. M. com.billing.main.MainApplication lambda$main$4
INFO: Shutting down application...
feb 14, 2026 1:12:59 A. M. com.billing.main.MainApplication main
INFO: Initializing Hibernate with MySQL database...
feb 14, 2026 1:12:59 A. M. com.billing.util.HibernateUtil initializeSessionFactory
INFO: Initializing Hibernate SessionFactory with hibernate.cfg.xml...
feb 14, 2026 1:12:59 A. M. com.billing.util.HibernateUtil initializeSessionFactory
INFO: Configuration file found at: file:/C:/Users/albag/Documents/2o/ACCESO%20DATOS/TEMA%203/Hibernate/target/classes/hibernate.cfg.xml
feb 14, 2026 1:13:02 A. M. com.billing.util.HibernateUtil initializeSessionFactory
INFO: Hibernate SessionFactory initialized successfully for MySQL database
feb 14, 2026 1:13:02 A. M. com.billing.service.ClientService <init>
INFO: ClientService initialized with PartyRepository
feb 14, 2026 1:13:02 A. M. com.billing.service.SupplierService <init>
INFO: SupplierService initialized with PartyRepository
feb 14, 2026 1:13:03 A. M. com.billing.main.MainApplication lambda$main$1
INFO: Application started successfully with MySQL database
feb 14, 2026 1:34:45 A. M. com.billing.main.MainApplication main
INFO: Initializing Hibernate with MySQL database...
feb 14, 2026 1:34:45 A. M. com.billing.util.HibernateUtil initializeSessionFactory
INFO: Initializing Hibernate SessionFactory with hibernate.cfg.xml...
feb 14, 2026 1:34:45 A. M. com.billing.util.HibernateUtil initializeSessionFactory
INFO: Configuration file found at: file:/C:/Users/albag/Documents/2o/ACCESO%20DATOS/TEMA%203/Hibernate/target/classes/hibernate.cfg.xml
feb 14, 2026 1:34:47 A. M. com.billing.util.HibernateUtil initializeSessionFactory
SEVERE: Hibernate error during SessionFactory creation: Schema-validation: missing column [delivered] in table [delivery_note]
feb 14, 2026 1:34:47 A. M. com.billing.repository.RepositoryFactory createPartyRepository
WARNING: Party repository requires Hibernate but SessionFactory is not initialized
feb 14, 2026 1:34:47 A. M. com.billing.service.ClientService <init>
INFO: ClientService initialized with PartyRepository
feb 14, 2026 1:34:47 A. M. com.billing.repository.RepositoryFactory createItemRepository
WARNING: Item repository requires Hibernate but SessionFactory is not initialized
feb 14, 2026 1:34:47 A. M. com.billing.repository.RepositoryFactory createPartyRepository
WARNING: Party repository requires Hibernate but SessionFactory is not initialized
feb 14, 2026 1:34:47 A. M. com.billing.repository.RepositoryFactory createPartyRepository
WARNING: Party repository requires Hibernate but SessionFactory is not initialized
feb 14, 2026 1:34:47 A. M. com.billing.service.SupplierService <init>
INFO: SupplierService initialized with PartyRepository
feb 14, 2026 1:34:48 A. M. com.billing.util.HibernateUtil initializeSessionFactory
INFO: Initializing Hibernate SessionFactory with hibernate.cfg.xml...
feb 14, 2026 1:34:48 A. M. com.billing.util.HibernateUtil initializeSessionFactory
INFO: Configuration file found at: file:/C:/Users/albag/Documents/2o/ACCESO%20DATOS/TEMA%203/Hibernate/target/classes/hibernate.cfg.xml
feb 14, 2026 1:34:48 A. M. com.billing.util.HibernateUtil initializeSessionFactory
SEVERE: Hibernate error during SessionFactory creation: Schema-validation: missing column [delivered] in table [delivery_note]
feb 14, 2026 1:34:52 A. M. com.billing.util.HibernateUtil initializeSessionFactory
INFO: Initializing Hibernate SessionFactory with hibernate.cfg.xml...
feb 14, 2026 1:34:52 A. M. com.billing.util.HibernateUtil initializeSessionFactory
INFO: Configuration file found at: file:/C:/Users/albag/Documents/2o/ACCESO%20DATOS/TEMA%203/Hibernate/target/classes/hibernate.cfg.xml
feb 14, 2026 1:34:53 A. M. com.billing.util.HibernateUtil initializeSessionFactory
SEVERE: Hibernate error during SessionFactory creation: Schema-validation: missing column [delivered] in table [delivery_note]
feb 14, 2026 1:34:53 A. M. com.billing.util.HibernateUtil initializeSessionFactory
INFO: Initializing Hibernate SessionFactory with hibernate.cfg.xml...
feb 14, 2026 1:34:53 A. M. com.billing.util.HibernateUtil initializeSessionFactory
INFO: Configuration file found at: file:/C:/Users/albag/Documents/2o/ACCESO%20DATOS/TEMA%203/Hibernate/target/classes/hibernate.cfg.xml
feb 14, 2026 1:34:53 A. M. com.billing.util.HibernateUtil initializeSessionFactory
SEVERE: Hibernate error during SessionFactory creation: Schema-validation: missing column [delivered] in table [delivery_note]
feb 14, 2026 1:34:53 A. M. com.billing.service.ItemService getAllItems
SEVERE: Error retrieving all items: Cannot invoke "org.hibernate.SessionFactory.getCurrentSession()" because the return value of "com.billing.util.HibernateUtil.getSessionFactory()" is null
feb 14, 2026 1:34:53 A. M. com.billing.gui.ItemManagementPanel applyFilters
SEVERE: Error applying filters: Error retrieving all items
feb 14, 2026 1:34:54 A. M. com.billing.util.HibernateUtil initializeSessionFactory
INFO: Initializing Hibernate SessionFactory with hibernate.cfg.xml...
feb 14, 2026 1:34:54 A. M. com.billing.util.HibernateUtil initializeSessionFactory
INFO: Configuration file found at: file:/C:/Users/albag/Documents/2o/ACCESO%20DATOS/TEMA%203/Hibernate/target/classes/hibernate.cfg.xml
feb 14, 2026 1:34:55 A. M. com.billing.util.HibernateUtil initializeSessionFactory
SEVERE: Hibernate error during SessionFactory creation: Schema-validation: missing column [delivered] in table [delivery_note]
feb 14, 2026 1:34:55 A. M. com.billing.service.ItemService getAllItems
SEVERE: Error retrieving all items: Cannot invoke "org.hibernate.SessionFactory.getCurrentSession()" because the return value of "com.billing.util.HibernateUtil.getSessionFactory()" is null
feb 14, 2026 1:34:55 A. M. com.billing.gui.ItemManagementPanel updateCountLabels
WARNING: Error updating count labels: Error retrieving all items
feb 14, 2026 1:34:55 A. M. com.billing.util.HibernateUtil initializeSessionFactory
INFO: Initializing Hibernate SessionFactory with hibernate.cfg.xml...
feb 14, 2026 1:34:55 A. M. com.billing.util.HibernateUtil initializeSessionFactory
INFO: Configuration file found at: file:/C:/Users/albag/Documents/2o/ACCESO%20DATOS/TEMA%203/Hibernate/target/classes/hibernate.cfg.xml
feb 14, 2026 1:34:55 A. M. com.billing.util.HibernateUtil initializeSessionFactory
SEVERE: Hibernate error during SessionFactory creation: Schema-validation: missing column [delivered] in table [delivery_note]
feb 14, 2026 1:34:55 A. M. com.billing.main.MainApplication lambda$0
SEVERE: Error starting application: Cannot invoke "org.hibernate.SessionFactory.getCurrentSession()" because the return value of "com.billing.util.HibernateUtil.getSessionFactory()" is null
feb 14, 2026 1:36:17 A. M. com.billing.main.MainApplication main
INFO: Initializing Hibernate with MySQL database...
feb 14, 2026 1:36:17 A. M. com.billing.util.HibernateUtil initializeSessionFactory
INFO: Initializing Hibernate SessionFactory with hibernate.cfg.xml...
feb 14, 2026 1:36:17 A. M. com.billing.util.HibernateUtil initializeSessionFactory
INFO: Configuration file found at: file:/C:/Users/albag/Documents/2o/ACCESO%20DATOS/TEMA%203/Hibernate/target/classes/hibernate.cfg.xml
feb 14, 2026 1:36:20 A. M. com.billing.util.HibernateUtil initializeSessionFactory
INFO: Hibernate SessionFactory initialized successfully for MySQL database
feb 14, 2026 1:36:20 A. M. com.billing.service.ClientService <init>
INFO: ClientService initialized with PartyRepository
feb 14, 2026 1:36:20 A. M. com.billing.service.SupplierService <init>
INFO: SupplierService initialized with PartyRepository
feb 14, 2026 1:36:21 A. M. com.billing.main.MainApplication lambda$0
INFO: Application started successfully with MySQL database
feb 14, 2026 1:52:43 A. M. com.billing.main.MainApplication main
INFO: Initializing Hibernate with MySQL database...
feb 14, 2026 1:52:43 A. M. com.billing.util.HibernateUtil initializeSessionFactory
INFO: Initializing Hibernate SessionFactory with hibernate.cfg.xml...
feb 14, 2026 1:52:43 A. M. com.billing.util.HibernateUtil initializeSessionFactory
INFO: Configuration file found at: file:/C:/Users/albag/Documents/2o/ACCESO%20DATOS/TEMA%203/Hibernate/target/classes/hibernate.cfg.xml
feb 14, 2026 1:52:45 A. M. com.billing.util.HibernateUtil initializeSessionFactory
INFO: Hibernate SessionFactory initialized successfully for MySQL database
feb 14, 2026 1:52:45 A. M. com.billing.service.ClientService <init>
INFO: ClientService initialized with PartyRepository
feb 14, 2026 1:52:45 A. M. com.billing.service.SupplierService <init>
INFO: SupplierService initialized with PartyRepository
feb 14, 2026 1:52:47 A. M. com.billing.main.MainApplication lambda$0
INFO: Application started successfully with MySQL database
feb 14, 2026 1:53:28 A. M. com.billing.service.SalesService lambda$1
INFO: Invoice generated from DeliveryNote 1: INV0003
feb 14, 2026 1:55:10 A. M. com.billing.service.SalesService lambda$1
INFO: Invoice generated from DeliveryNote 1: INV0004
feb 14, 2026 1:55:55 A. M. com.billing.service.SalesService lambda$1
INFO: Invoice generated from DeliveryNote 1: INV0005
feb 14, 2026 1:56:02 A. M. com.billing.service.SalesService lambda$1
INFO: Invoice generated from DeliveryNote 1: INV0006
feb 14, 2026 2:00:46 A. M. com.billing.main.MainApplication main
INFO: Initializing Hibernate with MySQL database...
feb 14, 2026 2:00:46 A. M. com.billing.util.HibernateUtil initializeSessionFactory
INFO: Initializing Hibernate SessionFactory with hibernate.cfg.xml...
feb 14, 2026 2:00:46 A. M. com.billing.util.HibernateUtil initializeSessionFactory
INFO: Configuration file found at: file:/C:/Users/albag/Documents/2o/ACCESO%20DATOS/TEMA%203/Hibernate/target/classes/hibernate.cfg.xml
feb 14, 2026 2:00:49 A. M. com.billing.util.HibernateUtil initializeSessionFactory
INFO: Hibernate SessionFactory initialized successfully for MySQL database
feb 14, 2026 2:00:49 A. M. com.billing.service.ClientService <init>
INFO: ClientService initialized with PartyRepository
feb 14, 2026 2:00:49 A. M. com.billing.service.SupplierService <init>
INFO: SupplierService initialized with PartyRepository
feb 14, 2026 2:00:50 A. M. com.billing.main.MainApplication lambda$0
INFO: Application started successfully with MySQL database
feb 14, 2026 2:02:25 A. M. com.billing.main.MainApplication main
INFO: Initializing Hibernate with MySQL database...
feb 14, 2026 2:02:25 A. M. com.billing.util.HibernateUtil initializeSessionFactory
INFO: Initializing Hibernate SessionFactory with hibernate.cfg.xml...
feb 14, 2026 2:02:25 A. M. com.billing.util.HibernateUtil initializeSessionFactory
INFO: Configuration file found at: file:/C:/Users/albag/Documents/2o/ACCESO%20DATOS/TEMA%203/Hibernate/target/classes/hibernate.cfg.xml
feb 14, 2026 2:02:27 A. M. com.billing.util.HibernateUtil initializeSessionFactory
INFO: Hibernate SessionFactory initialized successfully for MySQL database
feb 14, 2026 2:02:27 A. M. com.billing.service.ClientService <init>
INFO: ClientService initialized with PartyRepository
feb 14, 2026 2:02:27 A. M. com.billing.service.SupplierService <init>
INFO: SupplierService initialized with PartyRepository
feb 14, 2026 2:02:28 A. M. com.billing.main.MainApplication lambda$0
INFO: Application started successfully with MySQL database
feb 14, 2026 2:15:50 A. M. com.billing.main.MainApplication main
INFO: Initializing Hibernate with MySQL database...
feb 14, 2026 2:15:50 A. M. com.billing.util.HibernateUtil initializeSessionFactory
INFO: Initializing Hibernate SessionFactory with hibernate.cfg.xml...
feb 14, 2026 2:15:50 A. M. com.billing.util.HibernateUtil initializeSessionFactory
INFO: Configuration file found at: file:/C:/Users/albag/Documents/2o/ACCESO%20DATOS/TEMA%203/Hibernate/target/classes/hibernate.cfg.xml
feb 14, 2026 2:15:53 A. M. com.billing.util.HibernateUtil initializeSessionFactory
INFO: Hibernate SessionFactory initialized successfully for MySQL database
feb 14, 2026 2:15:53 A. M. com.billing.service.ClientService <init>
INFO: ClientService initialized with PartyRepository
feb 14, 2026 2:15:53 A. M. com.billing.service.SupplierService <init>
INFO: SupplierService initialized with PartyRepository
feb 14, 2026 2:15:54 A. M. com.billing.main.MainApplication lambda$0
INFO: Application started successfully with MySQL database
feb 14, 2026 2:16:31 A. M. com.billing.main.MainApplication main
INFO: Initializing Hibernate with MySQL database...
feb 14, 2026 2:16:31 A. M. com.billing.util.HibernateUtil initializeSessionFactory
INFO: Initializing Hibernate SessionFactory with hibernate.cfg.xml...
feb 14, 2026 2:16:31 A. M. com.billing.util.HibernateUtil initializeSessionFactory
INFO: Configuration file found at: file:/C:/Users/albag/Documents/2o/ACCESO%20DATOS/TEMA%203/Hibernate/target/classes/hibernate.cfg.xml
feb 14, 2026 2:16:33 A. M. com.billing.util.HibernateUtil initializeSessionFactory
INFO: Hibernate SessionFactory initialized successfully for MySQL database
feb 14, 2026 2:16:34 A. M. com.billing.service.ClientService <init>
INFO: ClientService initialized with PartyRepository
feb 14, 2026 2:16:34 A. M. com.billing.service.SupplierService <init>
INFO: SupplierService initialized with PartyRepository
feb 14, 2026 2:16:35 A. M. com.billing.main.MainApplication lambda$0
INFO: Application started successfully with MySQL database
feb 14, 2026 2:20:09 A. M. com.billing.main.MainApplication main
INFO: Initializing Hibernate with MySQL database...
feb 14, 2026 2:20:09 A. M. com.billing.util.HibernateUtil initializeSessionFactory
INFO: Initializing Hibernate SessionFactory with hibernate.cfg.xml...
feb 14, 2026 2:20:09 A. M. com.billing.util.HibernateUtil initializeSessionFactory
INFO: Configuration file found at: file:/C:/Users/albag/Documents/2o/ACCESO%20DATOS/TEMA%203/Hibernate/target/classes/hibernate.cfg.xml
feb 14, 2026 2:20:11 A. M. com.billing.util.HibernateUtil initializeSessionFactory
INFO: Hibernate SessionFactory initialized successfully for MySQL database
feb 14, 2026 2:20:12 A. M. com.billing.service.ClientService <init>
INFO: ClientService initialized with PartyRepository
feb 14, 2026 2:20:12 A. M. com.billing.service.SupplierService <init>
INFO: SupplierService initialized with PartyRepository
feb 14, 2026 2:20:13 A. M. com.billing.main.MainApplication lambda$0
INFO: Application started successfully with MySQL database
feb 14, 2026 2:23:02 A. M. com.billing.main.MainApplication main
INFO: Initializing Hibernate with MySQL database...
feb 14, 2026 2:23:03 A. M. com.billing.util.HibernateUtil initializeSessionFactory
INFO: Initializing Hibernate SessionFactory with hibernate.cfg.xml...
feb 14, 2026 2:23:03 A. M. com.billing.util.HibernateUtil initializeSessionFactory
INFO: Configuration file found at: file:/C:/Users/albag/Documents/2o/ACCESO%20DATOS/TEMA%203/Hibernate/target/classes/hibernate.cfg.xml
feb 14, 2026 2:23:04 A. M. com.billing.util.HibernateUtil initializeSessionFactory
INFO: Hibernate SessionFactory initialized successfully for MySQL database
feb 14, 2026 2:23:05 A. M. com.billing.service.ClientService <init>
INFO: ClientService initialized with PartyRepository
feb 14, 2026 2:23:05 A. M. com.billing.service.SupplierService <init>
INFO: SupplierService initialized with PartyRepository
feb 14, 2026 2:23:06 A. M. com.billing.main.MainApplication lambda$0
INFO: Application started successfully with MySQL database
feb 14, 2026 2:33:24 A. M. com.billing.main.MainApplication main
INFO: Initializing Hibernate with MySQL database...
feb 14, 2026 2:33:24 A. M. com.billing.util.HibernateUtil initializeSessionFactory
INFO: Initializing Hibernate SessionFactory with hibernate.cfg.xml...
feb 14, 2026 2:33:24 A. M. com.billing.util.HibernateUtil initializeSessionFactory
INFO: Configuration file found at: file:/C:/Users/albag/Documents/2o/ACCESO%20DATOS/TEMA%203/Hibernate/target/classes/hibernate.cfg.xml
feb 14, 2026 2:33:26 A. M. com.billing.util.HibernateUtil initializeSessionFactory
INFO: Hibernate SessionFactory initialized successfully for MySQL database
feb 14, 2026 2:33:26 A. M. com.billing.service.ClientService <init>
INFO: ClientService initialized with PartyRepository
feb 14, 2026 2:33:26 A. M. com.billing.service.SupplierService <init>
INFO: SupplierService initialized with PartyRepository
feb 14, 2026 2:33:27 A. M. com.billing.main.MainApplication lambda$0
INFO: Application started successfully with MySQL database
feb 14, 2026 2:40:51 A. M. com.billing.main.MainApplication main
INFO: Initializing Hibernate with MySQL database...
feb 14, 2026 2:40:51 A. M. com.billing.util.HibernateUtil initializeSessionFactory
INFO: Initializing Hibernate SessionFactory with hibernate.cfg.xml...
feb 14, 2026 2:40:51 A. M. com.billing.util.HibernateUtil initializeSessionFactory
INFO: Configuration file found at: file:/C:/Users/albag/Documents/2o/ACCESO%20DATOS/TEMA%203/Hibernate/target/classes/hibernate.cfg.xml
feb 14, 2026 2:40:53 A. M. com.billing.util.HibernateUtil initializeSessionFactory
INFO: Hibernate SessionFactory initialized successfully for MySQL database
feb 14, 2026 2:40:54 A. M. com.billing.service.ClientService <init>
INFO: ClientService initialized with PartyRepository
feb 14, 2026 2:40:54 A. M. com.billing.service.SupplierService <init>
INFO: SupplierService initialized with PartyRepository
feb 14, 2026 2:40:55 A. M. com.billing.main.MainApplication lambda$0
INFO: Application started successfully with MySQL database
feb 14, 2026 2:45:26 A. M. com.billing.main.MainApplication main
INFO: Initializing Hibernate with MySQL database...
feb 14, 2026 2:45:26 A. M. com.billing.util.HibernateUtil initializeSessionFactory
INFO: Initializing Hibernate SessionFactory with hibernate.cfg.xml...
feb 14, 2026 2:45:26 A. M. com.billing.util.HibernateUtil initializeSessionFactory
INFO: Configuration file found at: file:/C:/Users/albag/Documents/2o/ACCESO%20DATOS/TEMA%203/Hibernate/target/classes/hibernate.cfg.xml
feb 14, 2026 2:45:30 A. M. com.billing.util.HibernateUtil initializeSessionFactory
INFO: Hibernate SessionFactory initialized successfully for MySQL database
feb 14, 2026 2:45:30 A. M. com.billing.service.ClientService <init>
INFO: ClientService initialized with PartyRepository
feb 14, 2026 2:45:30 A. M. com.billing.service.SupplierService <init>
INFO: SupplierService initialized with PartyRepository
feb 14, 2026 2:45:31 A. M. com.billing.main.MainApplication lambda$0
INFO: Application started successfully with MySQL database
feb 14, 2026 2:48:20 A. M. com.billing.main.MainApplication main
INFO: Initializing Hibernate with MySQL database...
feb 14, 2026 2:48:20 A. M. com.billing.util.HibernateUtil initializeSessionFactory
INFO: Initializing Hibernate SessionFactory with hibernate.cfg.xml...
feb 14, 2026 2:48:20 A. M. com.billing.util.HibernateUtil initializeSessionFactory
INFO: Configuration file found at: file:/C:/Users/albag/Documents/2o/ACCESO%20DATOS/TEMA%203/Hibernate/target/classes/hibernate.cfg.xml
feb 14, 2026 2:48:23 A. M. com.billing.util.HibernateUtil initializeSessionFactory
INFO: Hibernate SessionFactory initialized successfully for MySQL database
feb 14, 2026 2:48:24 A. M. com.billing.service.ClientService <init>
INFO: ClientService initialized with PartyRepository
feb 14, 2026 2:48:24 A. M. com.billing.service.SupplierService <init>
INFO: SupplierService initialized with PartyRepository
feb 14, 2026 2:48:25 A. M. com.billing.main.MainApplication lambda$0
INFO: Application started successfully with MySQL database
feb 14, 2026 2:50:08 A. M. com.billing.main.MainApplication main
INFO: Initializing Hibernate with MySQL database...
feb 14, 2026 2:50:08 A. M. com.billing.util.HibernateUtil initializeSessionFactory
INFO: Initializing Hibernate SessionFactory with hibernate.cfg.xml...
feb 14, 2026 2:50:08 A. M. com.billing.util.HibernateUtil initializeSessionFactory
INFO: Configuration file found at: file:/C:/Users/albag/Documents/2o/ACCESO%20DATOS/TEMA%203/Hibernate/target/classes/hibernate.cfg.xml
feb 14, 2026 2:50:11 A. M. com.billing.util.HibernateUtil initializeSessionFactory
INFO: Hibernate SessionFactory initialized successfully for MySQL database
feb 14, 2026 2:50:12 A. M. com.billing.service.ClientService <init>
INFO: ClientService initialized with PartyRepository
feb 14, 2026 2:50:12 A. M. com.billing.service.SupplierService <init>
INFO: SupplierService initialized with PartyRepository
feb 14, 2026 2:50:13 A. M. com.billing.main.MainApplication lambda$0
INFO: Application started successfully with MySQL database
feb 14, 2026 2:51:42 A. M. com.billing.main.MainApplication main
INFO: Initializing Hibernate with MySQL database...
feb 14, 2026 2:51:42 A. M. com.billing.util.HibernateUtil initializeSessionFactory
INFO: Initializing Hibernate SessionFactory with hibernate.cfg.xml...
feb 14, 2026 2:51:42 A. M. com.billing.util.HibernateUtil initializeSessionFactory
INFO: Configuration file found at: file:/C:/Users/albag/Documents/2o/ACCESO%20DATOS/TEMA%203/Hibernate/target/classes/hibernate.cfg.xml
feb 14, 2026 2:51:44 A. M. com.billing.util.HibernateUtil initializeSessionFactory
INFO: Hibernate SessionFactory initialized successfully for MySQL database
feb 14, 2026 2:51:44 A. M. com.billing.service.ClientService <init>
INFO: ClientService initialized with PartyRepository
feb 14, 2026 2:51:44 A. M. com.billing.service.SupplierService <init>
INFO: SupplierService initialized with PartyRepository
feb 14, 2026 2:51:45 A. M. com.billing.main.MainApplication lambda$0
INFO: Application started successfully with MySQL database
feb 14, 2026 2:55:08 A. M. com.billing.main.MainApplication main
INFO: Initializing Hibernate with MySQL database...
feb 14, 2026 2:55:08 A. M. com.billing.util.HibernateUtil initializeSessionFactory
INFO: Initializing Hibernate SessionFactory with hibernate.cfg.xml...
feb 14, 2026 2:55:08 A. M. com.billing.util.HibernateUtil initializeSessionFactory
INFO: Configuration file found at: file:/C:/Users/albag/Documents/2o/ACCESO%20DATOS/TEMA%203/Hibernate/target/classes/hibernate.cfg.xml
feb 14, 2026 2:55:11 A. M. com.billing.util.HibernateUtil initializeSessionFactory
INFO: Hibernate SessionFactory initialized successfully for MySQL database
feb 14, 2026 2:55:11 A. M. com.billing.service.ClientService <init>
INFO: ClientService initialized with PartyRepository
feb 14, 2026 2:55:11 A. M. com.billing.service.SupplierService <init>
INFO: SupplierService initialized with PartyRepository
feb 14, 2026 2:55:12 A. M. com.billing.main.MainApplication lambda$0
INFO: Application started successfully with MySQL database
feb 14, 2026 3:00:18 A. M. com.billing.main.MainApplication main
INFO: Initializing Hibernate with MySQL database...
feb 14, 2026 3:00:18 A. M. com.billing.util.HibernateUtil initializeSessionFactory
INFO: Initializing Hibernate SessionFactory with hibernate.cfg.xml...
feb 14, 2026 3:00:18 A. M. com.billing.util.HibernateUtil initializeSessionFactory
INFO: Configuration file found at: file:/C:/Users/albag/Documents/2o/ACCESO%20DATOS/TEMA%203/Hibernate/target/classes/hibernate.cfg.xml
feb 14, 2026 3:00:20 A. M. com.billing.util.HibernateUtil initializeSessionFactory
INFO: Hibernate SessionFactory initialized successfully for MySQL database
feb 14, 2026 3:00:20 A. M. com.billing.service.ClientService <init>
INFO: ClientService initialized with PartyRepository
feb 14, 2026 3:00:20 A. M. com.billing.service.SupplierService <init>
INFO: SupplierService initialized with PartyRepository
feb 14, 2026 3:00:21 A. M. com.billing.main.MainApplication lambda$0
INFO: Application started successfully with MySQL database
feb 14, 2026 3:01:02 A. M. com.billing.main.MainApplication main
INFO: Initializing Hibernate with MySQL database...
feb 14, 2026 3:01:02 A. M. com.billing.util.HibernateUtil initializeSessionFactory
INFO: Initializing Hibernate SessionFactory with hibernate.cfg.xml...
feb 14, 2026 3:01:02 A. M. com.billing.util.HibernateUtil initializeSessionFactory
INFO: Configuration file found at: file:/C:/Users/albag/Documents/2o/ACCESO%20DATOS/TEMA%203/Hibernate/target/classes/hibernate.cfg.xml
feb 14, 2026 3:01:05 A. M. com.billing.util.HibernateUtil initializeSessionFactory
INFO: Hibernate SessionFactory initialized successfully for MySQL database
feb 14, 2026 3:01:05 A. M. com.billing.service.ClientService <init>
INFO: ClientService initialized with PartyRepository
feb 14, 2026 3:01:05 A. M. com.billing.service.SupplierService <init>
INFO: SupplierService initialized with PartyRepository
feb 14, 2026 3:01:06 A. M. com.billing.main.MainApplication lambda$0
INFO: Application started successfully with MySQL database
feb 14, 2026 3:06:24 A. M. com.billing.main.MainApplication main
INFO: Initializing Hibernate with MySQL database...
feb 14, 2026 3:06:24 A. M. com.billing.util.HibernateUtil initializeSessionFactory
INFO: Initializing Hibernate SessionFactory with hibernate.cfg.xml...
feb 14, 2026 3:06:24 A. M. com.billing.util.HibernateUtil initializeSessionFactory
INFO: Configuration file found at: file:/C:/Users/albag/Documents/2o/ACCESO%20DATOS/TEMA%203/Hibernate/target/classes/hibernate.cfg.xml
feb 14, 2026 3:06:26 A. M. com.billing.util.HibernateUtil initializeSessionFactory
INFO: Hibernate SessionFactory initialized successfully for MySQL database
feb 14, 2026 3:06:27 A. M. com.billing.service.ClientService <init>
INFO: ClientService initialized with PartyRepository
feb 14, 2026 3:06:27 A. M. com.billing.service.SupplierService <init>
INFO: SupplierService initialized with PartyRepository
feb 14, 2026 3:06:28 A. M. com.billing.main.MainApplication lambda$0
INFO: Application started successfully with MySQL database
feb 14, 2026 3:09:24 A. M. com.billing.main.MainApplication main
INFO: Initializing Hibernate with MySQL database...
feb 14, 2026 3:09:24 A. M. com.billing.util.HibernateUtil initializeSessionFactory
INFO: Initializing Hibernate SessionFactory with hibernate.cfg.xml...
feb 14, 2026 3:09:24 A. M. com.billing.util.HibernateUtil initializeSessionFactory
INFO: Configuration file found at: file:/C:/Users/albag/Documents/2o/ACCESO%20DATOS/TEMA%203/Hibernate/target/classes/hibernate.cfg.xml
feb 14, 2026 3:09:26 A. M. com.billing.util.HibernateUtil initializeSessionFactory
INFO: Hibernate SessionFactory initialized successfully for MySQL database
feb 14, 2026 3:09:26 A. M. com.billing.service.ClientService <init>
INFO: ClientService initialized with PartyRepository
feb 14, 2026 3:09:26 A. M. com.billing.service.SupplierService <init>
INFO: SupplierService initialized with PartyRepository
feb 14, 2026 3:09:28 A. M. com.billing.main.MainApplication lambda$0
INFO: Application started successfully with MySQL database
feb 14, 2026 3:16:34 A. M. com.billing.main.MainApplication main
INFO: Initializing Hibernate with MySQL database...
feb 14, 2026 3:16:34 A. M. com.billing.util.HibernateUtil initializeSessionFactory
INFO: Initializing Hibernate SessionFactory with hibernate.cfg.xml...
feb 14, 2026 3:16:34 A. M. com.billing.util.HibernateUtil initializeSessionFactory
INFO: Configuration file found at: file:/C:/Users/albag/Documents/2o/ACCESO%20DATOS/TEMA%203/Hibernate/target/classes/hibernate.cfg.xml
feb 14, 2026 3:16:38 A. M. com.billing.main.MainApplication main
INFO: Initializing Hibernate with MySQL database...
feb 14, 2026 3:16:38 A. M. com.billing.util.HibernateUtil initializeSessionFactory
INFO: Initializing Hibernate SessionFactory with hibernate.cfg.xml...
feb 14, 2026 3:16:38 A. M. com.billing.util.HibernateUtil initializeSessionFactory
INFO: Configuration file found at: file:/C:/Users/albag/Documents/2o/ACCESO%20DATOS/TEMA%203/Hibernate/target/classes/hibernate.cfg.xml
feb 14, 2026 3:16:42 A. M. com.billing.util.HibernateUtil initializeSessionFactory
INFO: Hibernate SessionFactory initialized successfully for MySQL database
feb 14, 2026 3:16:42 A. M. com.billing.service.ClientService <init>
INFO: ClientService initialized with PartyRepository
feb 14, 2026 3:16:42 A. M. com.billing.service.SupplierService <init>
INFO: SupplierService initialized with PartyRepository
feb 14, 2026 3:16:44 A. M. com.billing.main.MainApplication lambda$0
INFO: Application started successfully with MySQL database
feb 14, 2026 3:16:54 A. M. com.billing.main.MainApplication main
INFO: Initializing Hibernate with MySQL database...
feb 14, 2026 3:16:54 A. M. com.billing.util.HibernateUtil initializeSessionFactory
INFO: Initializing Hibernate SessionFactory with hibernate.cfg.xml...
feb 14, 2026 3:16:54 A. M. com.billing.util.HibernateUtil initializeSessionFactory
INFO: Configuration file found at: file:/C:/Users/albag/Documents/2o/ACCESO%20DATOS/TEMA%203/Hibernate/target/classes/hibernate.cfg.xml
feb 14, 2026 3:16:56 A. M. com.billing.util.HibernateUtil initializeSessionFactory
INFO: Hibernate SessionFactory initialized successfully for MySQL database
feb 14, 2026 3:16:57 A. M. com.billing.service.ClientService <init>
INFO: ClientService initialized with PartyRepository
feb 14, 2026 3:16:57 A. M. com.billing.service.SupplierService <init>
INFO: SupplierService initialized with PartyRepository
feb 14, 2026 3:16:58 A. M. com.billing.main.MainApplication lambda$0
INFO: Application started successfully with MySQL database
feb 14, 2026 3:18:10 A. M. com.billing.main.MainApplication main
INFO: Initializing Hibernate with MySQL database...
feb 14, 2026 3:18:10 A. M. com.billing.util.HibernateUtil initializeSessionFactory
INFO: Initializing Hibernate SessionFactory with hibernate.cfg.xml...
feb 14, 2026 3:18:10 A. M. com.billing.util.HibernateUtil initializeSessionFactory
INFO: Configuration file found at: file:/C:/Users/albag/Documents/2o/ACCESO%20DATOS/TEMA%203/Hibernate/target/classes/hibernate.cfg.xml
feb 14, 2026 3:18:13 A. M. com.billing.util.HibernateUtil initializeSessionFactory
INFO: Hibernate SessionFactory initialized successfully for MySQL database
feb 14, 2026 3:18:13 A. M. com.billing.service.ClientService <init>
INFO: ClientService initialized with PartyRepository
feb 14, 2026 3:18:13 A. M. com.billing.service.SupplierService <init>
INFO: SupplierService initialized with PartyRepository
feb 14, 2026 3:18:15 A. M. com.billing.main.MainApplication lambda$0
INFO: Application started successfully with MySQL database
feb 14, 2026 3:19:25 A. M. com.billing.main.MainApplication main
INFO: Initializing Hibernate with MySQL database...
feb 14, 2026 3:19:25 A. M. com.billing.util.HibernateUtil initializeSessionFactory
INFO: Initializing Hibernate SessionFactory with hibernate.cfg.xml...
feb 14, 2026 3:19:25 A. M. com.billing.util.HibernateUtil initializeSessionFactory
INFO: Configuration file found at: file:/C:/Users/albag/Documents/2o/ACCESO%20DATOS/TEMA%203/Hibernate/target/classes/hibernate.cfg.xml
feb 14, 2026 3:19:29 A. M. com.billing.util.HibernateUtil initializeSessionFactory
INFO: Hibernate SessionFactory initialized successfully for MySQL database
feb 14, 2026 3:19:29 A. M. com.billing.service.ClientService <init>
INFO: ClientService initialized with PartyRepository
feb 14, 2026 3:19:29 A. M. com.billing.service.SupplierService <init>
INFO: SupplierService initialized with PartyRepository
feb 14, 2026 3:19:30 A. M. com.billing.main.MainApplication lambda$0
INFO: Application started successfully with MySQL database
feb 14, 2026 3:40:47 A. M. com.billing.main.MainApplication main
INFO: Initializing Hibernate with MySQL database...
feb 14, 2026 3:40:47 A. M. com.billing.util.HibernateUtil initializeSessionFactory
INFO: Initializing Hibernate SessionFactory with hibernate.cfg.xml...
feb 14, 2026 3:40:47 A. M. com.billing.util.HibernateUtil initializeSessionFactory
INFO: Configuration file found at: file:/C:/Users/albag/Documents/2o/ACCESO%20DATOS/TEMA%203/Hibernate/target/classes/hibernate.cfg.xml
feb 14, 2026 3:40:49 A. M. com.billing.util.HibernateUtil initializeSessionFactory
INFO: Hibernate SessionFactory initialized successfully for MySQL database
feb 14, 2026 3:40:49 A. M. com.billing.service.ClientService <init>
INFO: ClientService initialized with PartyRepository
feb 14, 2026 3:40:49 A. M. com.billing.service.SupplierService <init>
INFO: SupplierService initialized with PartyRepository
feb 14, 2026 3:40:51 A. M. com.billing.main.MainApplication lambda$0
INFO: Application started successfully with MySQL database
feb 14, 2026 3:43:43 A. M. com.billing.main.MainApplication main
INFO: Initializing Hibernate with MySQL database...
feb 14, 2026 3:43:43 A. M. com.billing.util.HibernateUtil initializeSessionFactory
INFO: Initializing Hibernate SessionFactory with hibernate.cfg.xml...
feb 14, 2026 3:43:43 A. M. com.billing.util.HibernateUtil initializeSessionFactory
INFO: Configuration file found at: file:/C:/Users/albag/Documents/2o/ACCESO%20DATOS/TEMA%203/Hibernate/target/classes/hibernate.cfg.xml
feb 14, 2026 3:43:45 A. M. com.billing.util.HibernateUtil initializeSessionFactory
INFO: Hibernate SessionFactory initialized successfully for MySQL database
feb 14, 2026 3:43:45 A. M. com.billing.service.ClientService <init>
INFO: ClientService initialized with PartyRepository
feb 14, 2026 3:43:45 A. M. com.billing.service.SupplierService <init>
INFO: SupplierService initialized with PartyRepository
feb 14, 2026 3:43:46 A. M. com.billing.main.MainApplication lambda$0
INFO: Application started successfully with MySQL database
feb 14, 2026 3:44:27 A. M. com.billing.main.MainApplication main
INFO: Initializing Hibernate with MySQL database...
feb 14, 2026 3:44:27 A. M. com.billing.util.HibernateUtil initializeSessionFactory
INFO: Initializing Hibernate SessionFactory with hibernate.cfg.xml...
feb 14, 2026 3:44:27 A. M. com.billing.util.HibernateUtil initializeSessionFactory
INFO: Configuration file found at: file:/C:/Users/albag/Documents/2o/ACCESO%20DATOS/TEMA%203/Hibernate/target/classes/hibernate.cfg.xml
feb 14, 2026 3:44:30 A. M. com.billing.util.HibernateUtil initializeSessionFactory
INFO: Hibernate SessionFactory initialized successfully for MySQL database
feb 14, 2026 3:44:30 A. M. com.billing.service.ClientService <init>
INFO: ClientService initialized with PartyRepository
feb 14, 2026 3:44:30 A. M. com.billing.service.SupplierService <init>
INFO: SupplierService initialized with PartyRepository
feb 14, 2026 3:44:32 A. M. com.billing.main.MainApplication lambda$0
INFO: Application started successfully with MySQL database
feb 14, 2026 4:15:00 A. M. com.billing.main.MainApplication main
INFO: Initializing Hibernate with MySQL database...
feb 14, 2026 4:15:00 A. M. com.billing.util.HibernateUtil initializeSessionFactory
INFO: Initializing Hibernate SessionFactory with hibernate.cfg.xml...
feb 14, 2026 4:15:00 A. M. com.billing.util.HibernateUtil initializeSessionFactory
INFO: Configuration file found at: file:/C:/Users/albag/Documents/2o/ACCESO%20DATOS/TEMA%203/Hibernate/target/classes/hibernate.cfg.xml
feb 14, 2026 4:15:02 A. M. com.billing.util.HibernateUtil initializeSessionFactory
SEVERE: Hibernate error during SessionFactory creation: Schema-validation: missing column [bank_account_number] in table [client]
feb 14, 2026 4:15:02 A. M. com.billing.repository.RepositoryFactory createPartyRepository
WARNING: Party repository requires Hibernate but SessionFactory is not initialized
feb 14, 2026 4:15:02 A. M. com.billing.service.ClientService <init>
INFO: ClientService initialized with PartyRepository
feb 14, 2026 4:15:02 A. M. com.billing.repository.RepositoryFactory createItemRepository
WARNING: Item repository requires Hibernate but SessionFactory is not initialized
feb 14, 2026 4:15:02 A. M. com.billing.repository.RepositoryFactory createPartyRepository
WARNING: Party repository requires Hibernate but SessionFactory is not initialized
feb 14, 2026 4:15:02 A. M. com.billing.repository.RepositoryFactory createPartyRepository
WARNING: Party repository requires Hibernate but SessionFactory is not initialized
feb 14, 2026 4:15:02 A. M. com.billing.service.SupplierService <init>
INFO: SupplierService initialized with PartyRepository
feb 14, 2026 4:15:02 A. M. com.billing.util.HibernateUtil initializeSessionFactory
INFO: Initializing Hibernate SessionFactory with hibernate.cfg.xml...
feb 14, 2026 4:15:02 A. M. com.billing.util.HibernateUtil initializeSessionFactory
INFO: Configuration file found at: file:/C:/Users/albag/Documents/2o/ACCESO%20DATOS/TEMA%203/Hibernate/target/classes/hibernate.cfg.xml
feb 14, 2026 4:15:03 A. M. com.billing.util.HibernateUtil initializeSessionFactory
SEVERE: Hibernate error during SessionFactory creation: Schema-validation: missing column [bank_account_number] in table [client]
feb 14, 2026 4:15:06 A. M. com.billing.util.HibernateUtil initializeSessionFactory
INFO: Initializing Hibernate SessionFactory with hibernate.cfg.xml...
feb 14, 2026 4:15:06 A. M. com.billing.util.HibernateUtil initializeSessionFactory
INFO: Configuration file found at: file:/C:/Users/albag/Documents/2o/ACCESO%20DATOS/TEMA%203/Hibernate/target/classes/hibernate.cfg.xml
feb 14, 2026 4:15:06 A. M. com.billing.util.HibernateUtil initializeSessionFactory
SEVERE: Hibernate error during SessionFactory creation: Schema-validation: missing column [bank_account_number] in table [client]
feb 14, 2026 4:15:06 A. M. com.billing.util.HibernateUtil initializeSessionFactory
INFO: Initializing Hibernate SessionFactory with hibernate.cfg.xml...
feb 14, 2026 4:15:06 A. M. com.billing.util.HibernateUtil initializeSessionFactory
INFO: Configuration file found at: file:/C:/Users/albag/Documents/2o/ACCESO%20DATOS/TEMA%203/Hibernate/target/classes/hibernate.cfg.xml
feb 14, 2026 4:15:07 A. M. com.billing.util.HibernateUtil initializeSessionFactory
SEVERE: Hibernate error during SessionFactory creation: Schema-validation: missing column [bank_account_number] in table [client]
feb 14, 2026 4:15:07 A. M. com.billing.gui.ItemManagementPanel applyFilters
SEVERE: Error applying filters: Cannot invoke "org.hibernate.SessionFactory.getCurrentSession()" because the return value of "com.billing.util.HibernateUtil.getSessionFactory()" is null
feb 14, 2026 4:15:08 A. M. com.billing.util.HibernateUtil initializeSessionFactory
INFO: Initializing Hibernate SessionFactory with hibernate.cfg.xml...
feb 14, 2026 4:15:08 A. M. com.billing.util.HibernateUtil initializeSessionFactory
INFO: Configuration file found at: file:/C:/Users/albag/Documents/2o/ACCESO%20DATOS/TEMA%203/Hibernate/target/classes/hibernate.cfg.xml
feb 14, 2026 4:15:08 A. M. com.billing.util.HibernateUtil initializeSessionFactory
SEVERE: Hibernate error during SessionFactory creation: Schema-validation: missing column [bank_account_number] in table [client]
feb 14, 2026 4:15:08 A. M. com.billing.gui.ItemManagementPanel updateCountLabels
WARNING: Error updating count labels: Cannot invoke "org.hibernate.SessionFactory.getCurrentSession()" because the return value of "com.billing.util.HibernateUtil.getSessionFactory()" is null
feb 14, 2026 4:15:08 A. M. com.billing.util.HibernateUtil initializeSessionFactory
INFO: Initializing Hibernate SessionFactory with hibernate.cfg.xml...
feb 14, 2026 4:15:08 A. M. com.billing.util.HibernateUtil initializeSessionFactory
INFO: Configuration file found at: file:/C:/Users/albag/Documents/2o/ACCESO%20DATOS/TEMA%203/Hibernate/target/classes/hibernate.cfg.xml
feb 14, 2026 4:15:08 A. M. com.billing.util.HibernateUtil initializeSessionFactory
SEVERE: Hibernate error during SessionFactory creation: Schema-validation: missing column [bank_account_number] in table [client]
feb 14, 2026 4:15:08 A. M. com.billing.main.MainApplication lambda$0
SEVERE: Error starting application: Cannot invoke "org.hibernate.SessionFactory.getCurrentSession()" because the return value of "com.billing.util.HibernateUtil.getSessionFactory()" is null
feb 14, 2026 4:20:03 A. M. com.billing.main.MainApplication main
INFO: Initializing Hibernate with MySQL database...
feb 14, 2026 4:20:03 A. M. com.billing.util.HibernateUtil initializeSessionFactory
INFO: Initializing Hibernate SessionFactory with hibernate.cfg.xml...
feb 14, 2026 4:20:03 A. M. com.billing.util.HibernateUtil initializeSessionFactory
INFO: Configuration file found at: file:/C:/Users/albag/Documents/2o/ACCESO%20DATOS/TEMA%203/Hibernate/target/classes/hibernate.cfg.xml
feb 14, 2026 4:20:05 A. M. com.billing.util.HibernateUtil initializeSessionFactory
SEVERE: Hibernate error during SessionFactory creation: Schema-validation: missing column [taxRate] in table [document_line]
feb 14, 2026 4:20:06 A. M. com.billing.repository.RepositoryFactory createPartyRepository
WARNING: Party repository requires Hibernate but SessionFactory is not initialized
feb 14, 2026 4:20:06 A. M. com.billing.service.ClientService <init>
INFO: ClientService initialized with PartyRepository
feb 14, 2026 4:20:06 A. M. com.billing.repository.RepositoryFactory createItemRepository
WARNING: Item repository requires Hibernate but SessionFactory is not initialized
feb 14, 2026 4:20:06 A. M. com.billing.repository.RepositoryFactory createPartyRepository
WARNING: Party repository requires Hibernate but SessionFactory is not initialized
feb 14, 2026 4:20:06 A. M. com.billing.repository.RepositoryFactory createPartyRepository
WARNING: Party repository requires Hibernate but SessionFactory is not initialized
feb 14, 2026 4:20:06 A. M. com.billing.service.SupplierService <init>
INFO: SupplierService initialized with PartyRepository
feb 14, 2026 4:20:06 A. M. com.billing.util.HibernateUtil initializeSessionFactory
INFO: Initializing Hibernate SessionFactory with hibernate.cfg.xml...
feb 14, 2026 4:20:06 A. M. com.billing.util.HibernateUtil initializeSessionFactory
INFO: Configuration file found at: file:/C:/Users/albag/Documents/2o/ACCESO%20DATOS/TEMA%203/Hibernate/target/classes/hibernate.cfg.xml
feb 14, 2026 4:20:06 A. M. com.billing.util.HibernateUtil initializeSessionFactory
SEVERE: Hibernate error during SessionFactory creation: Schema-validation: missing column [taxRate] in table [document_line]
feb 14, 2026 4:20:12 A. M. com.billing.util.HibernateUtil initializeSessionFactory
INFO: Initializing Hibernate SessionFactory with hibernate.cfg.xml...
feb 14, 2026 4:20:12 A. M. com.billing.util.HibernateUtil initializeSessionFactory
INFO: Configuration file found at: file:/C:/Users/albag/Documents/2o/ACCESO%20DATOS/TEMA%203/Hibernate/target/classes/hibernate.cfg.xml
feb 14, 2026 4:20:13 A. M. com.billing.util.HibernateUtil initializeSessionFactory
SEVERE: Hibernate error during SessionFactory creation: Schema-validation: missing column [taxRate] in table [document_line]
feb 14, 2026 4:20:13 A. M. com.billing.util.HibernateUtil initializeSessionFactory
INFO: Initializing Hibernate SessionFactory with hibernate.cfg.xml...
feb 14, 2026 4:20:13 A. M. com.billing.util.HibernateUtil initializeSessionFactory
INFO: Configuration file found at: file:/C:/Users/albag/Documents/2o/ACCESO%20DATOS/TEMA%203/Hibernate/target/classes/hibernate.cfg.xml
feb 14, 2026 4:20:13 A. M. com.billing.util.HibernateUtil initializeSessionFactory
SEVERE: Hibernate error during SessionFactory creation: Schema-validation: missing column [taxRate] in table [document_line]
feb 14, 2026 4:20:13 A. M. com.billing.gui.ItemManagementPanel applyFilters
SEVERE: Error applying filters: Cannot invoke "org.hibernate.SessionFactory.getCurrentSession()" because the return value of "com.billing.util.HibernateUtil.getSessionFactory()" is null
feb 14, 2026 4:20:15 A. M. com.billing.util.HibernateUtil initializeSessionFactory
INFO: Initializing Hibernate SessionFactory with hibernate.cfg.xml...
feb 14, 2026 4:20:15 A. M. com.billing.util.HibernateUtil initializeSessionFactory
INFO: Configuration file found at: file:/C:/Users/albag/Documents/2o/ACCESO%20DATOS/TEMA%203/Hibernate/target/classes/hibernate.cfg.xml
feb 14, 2026 4:20:15 A. M. com.billing.util.HibernateUtil initializeSessionFactory
SEVERE: Hibernate error during SessionFactory creation: Schema-validation: missing column [taxRate] in table [document_line]
feb 14, 2026 4:20:15 A. M. com.billing.gui.ItemManagementPanel updateCountLabels
WARNING: Error updating count labels: Cannot invoke "org.hibernate.SessionFactory.getCurrentSession()" because the return value of "com.billing.util.HibernateUtil.getSessionFactory()" is null
feb 14, 2026 4:20:15 A. M. com.billing.util.HibernateUtil initializeSessionFactory
INFO: Initializing Hibernate SessionFactory with hibernate.cfg.xml...
feb 14, 2026 4:20:15 A. M. com.billing.util.HibernateUtil initializeSessionFactory
INFO: Configuration file found at: file:/C:/Users/albag/Documents/2o/ACCESO%20DATOS/TEMA%203/Hibernate/target/classes/hibernate.cfg.xml
feb 14, 2026 4:20:15 A. M. com.billing.util.HibernateUtil initializeSessionFactory
SEVERE: Hibernate error during SessionFactory creation: Schema-validation: missing column [taxRate] in table [document_line]
feb 14, 2026 4:20:15 A. M. com.billing.main.MainApplication lambda$0
SEVERE: Error starting application: Cannot invoke "org.hibernate.SessionFactory.getCurrentSession()" because the return value of "com.billing.util.HibernateUtil.getSessionFactory()" is null
feb 14, 2026 4:23:46 A. M. com.billing.main.MainApplication main
INFO: Initializing Hibernate with MySQL database...
feb 14, 2026 4:23:46 A. M. com.billing.util.HibernateUtil initializeSessionFactory
INFO: Initializing Hibernate SessionFactory with hibernate.cfg.xml...
feb 14, 2026 4:23:46 A. M. com.billing.util.HibernateUtil initializeSessionFactory
INFO: Configuration file found at: file:/C:/Users/albag/Documents/2o/ACCESO%20DATOS/TEMA%203/Hibernate/target/classes/hibernate.cfg.xml
feb 14, 2026 4:23:48 A. M. com.billing.util.HibernateUtil initializeSessionFactory
SEVERE: Hibernate error during SessionFactory creation: Schema-validation: missing column [image] in table [item]
feb 14, 2026 4:23:48 A. M. com.billing.repository.RepositoryFactory createPartyRepository
WARNING: Party repository requires Hibernate but SessionFactory is not initialized
feb 14, 2026 4:23:48 A. M. com.billing.service.ClientService <init>
INFO: ClientService initialized with PartyRepository
feb 14, 2026 4:23:48 A. M. com.billing.repository.RepositoryFactory createItemRepository
WARNING: Item repository requires Hibernate but SessionFactory is not initialized
feb 14, 2026 4:23:48 A. M. com.billing.repository.RepositoryFactory createPartyRepository
WARNING: Party repository requires Hibernate but SessionFactory is not initialized
feb 14, 2026 4:23:48 A. M. com.billing.repository.RepositoryFactory createPartyRepository
WARNING: Party repository requires Hibernate but SessionFactory is not initialized
feb 14, 2026 4:23:48 A. M. com.billing.service.SupplierService <init>
INFO: SupplierService initialized with PartyRepository
feb 14, 2026 4:23:48 A. M. com.billing.util.HibernateUtil initializeSessionFactory
INFO: Initializing Hibernate SessionFactory with hibernate.cfg.xml...
feb 14, 2026 4:23:48 A. M. com.billing.util.HibernateUtil initializeSessionFactory
INFO: Configuration file found at: file:/C:/Users/albag/Documents/2o/ACCESO%20DATOS/TEMA%203/Hibernate/target/classes/hibernate.cfg.xml
feb 14, 2026 4:23:48 A. M. com.billing.util.HibernateUtil initializeSessionFactory
SEVERE: Hibernate error during SessionFactory creation: Schema-validation: missing column [image] in table [item]
feb 14, 2026 4:25:06 A. M. com.billing.main.MainApplication main
INFO: Initializing Hibernate with MySQL database...
feb 14, 2026 4:25:06 A. M. com.billing.util.HibernateUtil initializeSessionFactory
INFO: Initializing Hibernate SessionFactory with hibernate.cfg.xml...
feb 14, 2026 4:25:06 A. M. com.billing.util.HibernateUtil initializeSessionFactory
INFO: Configuration file found at: file:/C:/Users/albag/Documents/2o/ACCESO%20DATOS/TEMA%203/Hibernate/target/classes/hibernate.cfg.xml
feb 14, 2026 4:25:08 A. M. com.billing.util.HibernateUtil initializeSessionFactory
SEVERE: Hibernate error during SessionFactory creation: Schema-validation: missing table [item_categories]
feb 14, 2026 4:25:08 A. M. com.billing.repository.RepositoryFactory createPartyRepository
WARNING: Party repository requires Hibernate but SessionFactory is not initialized
feb 14, 2026 4:25:08 A. M. com.billing.service.ClientService <init>
INFO: ClientService initialized with PartyRepository
feb 14, 2026 4:25:08 A. M. com.billing.repository.RepositoryFactory createItemRepository
WARNING: Item repository requires Hibernate but SessionFactory is not initialized
feb 14, 2026 4:25:08 A. M. com.billing.repository.RepositoryFactory createPartyRepository
WARNING: Party repository requires Hibernate but SessionFactory is not initialized
feb 14, 2026 4:25:08 A. M. com.billing.repository.RepositoryFactory createPartyRepository
WARNING: Party repository requires Hibernate but SessionFactory is not initialized
feb 14, 2026 4:25:08 A. M. com.billing.service.SupplierService <init>
INFO: SupplierService initialized with PartyRepository
feb 14, 2026 4:25:08 A. M. com.billing.util.HibernateUtil initializeSessionFactory
INFO: Initializing Hibernate SessionFactory with hibernate.cfg.xml...
feb 14, 2026 4:25:08 A. M. com.billing.util.HibernateUtil initializeSessionFactory
INFO: Configuration file found at: file:/C:/Users/albag/Documents/2o/ACCESO%20DATOS/TEMA%203/Hibernate/target/classes/hibernate.cfg.xml
feb 14, 2026 4:25:08 A. M. com.billing.util.HibernateUtil initializeSessionFactory
SEVERE: Hibernate error during SessionFactory creation: Schema-validation: missing table [item_categories]
feb 14, 2026 4:25:12 A. M. com.billing.util.HibernateUtil initializeSessionFactory
INFO: Initializing Hibernate SessionFactory with hibernate.cfg.xml...
feb 14, 2026 4:25:12 A. M. com.billing.util.HibernateUtil initializeSessionFactory
INFO: Configuration file found at: file:/C:/Users/albag/Documents/2o/ACCESO%20DATOS/TEMA%203/Hibernate/target/classes/hibernate.cfg.xml
feb 14, 2026 4:25:12 A. M. com.billing.util.HibernateUtil initializeSessionFactory
SEVERE: Hibernate error during SessionFactory creation: Schema-validation: missing table [item_categories]
feb 14, 2026 4:25:12 A. M. com.billing.util.HibernateUtil initializeSessionFactory
INFO: Initializing Hibernate SessionFactory with hibernate.cfg.xml...
feb 14, 2026 4:25:12 A. M. com.billing.util.HibernateUtil initializeSessionFactory
INFO: Configuration file found at: file:/C:/Users/albag/Documents/2o/ACCESO%20DATOS/TEMA%203/Hibernate/target/classes/hibernate.cfg.xml
feb 14, 2026 4:25:12 A. M. com.billing.util.HibernateUtil initializeSessionFactory
SEVERE: Hibernate error during SessionFactory creation: Schema-validation: missing table [item_categories]
feb 14, 2026 4:25:12 A. M. com.billing.gui.ItemManagementPanel applyFilters
SEVERE: Error applying filters: Cannot invoke "org.hibernate.SessionFactory.getCurrentSession()" because the return value of "com.billing.util.HibernateUtil.getSessionFactory()" is null
feb 14, 2026 4:25:14 A. M. com.billing.util.HibernateUtil initializeSessionFactory
INFO: Initializing Hibernate SessionFactory with hibernate.cfg.xml...
feb 14, 2026 4:25:14 A. M. com.billing.util.HibernateUtil initializeSessionFactory
INFO: Configuration file found at: file:/C:/Users/albag/Documents/2o/ACCESO%20DATOS/TEMA%203/Hibernate/target/classes/hibernate.cfg.xml
feb 14, 2026 4:25:14 A. M. com.billing.util.HibernateUtil initializeSessionFactory
SEVERE: Hibernate error during SessionFactory creation: Schema-validation: missing table [item_categories]
feb 14, 2026 4:25:14 A. M. com.billing.gui.ItemManagementPanel updateCountLabels
WARNING: Error updating count labels: Cannot invoke "org.hibernate.SessionFactory.getCurrentSession()" because the return value of "com.billing.util.HibernateUtil.getSessionFactory()" is null
feb 14, 2026 4:25:14 A. M. com.billing.util.HibernateUtil initializeSessionFactory
INFO: Initializing Hibernate SessionFactory with hibernate.cfg.xml...
feb 14, 2026 4:25:14 A. M. com.billing.util.HibernateUtil initializeSessionFactory
INFO: Configuration file found at: file:/C:/Users/albag/Documents/2o/ACCESO%20DATOS/TEMA%203/Hibernate/target/classes/hibernate.cfg.xml
feb 14, 2026 4:25:14 A. M. com.billing.util.HibernateUtil initializeSessionFactory
SEVERE: Hibernate error during SessionFactory creation: Schema-validation: missing table [item_categories]
feb 14, 2026 4:25:14 A. M. com.billing.main.MainApplication lambda$0
SEVERE: Error starting application: Cannot invoke "org.hibernate.SessionFactory.getCurrentSession()" because the return value of "com.billing.util.HibernateUtil.getSessionFactory()" is null
feb 14, 2026 4:27:32 A. M. com.billing.main.MainApplication main
INFO: Initializing Hibernate with MySQL database...
feb 14, 2026 4:27:32 A. M. com.billing.util.HibernateUtil initializeSessionFactory
INFO: Initializing Hibernate SessionFactory with hibernate.cfg.xml...
feb 14, 2026 4:27:32 A. M. com.billing.util.HibernateUtil initializeSessionFactory
INFO: Configuration file found at: file:/C:/Users/albag/Documents/2o/ACCESO%20DATOS/TEMA%203/Hibernate/target/classes/hibernate.cfg.xml
feb 14, 2026 4:27:36 A. M. com.billing.util.HibernateUtil initializeSessionFactory
INFO: Hibernate SessionFactory initialized successfully for MySQL database
feb 14, 2026 4:27:36 A. M. com.billing.service.ClientService <init>
INFO: ClientService initialized with PartyRepository
feb 14, 2026 4:27:36 A. M. com.billing.service.SupplierService <init>
INFO: SupplierService initialized with PartyRepository
feb 14, 2026 4:27:37 A. M. com.billing.main.MainApplication lambda$main$1
INFO: Application started successfully with MySQL database
feb 14, 2026 4:28:22 A. M. com.billing.main.MainApplication lambda$main$4
INFO: Shutting down application...
feb 14, 2026 4:37:05 A. M. com.billing.main.MainApplication main
INFO: Initializing Hibernate with MySQL database...
feb 14, 2026 4:37:05 A. M. com.billing.util.HibernateUtil initializeSessionFactory
INFO: Initializing Hibernate SessionFactory with hibernate.cfg.xml...
feb 14, 2026 4:37:05 A. M. com.billing.util.HibernateUtil initializeSessionFactory
INFO: Configuration file found at: file:/C:/Users/albag/Documents/2o/ACCESO%20DATOS/TEMA%203/Hibernate/target/classes/hibernate.cfg.xml
feb 14, 2026 4:37:08 A. M. com.billing.util.HibernateUtil initializeSessionFactory
SEVERE: Hibernate error during SessionFactory creation: Schema-validation: wrong column type encountered in column [id] in table [business_document]; found [bigint (Types#BIGINT)], but expecting [integer (Types#INTEGER)]
feb 14, 2026 4:37:08 A. M. com.billing.repository.RepositoryFactory createPartyRepository
WARNING: Party repository requires Hibernate but SessionFactory is not initialized
feb 14, 2026 4:37:08 A. M. com.billing.service.ClientService <init>
INFO: ClientService initialized with PartyRepository
feb 14, 2026 4:37:08 A. M. com.billing.repository.RepositoryFactory createItemRepository
WARNING: Item repository requires Hibernate but SessionFactory is not initialized
feb 14, 2026 4:37:08 A. M. com.billing.repository.RepositoryFactory createPartyRepository
WARNING: Party repository requires Hibernate but SessionFactory is not initialized
feb 14, 2026 4:37:08 A. M. com.billing.repository.RepositoryFactory createPartyRepository
WARNING: Party repository requires Hibernate but SessionFactory is not initialized
feb 14, 2026 4:37:08 A. M. com.billing.service.SupplierService <init>
INFO: SupplierService initialized with PartyRepository
feb 14, 2026 4:37:08 A. M. com.billing.util.HibernateUtil initializeSessionFactory
INFO: Initializing Hibernate SessionFactory with hibernate.cfg.xml...
feb 14, 2026 4:37:08 A. M. com.billing.util.HibernateUtil initializeSessionFactory
INFO: Configuration file found at: file:/C:/Users/albag/Documents/2o/ACCESO%20DATOS/TEMA%203/Hibernate/target/classes/hibernate.cfg.xml
feb 14, 2026 4:37:08 A. M. com.billing.util.HibernateUtil initializeSessionFactory
SEVERE: Hibernate error during SessionFactory creation: Schema-validation: wrong column type encountered in column [id] in table [business_document]; found [bigint (Types#BIGINT)], but expecting [integer (Types#INTEGER)]
feb 14, 2026 4:37:17 A. M. com.billing.util.HibernateUtil initializeSessionFactory
INFO: Initializing Hibernate SessionFactory with hibernate.cfg.xml...
feb 14, 2026 4:37:17 A. M. com.billing.util.HibernateUtil initializeSessionFactory
INFO: Configuration file found at: file:/C:/Users/albag/Documents/2o/ACCESO%20DATOS/TEMA%203/Hibernate/target/classes/hibernate.cfg.xml
feb 14, 2026 4:37:18 A. M. com.billing.util.HibernateUtil initializeSessionFactory
SEVERE: Hibernate error during SessionFactory creation: Schema-validation: wrong column type encountered in column [id] in table [business_document]; found [bigint (Types#BIGINT)], but expecting [integer (Types#INTEGER)]
feb 14, 2026 4:37:18 A. M. com.billing.util.HibernateUtil initializeSessionFactory
INFO: Initializing Hibernate SessionFactory with hibernate.cfg.xml...
feb 14, 2026 4:37:18 A. M. com.billing.util.HibernateUtil initializeSessionFactory
INFO: Configuration file found at: file:/C:/Users/albag/Documents/2o/ACCESO%20DATOS/TEMA%203/Hibernate/target/classes/hibernate.cfg.xml
feb 14, 2026 4:37:18 A. M. com.billing.util.HibernateUtil initializeSessionFactory
SEVERE: Hibernate error during SessionFactory creation: Schema-validation: wrong column type encountered in column [id] in table [business_document]; found [bigint (Types#BIGINT)], but expecting [integer (Types#INTEGER)]
feb 14, 2026 4:37:18 A. M. com.billing.gui.ItemManagementPanel applyFilters
SEVERE: Error applying filters: Cannot invoke "org.hibernate.SessionFactory.getCurrentSession()" because the return value of "com.billing.util.HibernateUtil.getSessionFactory()" is null
feb 14, 2026 4:37:20 A. M. com.billing.util.HibernateUtil initializeSessionFactory
INFO: Initializing Hibernate SessionFactory with hibernate.cfg.xml...
feb 14, 2026 4:37:20 A. M. com.billing.util.HibernateUtil initializeSessionFactory
INFO: Configuration file found at: file:/C:/Users/albag/Documents/2o/ACCESO%20DATOS/TEMA%203/Hibernate/target/classes/hibernate.cfg.xml
feb 14, 2026 4:37:20 A. M. com.billing.util.HibernateUtil initializeSessionFactory
SEVERE: Hibernate error during SessionFactory creation: Schema-validation: wrong column type encountered in column [id] in table [business_document]; found [bigint (Types#BIGINT)], but expecting [integer (Types#INTEGER)]
feb 14, 2026 4:37:20 A. M. com.billing.gui.ItemManagementPanel updateCountLabels
WARNING: Error updating count labels: Cannot invoke "org.hibernate.SessionFactory.getCurrentSession()" because the return value of "com.billing.util.HibernateUtil.getSessionFactory()" is null
feb 14, 2026 4:37:20 A. M. com.billing.util.HibernateUtil initializeSessionFactory
INFO: Initializing Hibernate SessionFactory with hibernate.cfg.xml...
feb 14, 2026 4:37:20 A. M. com.billing.util.HibernateUtil initializeSessionFactory
INFO: Configuration file found at: file:/C:/Users/albag/Documents/2o/ACCESO%20DATOS/TEMA%203/Hibernate/target/classes/hibernate.cfg.xml
feb 14, 2026 4:37:20 A. M. com.billing.util.HibernateUtil initializeSessionFactory
SEVERE: Hibernate error during SessionFactory creation: Schema-validation: wrong column type encountered in column [id] in table [business_document]; found [bigint (Types#BIGINT)], but expecting [integer (Types#INTEGER)]
feb 14, 2026 4:37:20 A. M. com.billing.main.MainApplication lambda$main$1
SEVERE: Error starting application: Cannot invoke "org.hibernate.SessionFactory.getCurrentSession()" because the return value of "com.billing.util.HibernateUtil.getSessionFactory()" is null
feb 14, 2026 4:41:05 A. M. com.billing.main.MainApplication main
INFO: Initializing Hibernate with MySQL database...
feb 14, 2026 4:41:05 A. M. com.billing.util.HibernateUtil initializeSessionFactory
INFO: Initializing Hibernate SessionFactory with hibernate.cfg.xml...
feb 14, 2026 4:41:05 A. M. com.billing.util.HibernateUtil initializeSessionFactory
INFO: Configuration file found at: file:/C:/Users/albag/Documents/2o/ACCESO%20DATOS/TEMA%203/Hibernate/target/classes/hibernate.cfg.xml
feb 14, 2026 4:41:05 A. M. org.hibernate.Version logVersion
INFO: HHH000412: Hibernate ORM core version 6.5.3.Final
feb 14, 2026 4:41:05 A. M. org.hibernate.cache.internal.RegionFactoryInitiator initiateService
INFO: HHH000026: Second-level cache disabled
feb 14, 2026 4:41:05 A. M. org.hibernate.engine.jdbc.connections.internal.DriverManagerConnectionProviderImpl configure
WARN: HHH10001002: Using built-in connection pool (not intended for production use)
feb 14, 2026 4:41:05 A. M. org.hibernate.engine.jdbc.connections.internal.DriverManagerConnectionProviderImpl buildCreator
INFO: HHH10001005: Loaded JDBC driver class: com.mysql.cj.jdbc.Driver
feb 14, 2026 4:41:05 A. M. org.hibernate.engine.jdbc.connections.internal.DriverManagerConnectionProviderImpl buildCreator
INFO: HHH10001012: Connecting with JDBC URL [jdbc:mysql://localhost:3306/facturacio?useSSL=false&serverTimezone=UTC&allowPublicKeyRetrieval=true]
feb 14, 2026 4:41:05 A. M. org.hibernate.engine.jdbc.connections.internal.DriverManagerConnectionProviderImpl buildCreator
INFO: HHH10001001: Connection properties: {password=****, user=usuario}
feb 14, 2026 4:41:05 A. M. org.hibernate.engine.jdbc.connections.internal.DriverManagerConnectionProviderImpl buildCreator
INFO: HHH10001003: Autocommit mode: false
feb 14, 2026 4:41:05 A. M. org.hibernate.engine.jdbc.connections.internal.DriverManagerConnectionProviderImpl$PooledConnections <init>
INFO: HHH10001115: Connection pool size: 1 (min=1)
feb 14, 2026 4:41:06 A. M. org.hibernate.engine.jdbc.dialect.internal.DialectFactoryImpl constructDialect
WARN: HHH90000025: MySQL8Dialect does not need to be specified explicitly using 'hibernate.dialect' (remove the property setting and it will be selected by default)
feb 14, 2026 4:41:06 A. M. org.hibernate.engine.jdbc.dialect.internal.DialectFactoryImpl logSelectedDialect
WARN: HHH90000026: MySQL8Dialect has been deprecated; use org.hibernate.dialect.MySQLDialect instead
feb 14, 2026 4:41:07 A. M. org.hibernate.resource.transaction.backend.jdbc.internal.DdlTransactionIsolatorNonJtaImpl getIsolatedConnection
INFO: HHH10001501: Connection obtained from JdbcConnectionAccess [org.hibernate.engine.jdbc.env.internal.JdbcEnvironmentInitiator$ConnectionProviderJdbcConnectionAccess@18db3b3c] for (non-JTA) DDL execution was not in auto-commit mode; the Connection 'local transaction' will be committed and the Connection will be set into auto-commit mode.
feb 14, 2026 4:41:07 A. M. org.hibernate.tool.schema.internal.ExceptionHandlerLoggedImpl handleException
WARN: GenerationTarget encountered exception accepting command : Error executing DDL "
    alter table business_document 
       modify column id integer not null auto_increment" via JDBC [Referencing column 'id' and referenced column 'id' in foreign key constraint 'delivery_note_ibfk_1' are incompatible.]
org.hibernate.tool.schema.spi.CommandAcceptanceException: Error executing DDL "
    alter table business_document 
       modify column id integer not null auto_increment" via JDBC [Referencing column 'id' and referenced column 'id' in foreign key constraint 'delivery_note_ibfk_1' are incompatible.]
	at org.hibernate.tool.schema.internal.exec.GenerationTargetToDatabase.accept(GenerationTargetToDatabase.java:94)
	at org.hibernate.tool.schema.internal.AbstractSchemaMigrator.applySqlString(AbstractSchemaMigrator.java:583)
	at org.hibernate.tool.schema.internal.AbstractSchemaMigrator.applySqlStrings(AbstractSchemaMigrator.java:523)
	at org.hibernate.tool.schema.internal.AbstractSchemaMigrator.migrateTable(AbstractSchemaMigrator.java:341)
	at org.hibernate.tool.schema.internal.GroupedSchemaMigratorImpl.performTablesMigration(GroupedSchemaMigratorImpl.java:84)
	at org.hibernate.tool.schema.internal.AbstractSchemaMigrator.performMigration(AbstractSchemaMigrator.java:240)
	at org.hibernate.tool.schema.internal.AbstractSchemaMigrator.doMigration(AbstractSchemaMigrator.java:119)
	at org.hibernate.tool.schema.spi.SchemaManagementToolCoordinator.performDatabaseAction(SchemaManagementToolCoordinator.java:280)
	at org.hibernate.tool.schema.spi.SchemaManagementToolCoordinator.lambda$process$5(SchemaManagementToolCoordinator.java:144)
	at java.base/java.util.HashMap.forEach(HashMap.java:1429)
	at org.hibernate.tool.schema.spi.SchemaManagementToolCoordinator.process(SchemaManagementToolCoordinator.java:141)
	at org.hibernate.boot.internal.SessionFactoryObserverForSchemaExport.sessionFactoryCreated(SessionFactoryObserverForSchemaExport.java:37)
	at org.hibernate.internal.SessionFactoryObserverChain.sessionFactoryCreated(SessionFactoryObserverChain.java:35)
	at org.hibernate.internal.SessionFactoryImpl.<init>(SessionFactoryImpl.java:322)
	at org.hibernate.boot.internal.SessionFactoryBuilderImpl.build(SessionFactoryBuilderImpl.java:457)
	at org.hibernate.cfg.Configuration.buildSessionFactory(Configuration.java:997)
	at org.hibernate.cfg.Configuration.buildSessionFactory(Configuration.java:1016)
	at com.billing.util.HibernateUtil.initializeSessionFactory(HibernateUtil.java:83)
	at com.billing.util.HibernateUtil.getSessionFactory(HibernateUtil.java:32)
	at com.billing.main.MainApplication.main(MainApplication.java:37)
Caused by: java.sql.SQLException: Referencing column 'id' and referenced column 'id' in foreign key constraint 'delivery_note_ibfk_1' are incompatible.
	at com.mysql.cj.jdbc.exceptions.SQLError.createSQLException(SQLError.java:130)
	at com.mysql.cj.jdbc.exceptions.SQLExceptionsMapping.translateException(SQLExceptionsMapping.java:122)
	at com.mysql.cj.jdbc.StatementImpl.executeInternal(StatementImpl.java:767)
	at com.mysql.cj.jdbc.StatementImpl.execute(StatementImpl.java:652)
	at org.hibernate.tool.schema.internal.exec.GenerationTargetToDatabase.accept(GenerationTargetToDatabase.java:80)
	... 19 more

feb 14, 2026 4:41:08 A. M. org.hibernate.tool.schema.internal.ExceptionHandlerLoggedImpl handleException
WARN: GenerationTarget encountered exception accepting command : Error executing DDL "
    alter table business_document 
       modify column party_id integer" via JDBC [Referencing column 'party_id' and referenced column 'id' in foreign key constraint 'business_document_ibfk_1' are incompatible.]
org.hibernate.tool.schema.spi.CommandAcceptanceException: Error executing DDL "
    alter table business_document 
       modify column party_id integer" via JDBC [Referencing column 'party_id' and referenced column 'id' in foreign key constraint 'business_document_ibfk_1' are incompatible.]
	at org.hibernate.tool.schema.internal.exec.GenerationTargetToDatabase.accept(GenerationTargetToDatabase.java:94)
	at org.hibernate.tool.schema.internal.AbstractSchemaMigrator.applySqlString(AbstractSchemaMigrator.java:583)
	at org.hibernate.tool.schema.internal.AbstractSchemaMigrator.applySqlStrings(AbstractSchemaMigrator.java:523)
	at org.hibernate.tool.schema.internal.AbstractSchemaMigrator.migrateTable(AbstractSchemaMigrator.java:341)
	at org.hibernate.tool.schema.internal.GroupedSchemaMigratorImpl.performTablesMigration(GroupedSchemaMigratorImpl.java:84)
	at org.hibernate.tool.schema.internal.AbstractSchemaMigrator.performMigration(AbstractSchemaMigrator.java:240)
	at org.hibernate.tool.schema.internal.AbstractSchemaMigrator.doMigration(AbstractSchemaMigrator.java:119)
	at org.hibernate.tool.schema.spi.SchemaManagementToolCoordinator.performDatabaseAction(SchemaManagementToolCoordinator.java:280)
	at org.hibernate.tool.schema.spi.SchemaManagementToolCoordinator.lambda$process$5(SchemaManagementToolCoordinator.java:144)
	at java.base/java.util.HashMap.forEach(HashMap.java:1429)
	at org.hibernate.tool.schema.spi.SchemaManagementToolCoordinator.process(SchemaManagementToolCoordinator.java:141)
	at org.hibernate.boot.internal.SessionFactoryObserverForSchemaExport.sessionFactoryCreated(SessionFactoryObserverForSchemaExport.java:37)
	at org.hibernate.internal.SessionFactoryObserverChain.sessionFactoryCreated(SessionFactoryObserverChain.java:35)
	at org.hibernate.internal.SessionFactoryImpl.<init>(SessionFactoryImpl.java:322)
	at org.hibernate.boot.internal.SessionFactoryBuilderImpl.build(SessionFactoryBuilderImpl.java:457)
	at org.hibernate.cfg.Configuration.buildSessionFactory(Configuration.java:997)
	at org.hibernate.cfg.Configuration.buildSessionFactory(Configuration.java:1016)
	at com.billing.util.HibernateUtil.initializeSessionFactory(HibernateUtil.java:83)
	at com.billing.util.HibernateUtil.getSessionFactory(HibernateUtil.java:32)
	at com.billing.main.MainApplication.main(MainApplication.java:37)
Caused by: java.sql.SQLException: Referencing column 'party_id' and referenced column 'id' in foreign key constraint 'business_document_ibfk_1' are incompatible.
	at com.mysql.cj.jdbc.exceptions.SQLError.createSQLException(SQLError.java:130)
	at com.mysql.cj.jdbc.exceptions.SQLExceptionsMapping.translateException(SQLExceptionsMapping.java:122)
	at com.mysql.cj.jdbc.StatementImpl.executeInternal(StatementImpl.java:767)
	at com.mysql.cj.jdbc.StatementImpl.execute(StatementImpl.java:652)
	at org.hibernate.tool.schema.internal.exec.GenerationTargetToDatabase.accept(GenerationTargetToDatabase.java:80)
	... 19 more

feb 14, 2026 4:41:08 A. M. org.hibernate.tool.schema.internal.ExceptionHandlerLoggedImpl handleException
WARN: GenerationTarget encountered exception accepting command : Error executing DDL "
    alter table client 
       modify column payment_method enum ('CHEQUE','DOMICILIACION_BANCARIA','EFECTIVO','TARJETA_CREDITO','TRANSFERENCIA_BANCARIA')" via JDBC [Data truncated for column 'payment_method' at row 1]
org.hibernate.tool.schema.spi.CommandAcceptanceException: Error executing DDL "
    alter table client 
       modify column payment_method enum ('CHEQUE','DOMICILIACION_BANCARIA','EFECTIVO','TARJETA_CREDITO','TRANSFERENCIA_BANCARIA')" via JDBC [Data truncated for column 'payment_method' at row 1]
	at org.hibernate.tool.schema.internal.exec.GenerationTargetToDatabase.accept(GenerationTargetToDatabase.java:94)
	at org.hibernate.tool.schema.internal.AbstractSchemaMigrator.applySqlString(AbstractSchemaMigrator.java:583)
	at org.hibernate.tool.schema.internal.AbstractSchemaMigrator.applySqlStrings(AbstractSchemaMigrator.java:523)
	at org.hibernate.tool.schema.internal.AbstractSchemaMigrator.migrateTable(AbstractSchemaMigrator.java:341)
	at org.hibernate.tool.schema.internal.GroupedSchemaMigratorImpl.performTablesMigration(GroupedSchemaMigratorImpl.java:84)
	at org.hibernate.tool.schema.internal.AbstractSchemaMigrator.performMigration(AbstractSchemaMigrator.java:240)
	at org.hibernate.tool.schema.internal.AbstractSchemaMigrator.doMigration(AbstractSchemaMigrator.java:119)
	at org.hibernate.tool.schema.spi.SchemaManagementToolCoordinator.performDatabaseAction(SchemaManagementToolCoordinator.java:280)
	at org.hibernate.tool.schema.spi.SchemaManagementToolCoordinator.lambda$process$5(SchemaManagementToolCoordinator.java:144)
	at java.base/java.util.HashMap.forEach(HashMap.java:1429)
	at org.hibernate.tool.schema.spi.SchemaManagementToolCoordinator.process(SchemaManagementToolCoordinator.java:141)
	at org.hibernate.boot.internal.SessionFactoryObserverForSchemaExport.sessionFactoryCreated(SessionFactoryObserverForSchemaExport.java:37)
	at org.hibernate.internal.SessionFactoryObserverChain.sessionFactoryCreated(SessionFactoryObserverChain.java:35)
	at org.hibernate.internal.SessionFactoryImpl.<init>(SessionFactoryImpl.java:322)
	at org.hibernate.boot.internal.SessionFactoryBuilderImpl.build(SessionFactoryBuilderImpl.java:457)
	at org.hibernate.cfg.Configuration.buildSessionFactory(Configuration.java:997)
	at org.hibernate.cfg.Configuration.buildSessionFactory(Configuration.java:1016)
	at com.billing.util.HibernateUtil.initializeSessionFactory(HibernateUtil.java:83)
	at com.billing.util.HibernateUtil.getSessionFactory(HibernateUtil.java:32)
	at com.billing.main.MainApplication.main(MainApplication.java:37)
Caused by: java.sql.SQLException: Data truncated for column 'payment_method' at row 1
	at com.mysql.cj.jdbc.exceptions.SQLError.createSQLException(SQLError.java:130)
	at com.mysql.cj.jdbc.exceptions.SQLExceptionsMapping.translateException(SQLExceptionsMapping.java:122)
	at com.mysql.cj.jdbc.StatementImpl.executeInternal(StatementImpl.java:767)
	at com.mysql.cj.jdbc.StatementImpl.execute(StatementImpl.java:652)
	at org.hibernate.tool.schema.internal.exec.GenerationTargetToDatabase.accept(GenerationTargetToDatabase.java:80)
	... 19 more

feb 14, 2026 4:41:08 A. M. org.hibernate.tool.schema.internal.ExceptionHandlerLoggedImpl handleException
WARN: GenerationTarget encountered exception accepting command : Error executing DDL "
    alter table client 
       modify column id integer not null" via JDBC [Referencing column 'id' and referenced column 'id' in foreign key constraint 'client_ibfk_1' are incompatible.]
org.hibernate.tool.schema.spi.CommandAcceptanceException: Error executing DDL "
    alter table client 
       modify column id integer not null" via JDBC [Referencing column 'id' and referenced column 'id' in foreign key constraint 'client_ibfk_1' are incompatible.]
	at org.hibernate.tool.schema.internal.exec.GenerationTargetToDatabase.accept(GenerationTargetToDatabase.java:94)
	at org.hibernate.tool.schema.internal.AbstractSchemaMigrator.applySqlString(AbstractSchemaMigrator.java:583)
	at org.hibernate.tool.schema.internal.AbstractSchemaMigrator.applySqlStrings(AbstractSchemaMigrator.java:523)
	at org.hibernate.tool.schema.internal.AbstractSchemaMigrator.migrateTable(AbstractSchemaMigrator.java:341)
	at org.hibernate.tool.schema.internal.GroupedSchemaMigratorImpl.performTablesMigration(GroupedSchemaMigratorImpl.java:84)
	at org.hibernate.tool.schema.internal.AbstractSchemaMigrator.performMigration(AbstractSchemaMigrator.java:240)
	at org.hibernate.tool.schema.internal.AbstractSchemaMigrator.doMigration(AbstractSchemaMigrator.java:119)
	at org.hibernate.tool.schema.spi.SchemaManagementToolCoordinator.performDatabaseAction(SchemaManagementToolCoordinator.java:280)
	at org.hibernate.tool.schema.spi.SchemaManagementToolCoordinator.lambda$process$5(SchemaManagementToolCoordinator.java:144)
	at java.base/java.util.HashMap.forEach(HashMap.java:1429)
	at org.hibernate.tool.schema.spi.SchemaManagementToolCoordinator.process(SchemaManagementToolCoordinator.java:141)
	at org.hibernate.boot.internal.SessionFactoryObserverForSchemaExport.sessionFactoryCreated(SessionFactoryObserverForSchemaExport.java:37)
	at org.hibernate.internal.SessionFactoryObserverChain.sessionFactoryCreated(SessionFactoryObserverChain.java:35)
	at org.hibernate.internal.SessionFactoryImpl.<init>(SessionFactoryImpl.java:322)
	at org.hibernate.boot.internal.SessionFactoryBuilderImpl.build(SessionFactoryBuilderImpl.java:457)
	at org.hibernate.cfg.Configuration.buildSessionFactory(Configuration.java:997)
	at org.hibernate.cfg.Configuration.buildSessionFactory(Configuration.java:1016)
	at com.billing.util.HibernateUtil.initializeSessionFactory(HibernateUtil.java:83)
	at com.billing.util.HibernateUtil.getSessionFactory(HibernateUtil.java:32)
	at com.billing.main.MainApplication.main(MainApplication.java:37)
Caused by: java.sql.SQLException: Referencing column 'id' and referenced column 'id' in foreign key constraint 'client_ibfk_1' are incompatible.
	at com.mysql.cj.jdbc.exceptions.SQLError.createSQLException(SQLError.java:130)
	at com.mysql.cj.jdbc.exceptions.SQLExceptionsMapping.translateException(SQLExceptionsMapping.java:122)
	at com.mysql.cj.jdbc.StatementImpl.executeInternal(StatementImpl.java:767)
	at com.mysql.cj.jdbc.StatementImpl.execute(StatementImpl.java:652)
	at org.hibernate.tool.schema.internal.exec.GenerationTargetToDatabase.accept(GenerationTargetToDatabase.java:80)
	... 19 more

feb 14, 2026 4:41:08 A. M. org.hibernate.tool.schema.internal.ExceptionHandlerLoggedImpl handleException
WARN: GenerationTarget encountered exception accepting command : Error executing DDL "
    alter table delivery_note 
       modify column id integer not null" via JDBC [Referencing column 'id' and referenced column 'id' in foreign key constraint 'delivery_note_ibfk_1' are incompatible.]
org.hibernate.tool.schema.spi.CommandAcceptanceException: Error executing DDL "
    alter table delivery_note 
       modify column id integer not null" via JDBC [Referencing column 'id' and referenced column 'id' in foreign key constraint 'delivery_note_ibfk_1' are incompatible.]
	at org.hibernate.tool.schema.internal.exec.GenerationTargetToDatabase.accept(GenerationTargetToDatabase.java:94)
	at org.hibernate.tool.schema.internal.AbstractSchemaMigrator.applySqlString(AbstractSchemaMigrator.java:583)
	at org.hibernate.tool.schema.internal.AbstractSchemaMigrator.applySqlStrings(AbstractSchemaMigrator.java:523)
	at org.hibernate.tool.schema.internal.AbstractSchemaMigrator.migrateTable(AbstractSchemaMigrator.java:341)
	at org.hibernate.tool.schema.internal.GroupedSchemaMigratorImpl.performTablesMigration(GroupedSchemaMigratorImpl.java:84)
	at org.hibernate.tool.schema.internal.AbstractSchemaMigrator.performMigration(AbstractSchemaMigrator.java:240)
	at org.hibernate.tool.schema.internal.AbstractSchemaMigrator.doMigration(AbstractSchemaMigrator.java:119)
	at org.hibernate.tool.schema.spi.SchemaManagementToolCoordinator.performDatabaseAction(SchemaManagementToolCoordinator.java:280)
	at org.hibernate.tool.schema.spi.SchemaManagementToolCoordinator.lambda$process$5(SchemaManagementToolCoordinator.java:144)
	at java.base/java.util.HashMap.forEach(HashMap.java:1429)
	at org.hibernate.tool.schema.spi.SchemaManagementToolCoordinator.process(SchemaManagementToolCoordinator.java:141)
	at org.hibernate.boot.internal.SessionFactoryObserverForSchemaExport.sessionFactoryCreated(SessionFactoryObserverForSchemaExport.java:37)
	at org.hibernate.internal.SessionFactoryObserverChain.sessionFactoryCreated(SessionFactoryObserverChain.java:35)
	at org.hibernate.internal.SessionFactoryImpl.<init>(SessionFactoryImpl.java:322)
	at org.hibernate.boot.internal.SessionFactoryBuilderImpl.build(SessionFactoryBuilderImpl.java:457)
	at org.hibernate.cfg.Configuration.buildSessionFactory(Configuration.java:997)
	at org.hibernate.cfg.Configuration.buildSessionFactory(Configuration.java:1016)
	at com.billing.util.HibernateUtil.initializeSessionFactory(HibernateUtil.java:83)
	at com.billing.util.HibernateUtil.getSessionFactory(HibernateUtil.java:32)
	at com.billing.main.MainApplication.main(MainApplication.java:37)
Caused by: java.sql.SQLException: Referencing column 'id' and referenced column 'id' in foreign key constraint 'delivery_note_ibfk_1' are incompatible.
	at com.mysql.cj.jdbc.exceptions.SQLError.createSQLException(SQLError.java:130)
	at com.mysql.cj.jdbc.exceptions.SQLExceptionsMapping.translateException(SQLExceptionsMapping.java:122)
	at com.mysql.cj.jdbc.StatementImpl.executeInternal(StatementImpl.java:767)
	at com.mysql.cj.jdbc.StatementImpl.execute(StatementImpl.java:652)
	at org.hibernate.tool.schema.internal.exec.GenerationTargetToDatabase.accept(GenerationTargetToDatabase.java:80)
	... 19 more

feb 14, 2026 4:41:08 A. M. org.hibernate.tool.schema.internal.ExceptionHandlerLoggedImpl handleException
WARN: GenerationTarget encountered exception accepting command : Error executing DDL "
    alter table document_line 
       modify column document_id integer" via JDBC [Referencing column 'document_id' and referenced column 'id' in foreign key constraint 'document_line_ibfk_1' are incompatible.]
org.hibernate.tool.schema.spi.CommandAcceptanceException: Error executing DDL "
    alter table document_line 
       modify column document_id integer" via JDBC [Referencing column 'document_id' and referenced column 'id' in foreign key constraint 'document_line_ibfk_1' are incompatible.]
	at org.hibernate.tool.schema.internal.exec.GenerationTargetToDatabase.accept(GenerationTargetToDatabase.java:94)
	at org.hibernate.tool.schema.internal.AbstractSchemaMigrator.applySqlString(AbstractSchemaMigrator.java:583)
	at org.hibernate.tool.schema.internal.AbstractSchemaMigrator.applySqlStrings(AbstractSchemaMigrator.java:523)
	at org.hibernate.tool.schema.internal.AbstractSchemaMigrator.migrateTable(AbstractSchemaMigrator.java:341)
	at org.hibernate.tool.schema.internal.GroupedSchemaMigratorImpl.performTablesMigration(GroupedSchemaMigratorImpl.java:84)
	at org.hibernate.tool.schema.internal.AbstractSchemaMigrator.performMigration(AbstractSchemaMigrator.java:240)
	at org.hibernate.tool.schema.internal.AbstractSchemaMigrator.doMigration(AbstractSchemaMigrator.java:119)
	at org.hibernate.tool.schema.spi.SchemaManagementToolCoordinator.performDatabaseAction(SchemaManagementToolCoordinator.java:280)
	at org.hibernate.tool.schema.spi.SchemaManagementToolCoordinator.lambda$process$5(SchemaManagementToolCoordinator.java:144)
	at java.base/java.util.HashMap.forEach(HashMap.java:1429)
	at org.hibernate.tool.schema.spi.SchemaManagementToolCoordinator.process(SchemaManagementToolCoordinator.java:141)
	at org.hibernate.boot.internal.SessionFactoryObserverForSchemaExport.sessionFactoryCreated(SessionFactoryObserverForSchemaExport.java:37)
	at org.hibernate.internal.SessionFactoryObserverChain.sessionFactoryCreated(SessionFactoryObserverChain.java:35)
	at org.hibernate.internal.SessionFactoryImpl.<init>(SessionFactoryImpl.java:322)
	at org.hibernate.boot.internal.SessionFactoryBuilderImpl.build(SessionFactoryBuilderImpl.java:457)
	at org.hibernate.cfg.Configuration.buildSessionFactory(Configuration.java:997)
	at org.hibernate.cfg.Configuration.buildSessionFactory(Configuration.java:1016)
	at com.billing.util.HibernateUtil.initializeSessionFactory(HibernateUtil.java:83)
	at com.billing.util.HibernateUtil.getSessionFactory(HibernateUtil.java:32)
	at com.billing.main.MainApplication.main(MainApplication.java:37)
Caused by: java.sql.SQLException: Referencing column 'document_id' and referenced column 'id' in foreign key constraint 'document_line_ibfk_1' are incompatible.
	at com.mysql.cj.jdbc.exceptions.SQLError.createSQLException(SQLError.java:130)
	at com.mysql.cj.jdbc.exceptions.SQLExceptionsMapping.translateException(SQLExceptionsMapping.java:122)
	at com.mysql.cj.jdbc.StatementImpl.executeInternal(StatementImpl.java:767)
	at com.mysql.cj.jdbc.StatementImpl.execute(StatementImpl.java:652)
	at org.hibernate.tool.schema.internal.exec.GenerationTargetToDatabase.accept(GenerationTargetToDatabase.java:80)
	... 19 more

feb 14, 2026 4:41:08 A. M. org.hibernate.tool.schema.internal.ExceptionHandlerLoggedImpl handleException
WARN: GenerationTarget encountered exception accepting command : Error executing DDL "
    alter table document_line 
       modify column item_id integer" via JDBC [Referencing column 'item_id' and referenced column 'id' in foreign key constraint 'document_line_ibfk_2' are incompatible.]
org.hibernate.tool.schema.spi.CommandAcceptanceException: Error executing DDL "
    alter table document_line 
       modify column item_id integer" via JDBC [Referencing column 'item_id' and referenced column 'id' in foreign key constraint 'document_line_ibfk_2' are incompatible.]
	at org.hibernate.tool.schema.internal.exec.GenerationTargetToDatabase.accept(GenerationTargetToDatabase.java:94)
	at org.hibernate.tool.schema.internal.AbstractSchemaMigrator.applySqlString(AbstractSchemaMigrator.java:583)
	at org.hibernate.tool.schema.internal.AbstractSchemaMigrator.applySqlStrings(AbstractSchemaMigrator.java:523)
	at org.hibernate.tool.schema.internal.AbstractSchemaMigrator.migrateTable(AbstractSchemaMigrator.java:341)
	at org.hibernate.tool.schema.internal.GroupedSchemaMigratorImpl.performTablesMigration(GroupedSchemaMigratorImpl.java:84)
	at org.hibernate.tool.schema.internal.AbstractSchemaMigrator.performMigration(AbstractSchemaMigrator.java:240)
	at org.hibernate.tool.schema.internal.AbstractSchemaMigrator.doMigration(AbstractSchemaMigrator.java:119)
	at org.hibernate.tool.schema.spi.SchemaManagementToolCoordinator.performDatabaseAction(SchemaManagementToolCoordinator.java:280)
	at org.hibernate.tool.schema.spi.SchemaManagementToolCoordinator.lambda$process$5(SchemaManagementToolCoordinator.java:144)
	at java.base/java.util.HashMap.forEach(HashMap.java:1429)
	at org.hibernate.tool.schema.spi.SchemaManagementToolCoordinator.process(SchemaManagementToolCoordinator.java:141)
	at org.hibernate.boot.internal.SessionFactoryObserverForSchemaExport.sessionFactoryCreated(SessionFactoryObserverForSchemaExport.java:37)
	at org.hibernate.internal.SessionFactoryObserverChain.sessionFactoryCreated(SessionFactoryObserverChain.java:35)
	at org.hibernate.internal.SessionFactoryImpl.<init>(SessionFactoryImpl.java:322)
	at org.hibernate.boot.internal.SessionFactoryBuilderImpl.build(SessionFactoryBuilderImpl.java:457)
	at org.hibernate.cfg.Configuration.buildSessionFactory(Configuration.java:997)
	at org.hibernate.cfg.Configuration.buildSessionFactory(Configuration.java:1016)
	at com.billing.util.HibernateUtil.initializeSessionFactory(HibernateUtil.java:83)
	at com.billing.util.HibernateUtil.getSessionFactory(HibernateUtil.java:32)
	at com.billing.main.MainApplication.main(MainApplication.java:37)
Caused by: java.sql.SQLException: Referencing column 'item_id' and referenced column 'id' in foreign key constraint 'document_line_ibfk_2' are incompatible.
	at com.mysql.cj.jdbc.exceptions.SQLError.createSQLException(SQLError.java:130)
	at com.mysql.cj.jdbc.exceptions.SQLExceptionsMapping.translateException(SQLExceptionsMapping.java:122)
	at com.mysql.cj.jdbc.StatementImpl.executeInternal(StatementImpl.java:767)
	at com.mysql.cj.jdbc.StatementImpl.execute(StatementImpl.java:652)
	at org.hibernate.tool.schema.internal.exec.GenerationTargetToDatabase.accept(GenerationTargetToDatabase.java:80)
	... 19 more

feb 14, 2026 4:41:08 A. M. org.hibernate.tool.schema.internal.ExceptionHandlerLoggedImpl handleException
WARN: GenerationTarget encountered exception accepting command : Error executing DDL "
    alter table invoice 
       modify column id integer not null" via JDBC [Referencing column 'id' and referenced column 'id' in foreign key constraint 'invoice_ibfk_1' are incompatible.]
org.hibernate.tool.schema.spi.CommandAcceptanceException: Error executing DDL "
    alter table invoice 
       modify column id integer not null" via JDBC [Referencing column 'id' and referenced column 'id' in foreign key constraint 'invoice_ibfk_1' are incompatible.]
	at org.hibernate.tool.schema.internal.exec.GenerationTargetToDatabase.accept(GenerationTargetToDatabase.java:94)
	at org.hibernate.tool.schema.internal.AbstractSchemaMigrator.applySqlString(AbstractSchemaMigrator.java:583)
	at org.hibernate.tool.schema.internal.AbstractSchemaMigrator.applySqlStrings(AbstractSchemaMigrator.java:523)
	at org.hibernate.tool.schema.internal.AbstractSchemaMigrator.migrateTable(AbstractSchemaMigrator.java:341)
	at org.hibernate.tool.schema.internal.GroupedSchemaMigratorImpl.performTablesMigration(GroupedSchemaMigratorImpl.java:84)
	at org.hibernate.tool.schema.internal.AbstractSchemaMigrator.performMigration(AbstractSchemaMigrator.java:240)
	at org.hibernate.tool.schema.internal.AbstractSchemaMigrator.doMigration(AbstractSchemaMigrator.java:119)
	at org.hibernate.tool.schema.spi.SchemaManagementToolCoordinator.performDatabaseAction(SchemaManagementToolCoordinator.java:280)
	at org.hibernate.tool.schema.spi.SchemaManagementToolCoordinator.lambda$process$5(SchemaManagementToolCoordinator.java:144)
	at java.base/java.util.HashMap.forEach(HashMap.java:1429)
	at org.hibernate.tool.schema.spi.SchemaManagementToolCoordinator.process(SchemaManagementToolCoordinator.java:141)
	at org.hibernate.boot.internal.SessionFactoryObserverForSchemaExport.sessionFactoryCreated(SessionFactoryObserverForSchemaExport.java:37)
	at org.hibernate.internal.SessionFactoryObserverChain.sessionFactoryCreated(SessionFactoryObserverChain.java:35)
	at org.hibernate.internal.SessionFactoryImpl.<init>(SessionFactoryImpl.java:322)
	at org.hibernate.boot.internal.SessionFactoryBuilderImpl.build(SessionFactoryBuilderImpl.java:457)
	at org.hibernate.cfg.Configuration.buildSessionFactory(Configuration.java:997)
	at org.hibernate.cfg.Configuration.buildSessionFactory(Configuration.java:1016)
	at com.billing.util.HibernateUtil.initializeSessionFactory(HibernateUtil.java:83)
	at com.billing.util.HibernateUtil.getSessionFactory(HibernateUtil.java:32)
	at com.billing.main.MainApplication.main(MainApplication.java:37)
Caused by: java.sql.SQLException: Referencing column 'id' and referenced column 'id' in foreign key constraint 'invoice_ibfk_1' are incompatible.
	at com.mysql.cj.jdbc.exceptions.SQLError.createSQLException(SQLError.java:130)
	at com.mysql.cj.jdbc.exceptions.SQLExceptionsMapping.translateException(SQLExceptionsMapping.java:122)
	at com.mysql.cj.jdbc.StatementImpl.executeInternal(StatementImpl.java:767)
	at com.mysql.cj.jdbc.StatementImpl.execute(StatementImpl.java:652)
	at org.hibernate.tool.schema.internal.exec.GenerationTargetToDatabase.accept(GenerationTargetToDatabase.java:80)
	... 19 more

feb 14, 2026 4:41:08 A. M. org.hibernate.tool.schema.internal.ExceptionHandlerLoggedImpl handleException
WARN: GenerationTarget encountered exception accepting command : Error executing DDL "
    alter table item 
       modify column id integer not null auto_increment" via JDBC [Referencing column 'item_id' and referenced column 'id' in foreign key constraint 'document_line_ibfk_2' are incompatible.]
org.hibernate.tool.schema.spi.CommandAcceptanceException: Error executing DDL "
    alter table item 
       modify column id integer not null auto_increment" via JDBC [Referencing column 'item_id' and referenced column 'id' in foreign key constraint 'document_line_ibfk_2' are incompatible.]
	at org.hibernate.tool.schema.internal.exec.GenerationTargetToDatabase.accept(GenerationTargetToDatabase.java:94)
	at org.hibernate.tool.schema.internal.AbstractSchemaMigrator.applySqlString(AbstractSchemaMigrator.java:583)
	at org.hibernate.tool.schema.internal.AbstractSchemaMigrator.applySqlStrings(AbstractSchemaMigrator.java:523)
	at org.hibernate.tool.schema.internal.AbstractSchemaMigrator.migrateTable(AbstractSchemaMigrator.java:341)
	at org.hibernate.tool.schema.internal.GroupedSchemaMigratorImpl.performTablesMigration(GroupedSchemaMigratorImpl.java:84)
	at org.hibernate.tool.schema.internal.AbstractSchemaMigrator.performMigration(AbstractSchemaMigrator.java:240)
	at org.hibernate.tool.schema.internal.AbstractSchemaMigrator.doMigration(AbstractSchemaMigrator.java:119)
	at org.hibernate.tool.schema.spi.SchemaManagementToolCoordinator.performDatabaseAction(SchemaManagementToolCoordinator.java:280)
	at org.hibernate.tool.schema.spi.SchemaManagementToolCoordinator.lambda$process$5(SchemaManagementToolCoordinator.java:144)
	at java.base/java.util.HashMap.forEach(HashMap.java:1429)
	at org.hibernate.tool.schema.spi.SchemaManagementToolCoordinator.process(SchemaManagementToolCoordinator.java:141)
	at org.hibernate.boot.internal.SessionFactoryObserverForSchemaExport.sessionFactoryCreated(SessionFactoryObserverForSchemaExport.java:37)
	at org.hibernate.internal.SessionFactoryObserverChain.sessionFactoryCreated(SessionFactoryObserverChain.java:35)
	at org.hibernate.internal.SessionFactoryImpl.<init>(SessionFactoryImpl.java:322)
	at org.hibernate.boot.internal.SessionFactoryBuilderImpl.build(SessionFactoryBuilderImpl.java:457)
	at org.hibernate.cfg.Configuration.buildSessionFactory(Configuration.java:997)
	at org.hibernate.cfg.Configuration.buildSessionFactory(Configuration.java:1016)
	at com.billing.util.HibernateUtil.initializeSessionFactory(HibernateUtil.java:83)
	at com.billing.util.HibernateUtil.getSessionFactory(HibernateUtil.java:32)
	at com.billing.main.MainApplication.main(MainApplication.java:37)
Caused by: java.sql.SQLException: Referencing column 'item_id' and referenced column 'id' in foreign key constraint 'document_line_ibfk_2' are incompatible.
	at com.mysql.cj.jdbc.exceptions.SQLError.createSQLException(SQLError.java:130)
	at com.mysql.cj.jdbc.exceptions.SQLExceptionsMapping.translateException(SQLExceptionsMapping.java:122)
	at com.mysql.cj.jdbc.StatementImpl.executeInternal(StatementImpl.java:767)
	at com.mysql.cj.jdbc.StatementImpl.execute(StatementImpl.java:652)
	at org.hibernate.tool.schema.internal.exec.GenerationTargetToDatabase.accept(GenerationTargetToDatabase.java:80)
	... 19 more

feb 14, 2026 4:41:08 A. M. org.hibernate.tool.schema.internal.ExceptionHandlerLoggedImpl handleException
WARN: GenerationTarget encountered exception accepting command : Error executing DDL "
    alter table item 
       modify column category_code varchar(10)" via JDBC [Cannot change column 'category_code': used in a foreign key constraint 'item_ibfk_2']
org.hibernate.tool.schema.spi.CommandAcceptanceException: Error executing DDL "
    alter table item 
       modify column category_code varchar(10)" via JDBC [Cannot change column 'category_code': used in a foreign key constraint 'item_ibfk_2']
	at org.hibernate.tool.schema.internal.exec.GenerationTargetToDatabase.accept(GenerationTargetToDatabase.java:94)
	at org.hibernate.tool.schema.internal.AbstractSchemaMigrator.applySqlString(AbstractSchemaMigrator.java:583)
	at org.hibernate.tool.schema.internal.AbstractSchemaMigrator.applySqlStrings(AbstractSchemaMigrator.java:523)
	at org.hibernate.tool.schema.internal.AbstractSchemaMigrator.migrateTable(AbstractSchemaMigrator.java:341)
	at org.hibernate.tool.schema.internal.GroupedSchemaMigratorImpl.performTablesMigration(GroupedSchemaMigratorImpl.java:84)
	at org.hibernate.tool.schema.internal.AbstractSchemaMigrator.performMigration(AbstractSchemaMigrator.java:240)
	at org.hibernate.tool.schema.internal.AbstractSchemaMigrator.doMigration(AbstractSchemaMigrator.java:119)
	at org.hibernate.tool.schema.spi.SchemaManagementToolCoordinator.performDatabaseAction(SchemaManagementToolCoordinator.java:280)
	at org.hibernate.tool.schema.spi.SchemaManagementToolCoordinator.lambda$process$5(SchemaManagementToolCoordinator.java:144)
	at java.base/java.util.HashMap.forEach(HashMap.java:1429)
	at org.hibernate.tool.schema.spi.SchemaManagementToolCoordinator.process(SchemaManagementToolCoordinator.java:141)
	at org.hibernate.boot.internal.SessionFactoryObserverForSchemaExport.sessionFactoryCreated(SessionFactoryObserverForSchemaExport.java:37)
	at org.hibernate.internal.SessionFactoryObserverChain.sessionFactoryCreated(SessionFactoryObserverChain.java:35)
	at org.hibernate.internal.SessionFactoryImpl.<init>(SessionFactoryImpl.java:322)
	at org.hibernate.boot.internal.SessionFactoryBuilderImpl.build(SessionFactoryBuilderImpl.java:457)
	at org.hibernate.cfg.Configuration.buildSessionFactory(Configuration.java:997)
	at org.hibernate.cfg.Configuration.buildSessionFactory(Configuration.java:1016)
	at com.billing.util.HibernateUtil.initializeSessionFactory(HibernateUtil.java:83)
	at com.billing.util.HibernateUtil.getSessionFactory(HibernateUtil.java:32)
	at com.billing.main.MainApplication.main(MainApplication.java:37)
Caused by: java.sql.SQLException: Cannot change column 'category_code': used in a foreign key constraint 'item_ibfk_2'
	at com.mysql.cj.jdbc.exceptions.SQLError.createSQLException(SQLError.java:130)
	at com.mysql.cj.jdbc.exceptions.SQLExceptionsMapping.translateException(SQLExceptionsMapping.java:122)
	at com.mysql.cj.jdbc.StatementImpl.executeInternal(StatementImpl.java:767)
	at com.mysql.cj.jdbc.StatementImpl.execute(StatementImpl.java:652)
	at org.hibernate.tool.schema.internal.exec.GenerationTargetToDatabase.accept(GenerationTargetToDatabase.java:80)
	... 19 more

feb 14, 2026 4:41:08 A. M. org.hibernate.tool.schema.internal.ExceptionHandlerLoggedImpl handleException
WARN: GenerationTarget encountered exception accepting command : Error executing DDL "
    alter table item 
       modify column family_code varchar(10)" via JDBC [Cannot change column 'family_code': used in a foreign key constraint 'item_ibfk_1']
org.hibernate.tool.schema.spi.CommandAcceptanceException: Error executing DDL "
    alter table item 
       modify column family_code varchar(10)" via JDBC [Cannot change column 'family_code': used in a foreign key constraint 'item_ibfk_1']
	at org.hibernate.tool.schema.internal.exec.GenerationTargetToDatabase.accept(GenerationTargetToDatabase.java:94)
	at org.hibernate.tool.schema.internal.AbstractSchemaMigrator.applySqlString(AbstractSchemaMigrator.java:583)
	at org.hibernate.tool.schema.internal.AbstractSchemaMigrator.applySqlStrings(AbstractSchemaMigrator.java:523)
	at org.hibernate.tool.schema.internal.AbstractSchemaMigrator.migrateTable(AbstractSchemaMigrator.java:341)
	at org.hibernate.tool.schema.internal.GroupedSchemaMigratorImpl.performTablesMigration(GroupedSchemaMigratorImpl.java:84)
	at org.hibernate.tool.schema.internal.AbstractSchemaMigrator.performMigration(AbstractSchemaMigrator.java:240)
	at org.hibernate.tool.schema.internal.AbstractSchemaMigrator.doMigration(AbstractSchemaMigrator.java:119)
	at org.hibernate.tool.schema.spi.SchemaManagementToolCoordinator.performDatabaseAction(SchemaManagementToolCoordinator.java:280)
	at org.hibernate.tool.schema.spi.SchemaManagementToolCoordinator.lambda$process$5(SchemaManagementToolCoordinator.java:144)
	at java.base/java.util.HashMap.forEach(HashMap.java:1429)
	at org.hibernate.tool.schema.spi.SchemaManagementToolCoordinator.process(SchemaManagementToolCoordinator.java:141)
	at org.hibernate.boot.internal.SessionFactoryObserverForSchemaExport.sessionFactoryCreated(SessionFactoryObserverForSchemaExport.java:37)
	at org.hibernate.internal.SessionFactoryObserverChain.sessionFactoryCreated(SessionFactoryObserverChain.java:35)
	at org.hibernate.internal.SessionFactoryImpl.<init>(SessionFactoryImpl.java:322)
	at org.hibernate.boot.internal.SessionFactoryBuilderImpl.build(SessionFactoryBuilderImpl.java:457)
	at org.hibernate.cfg.Configuration.buildSessionFactory(Configuration.java:997)
	at org.hibernate.cfg.Configuration.buildSessionFactory(Configuration.java:1016)
	at com.billing.util.HibernateUtil.initializeSessionFactory(HibernateUtil.java:83)
	at com.billing.util.HibernateUtil.getSessionFactory(HibernateUtil.java:32)
	at com.billing.main.MainApplication.main(MainApplication.java:37)
Caused by: java.sql.SQLException: Cannot change column 'family_code': used in a foreign key constraint 'item_ibfk_1'
	at com.mysql.cj.jdbc.exceptions.SQLError.createSQLException(SQLError.java:130)
	at com.mysql.cj.jdbc.exceptions.SQLExceptionsMapping.translateException(SQLExceptionsMapping.java:122)
	at com.mysql.cj.jdbc.StatementImpl.executeInternal(StatementImpl.java:767)
	at com.mysql.cj.jdbc.StatementImpl.execute(StatementImpl.java:652)
	at org.hibernate.tool.schema.internal.exec.GenerationTargetToDatabase.accept(GenerationTargetToDatabase.java:80)
	... 19 more

feb 14, 2026 4:41:08 A. M. org.hibernate.tool.schema.internal.ExceptionHandlerLoggedImpl handleException
WARN: GenerationTarget encountered exception accepting command : Error executing DDL "
    alter table item 
       modify column supplier_id integer" via JDBC [Referencing column 'supplier_id' and referenced column 'id' in foreign key constraint 'item_ibfk_4' are incompatible.]
org.hibernate.tool.schema.spi.CommandAcceptanceException: Error executing DDL "
    alter table item 
       modify column supplier_id integer" via JDBC [Referencing column 'supplier_id' and referenced column 'id' in foreign key constraint 'item_ibfk_4' are incompatible.]
	at org.hibernate.tool.schema.internal.exec.GenerationTargetToDatabase.accept(GenerationTargetToDatabase.java:94)
	at org.hibernate.tool.schema.internal.AbstractSchemaMigrator.applySqlString(AbstractSchemaMigrator.java:583)
	at org.hibernate.tool.schema.internal.AbstractSchemaMigrator.applySqlStrings(AbstractSchemaMigrator.java:523)
	at org.hibernate.tool.schema.internal.AbstractSchemaMigrator.migrateTable(AbstractSchemaMigrator.java:341)
	at org.hibernate.tool.schema.internal.GroupedSchemaMigratorImpl.performTablesMigration(GroupedSchemaMigratorImpl.java:84)
	at org.hibernate.tool.schema.internal.AbstractSchemaMigrator.performMigration(AbstractSchemaMigrator.java:240)
	at org.hibernate.tool.schema.internal.AbstractSchemaMigrator.doMigration(AbstractSchemaMigrator.java:119)
	at org.hibernate.tool.schema.spi.SchemaManagementToolCoordinator.performDatabaseAction(SchemaManagementToolCoordinator.java:280)
	at org.hibernate.tool.schema.spi.SchemaManagementToolCoordinator.lambda$process$5(SchemaManagementToolCoordinator.java:144)
	at java.base/java.util.HashMap.forEach(HashMap.java:1429)
	at org.hibernate.tool.schema.spi.SchemaManagementToolCoordinator.process(SchemaManagementToolCoordinator.java:141)
	at org.hibernate.boot.internal.SessionFactoryObserverForSchemaExport.sessionFactoryCreated(SessionFactoryObserverForSchemaExport.java:37)
	at org.hibernate.internal.SessionFactoryObserverChain.sessionFactoryCreated(SessionFactoryObserverChain.java:35)
	at org.hibernate.internal.SessionFactoryImpl.<init>(SessionFactoryImpl.java:322)
	at org.hibernate.boot.internal.SessionFactoryBuilderImpl.build(SessionFactoryBuilderImpl.java:457)
	at org.hibernate.cfg.Configuration.buildSessionFactory(Configuration.java:997)
	at org.hibernate.cfg.Configuration.buildSessionFactory(Configuration.java:1016)
	at com.billing.util.HibernateUtil.initializeSessionFactory(HibernateUtil.java:83)
	at com.billing.util.HibernateUtil.getSessionFactory(HibernateUtil.java:32)
	at com.billing.main.MainApplication.main(MainApplication.java:37)
Caused by: java.sql.SQLException: Referencing column 'supplier_id' and referenced column 'id' in foreign key constraint 'item_ibfk_4' are incompatible.
	at com.mysql.cj.jdbc.exceptions.SQLError.createSQLException(SQLError.java:130)
	at com.mysql.cj.jdbc.exceptions.SQLExceptionsMapping.translateException(SQLExceptionsMapping.java:122)
	at com.mysql.cj.jdbc.StatementImpl.executeInternal(StatementImpl.java:767)
	at com.mysql.cj.jdbc.StatementImpl.execute(StatementImpl.java:652)
	at org.hibernate.tool.schema.internal.exec.GenerationTargetToDatabase.accept(GenerationTargetToDatabase.java:80)
	... 19 more

feb 14, 2026 4:41:08 A. M. org.hibernate.tool.schema.internal.ExceptionHandlerLoggedImpl handleException
WARN: GenerationTarget encountered exception accepting command : Error executing DDL "
    alter table item_categories 
       modify column code varchar(10) not null" via JDBC [Cannot change column 'code': used in a foreign key constraint 'item_ibfk_2' of table 'facturacio.item']
org.hibernate.tool.schema.spi.CommandAcceptanceException: Error executing DDL "
    alter table item_categories 
       modify column code varchar(10) not null" via JDBC [Cannot change column 'code': used in a foreign key constraint 'item_ibfk_2' of table 'facturacio.item']
	at org.hibernate.tool.schema.internal.exec.GenerationTargetToDatabase.accept(GenerationTargetToDatabase.java:94)
	at org.hibernate.tool.schema.internal.AbstractSchemaMigrator.applySqlString(AbstractSchemaMigrator.java:583)
	at org.hibernate.tool.schema.internal.AbstractSchemaMigrator.applySqlStrings(AbstractSchemaMigrator.java:523)
	at org.hibernate.tool.schema.internal.AbstractSchemaMigrator.migrateTable(AbstractSchemaMigrator.java:341)
	at org.hibernate.tool.schema.internal.GroupedSchemaMigratorImpl.performTablesMigration(GroupedSchemaMigratorImpl.java:84)
	at org.hibernate.tool.schema.internal.AbstractSchemaMigrator.performMigration(AbstractSchemaMigrator.java:240)
	at org.hibernate.tool.schema.internal.AbstractSchemaMigrator.doMigration(AbstractSchemaMigrator.java:119)
	at org.hibernate.tool.schema.spi.SchemaManagementToolCoordinator.performDatabaseAction(SchemaManagementToolCoordinator.java:280)
	at org.hibernate.tool.schema.spi.SchemaManagementToolCoordinator.lambda$process$5(SchemaManagementToolCoordinator.java:144)
	at java.base/java.util.HashMap.forEach(HashMap.java:1429)
	at org.hibernate.tool.schema.spi.SchemaManagementToolCoordinator.process(SchemaManagementToolCoordinator.java:141)
	at org.hibernate.boot.internal.SessionFactoryObserverForSchemaExport.sessionFactoryCreated(SessionFactoryObserverForSchemaExport.java:37)
	at org.hibernate.internal.SessionFactoryObserverChain.sessionFactoryCreated(SessionFactoryObserverChain.java:35)
	at org.hibernate.internal.SessionFactoryImpl.<init>(SessionFactoryImpl.java:322)
	at org.hibernate.boot.internal.SessionFactoryBuilderImpl.build(SessionFactoryBuilderImpl.java:457)
	at org.hibernate.cfg.Configuration.buildSessionFactory(Configuration.java:997)
	at org.hibernate.cfg.Configuration.buildSessionFactory(Configuration.java:1016)
	at com.billing.util.HibernateUtil.initializeSessionFactory(HibernateUtil.java:83)
	at com.billing.util.HibernateUtil.getSessionFactory(HibernateUtil.java:32)
	at com.billing.main.MainApplication.main(MainApplication.java:37)
Caused by: java.sql.SQLException: Cannot change column 'code': used in a foreign key constraint 'item_ibfk_2' of table 'facturacio.item'
	at com.mysql.cj.jdbc.exceptions.SQLError.createSQLException(SQLError.java:130)
	at com.mysql.cj.jdbc.exceptions.SQLExceptionsMapping.translateException(SQLExceptionsMapping.java:122)
	at com.mysql.cj.jdbc.StatementImpl.executeInternal(StatementImpl.java:767)
	at com.mysql.cj.jdbc.StatementImpl.execute(StatementImpl.java:652)
	at org.hibernate.tool.schema.internal.exec.GenerationTargetToDatabase.accept(GenerationTargetToDatabase.java:80)
	... 19 more

feb 14, 2026 4:41:08 A. M. org.hibernate.tool.schema.internal.ExceptionHandlerLoggedImpl handleException
WARN: GenerationTarget encountered exception accepting command : Error executing DDL "
    alter table item_families 
       modify column code varchar(10) not null" via JDBC [Cannot change column 'code': used in a foreign key constraint 'item_ibfk_1' of table 'facturacio.item']
org.hibernate.tool.schema.spi.CommandAcceptanceException: Error executing DDL "
    alter table item_families 
       modify column code varchar(10) not null" via JDBC [Cannot change column 'code': used in a foreign key constraint 'item_ibfk_1' of table 'facturacio.item']
	at org.hibernate.tool.schema.internal.exec.GenerationTargetToDatabase.accept(GenerationTargetToDatabase.java:94)
	at org.hibernate.tool.schema.internal.AbstractSchemaMigrator.applySqlString(AbstractSchemaMigrator.java:583)
	at org.hibernate.tool.schema.internal.AbstractSchemaMigrator.applySqlStrings(AbstractSchemaMigrator.java:523)
	at org.hibernate.tool.schema.internal.AbstractSchemaMigrator.migrateTable(AbstractSchemaMigrator.java:341)
	at org.hibernate.tool.schema.internal.GroupedSchemaMigratorImpl.performTablesMigration(GroupedSchemaMigratorImpl.java:84)
	at org.hibernate.tool.schema.internal.AbstractSchemaMigrator.performMigration(AbstractSchemaMigrator.java:240)
	at org.hibernate.tool.schema.internal.AbstractSchemaMigrator.doMigration(AbstractSchemaMigrator.java:119)
	at org.hibernate.tool.schema.spi.SchemaManagementToolCoordinator.performDatabaseAction(SchemaManagementToolCoordinator.java:280)
	at org.hibernate.tool.schema.spi.SchemaManagementToolCoordinator.lambda$process$5(SchemaManagementToolCoordinator.java:144)
	at java.base/java.util.HashMap.forEach(HashMap.java:1429)
	at org.hibernate.tool.schema.spi.SchemaManagementToolCoordinator.process(SchemaManagementToolCoordinator.java:141)
	at org.hibernate.boot.internal.SessionFactoryObserverForSchemaExport.sessionFactoryCreated(SessionFactoryObserverForSchemaExport.java:37)
	at org.hibernate.internal.SessionFactoryObserverChain.sessionFactoryCreated(SessionFactoryObserverChain.java:35)
	at org.hibernate.internal.SessionFactoryImpl.<init>(SessionFactoryImpl.java:322)
	at org.hibernate.boot.internal.SessionFactoryBuilderImpl.build(SessionFactoryBuilderImpl.java:457)
	at org.hibernate.cfg.Configuration.buildSessionFactory(Configuration.java:997)
	at org.hibernate.cfg.Configuration.buildSessionFactory(Configuration.java:1016)
	at com.billing.util.HibernateUtil.initializeSessionFactory(HibernateUtil.java:83)
	at com.billing.util.HibernateUtil.getSessionFactory(HibernateUtil.java:32)
	at com.billing.main.MainApplication.main(MainApplication.java:37)
Caused by: java.sql.SQLException: Cannot change column 'code': used in a foreign key constraint 'item_ibfk_1' of table 'facturacio.item'
	at com.mysql.cj.jdbc.exceptions.SQLError.createSQLException(SQLError.java:130)
	at com.mysql.cj.jdbc.exceptions.SQLExceptionsMapping.translateException(SQLExceptionsMapping.java:122)
	at com.mysql.cj.jdbc.StatementImpl.executeInternal(StatementImpl.java:767)
	at com.mysql.cj.jdbc.StatementImpl.execute(StatementImpl.java:652)
	at org.hibernate.tool.schema.internal.exec.GenerationTargetToDatabase.accept(GenerationTargetToDatabase.java:80)
	... 19 more

feb 14, 2026 4:41:08 A. M. org.hibernate.tool.schema.internal.ExceptionHandlerLoggedImpl handleException
WARN: GenerationTarget encountered exception accepting command : Error executing DDL "
    alter table party 
       modify column id integer not null auto_increment" via JDBC [Referencing column 'id' and referenced column 'id' in foreign key constraint 'client_ibfk_1' are incompatible.]
org.hibernate.tool.schema.spi.CommandAcceptanceException: Error executing DDL "
    alter table party 
       modify column id integer not null auto_increment" via JDBC [Referencing column 'id' and referenced column 'id' in foreign key constraint 'client_ibfk_1' are incompatible.]
	at org.hibernate.tool.schema.internal.exec.GenerationTargetToDatabase.accept(GenerationTargetToDatabase.java:94)
	at org.hibernate.tool.schema.internal.AbstractSchemaMigrator.applySqlString(AbstractSchemaMigrator.java:583)
	at org.hibernate.tool.schema.internal.AbstractSchemaMigrator.applySqlStrings(AbstractSchemaMigrator.java:523)
	at org.hibernate.tool.schema.internal.AbstractSchemaMigrator.migrateTable(AbstractSchemaMigrator.java:341)
	at org.hibernate.tool.schema.internal.GroupedSchemaMigratorImpl.performTablesMigration(GroupedSchemaMigratorImpl.java:84)
	at org.hibernate.tool.schema.internal.AbstractSchemaMigrator.performMigration(AbstractSchemaMigrator.java:240)
	at org.hibernate.tool.schema.internal.AbstractSchemaMigrator.doMigration(AbstractSchemaMigrator.java:119)
	at org.hibernate.tool.schema.spi.SchemaManagementToolCoordinator.performDatabaseAction(SchemaManagementToolCoordinator.java:280)
	at org.hibernate.tool.schema.spi.SchemaManagementToolCoordinator.lambda$process$5(SchemaManagementToolCoordinator.java:144)
	at java.base/java.util.HashMap.forEach(HashMap.java:1429)
	at org.hibernate.tool.schema.spi.SchemaManagementToolCoordinator.process(SchemaManagementToolCoordinator.java:141)
	at org.hibernate.boot.internal.SessionFactoryObserverForSchemaExport.sessionFactoryCreated(SessionFactoryObserverForSchemaExport.java:37)
	at org.hibernate.internal.SessionFactoryObserverChain.sessionFactoryCreated(SessionFactoryObserverChain.java:35)
	at org.hibernate.internal.SessionFactoryImpl.<init>(SessionFactoryImpl.java:322)
	at org.hibernate.boot.internal.SessionFactoryBuilderImpl.build(SessionFactoryBuilderImpl.java:457)
	at org.hibernate.cfg.Configuration.buildSessionFactory(Configuration.java:997)
	at org.hibernate.cfg.Configuration.buildSessionFactory(Configuration.java:1016)
	at com.billing.util.HibernateUtil.initializeSessionFactory(HibernateUtil.java:83)
	at com.billing.util.HibernateUtil.getSessionFactory(HibernateUtil.java:32)
	at com.billing.main.MainApplication.main(MainApplication.java:37)
Caused by: java.sql.SQLException: Referencing column 'id' and referenced column 'id' in foreign key constraint 'client_ibfk_1' are incompatible.
	at com.mysql.cj.jdbc.exceptions.SQLError.createSQLException(SQLError.java:130)
	at com.mysql.cj.jdbc.exceptions.SQLExceptionsMapping.translateException(SQLExceptionsMapping.java:122)
	at com.mysql.cj.jdbc.StatementImpl.executeInternal(StatementImpl.java:767)
	at com.mysql.cj.jdbc.StatementImpl.execute(StatementImpl.java:652)
	at org.hibernate.tool.schema.internal.exec.GenerationTargetToDatabase.accept(GenerationTargetToDatabase.java:80)
	... 19 more

feb 14, 2026 4:41:09 A. M. org.hibernate.tool.schema.internal.ExceptionHandlerLoggedImpl handleException
WARN: GenerationTarget encountered exception accepting command : Error executing DDL "
    alter table supplier 
       modify column id integer not null" via JDBC [Referencing column 'id' and referenced column 'id' in foreign key constraint 'supplier_ibfk_1' are incompatible.]
org.hibernate.tool.schema.spi.CommandAcceptanceException: Error executing DDL "
    alter table supplier 
       modify column id integer not null" via JDBC [Referencing column 'id' and referenced column 'id' in foreign key constraint 'supplier_ibfk_1' are incompatible.]
	at org.hibernate.tool.schema.internal.exec.GenerationTargetToDatabase.accept(GenerationTargetToDatabase.java:94)
	at org.hibernate.tool.schema.internal.AbstractSchemaMigrator.applySqlString(AbstractSchemaMigrator.java:583)
	at org.hibernate.tool.schema.internal.AbstractSchemaMigrator.applySqlStrings(AbstractSchemaMigrator.java:523)
	at org.hibernate.tool.schema.internal.AbstractSchemaMigrator.migrateTable(AbstractSchemaMigrator.java:341)
	at org.hibernate.tool.schema.internal.GroupedSchemaMigratorImpl.performTablesMigration(GroupedSchemaMigratorImpl.java:84)
	at org.hibernate.tool.schema.internal.AbstractSchemaMigrator.performMigration(AbstractSchemaMigrator.java:240)
	at org.hibernate.tool.schema.internal.AbstractSchemaMigrator.doMigration(AbstractSchemaMigrator.java:119)
	at org.hibernate.tool.schema.spi.SchemaManagementToolCoordinator.performDatabaseAction(SchemaManagementToolCoordinator.java:280)
	at org.hibernate.tool.schema.spi.SchemaManagementToolCoordinator.lambda$process$5(SchemaManagementToolCoordinator.java:144)
	at java.base/java.util.HashMap.forEach(HashMap.java:1429)
	at org.hibernate.tool.schema.spi.SchemaManagementToolCoordinator.process(SchemaManagementToolCoordinator.java:141)
	at org.hibernate.boot.internal.SessionFactoryObserverForSchemaExport.sessionFactoryCreated(SessionFactoryObserverForSchemaExport.java:37)
	at org.hibernate.internal.SessionFactoryObserverChain.sessionFactoryCreated(SessionFactoryObserverChain.java:35)
	at org.hibernate.internal.SessionFactoryImpl.<init>(SessionFactoryImpl.java:322)
	at org.hibernate.boot.internal.SessionFactoryBuilderImpl.build(SessionFactoryBuilderImpl.java:457)
	at org.hibernate.cfg.Configuration.buildSessionFactory(Configuration.java:997)
	at org.hibernate.cfg.Configuration.buildSessionFactory(Configuration.java:1016)
	at com.billing.util.HibernateUtil.initializeSessionFactory(HibernateUtil.java:83)
	at com.billing.util.HibernateUtil.getSessionFactory(HibernateUtil.java:32)
	at com.billing.main.MainApplication.main(MainApplication.java:37)
Caused by: java.sql.SQLException: Referencing column 'id' and referenced column 'id' in foreign key constraint 'supplier_ibfk_1' are incompatible.
	at com.mysql.cj.jdbc.exceptions.SQLError.createSQLException(SQLError.java:130)
	at com.mysql.cj.jdbc.exceptions.SQLExceptionsMapping.translateException(SQLExceptionsMapping.java:122)
	at com.mysql.cj.jdbc.StatementImpl.executeInternal(StatementImpl.java:767)
	at com.mysql.cj.jdbc.StatementImpl.execute(StatementImpl.java:652)
	at org.hibernate.tool.schema.internal.exec.GenerationTargetToDatabase.accept(GenerationTargetToDatabase.java:80)
	... 19 more

feb 14, 2026 4:41:09 A. M. com.billing.util.HibernateUtil initializeSessionFactory
INFO: Hibernate SessionFactory initialized successfully for MySQL database
feb 14, 2026 4:41:09 A. M. com.billing.service.ClientService <init>
INFO: ClientService initialized with PartyRepository
feb 14, 2026 4:41:09 A. M. com.billing.service.SupplierService <init>
INFO: SupplierService initialized with PartyRepository
feb 14, 2026 4:41:14 A. M. com.billing.main.MainApplication lambda$1
INFO: Application started successfully with MySQL database
feb 14, 2026 4:41:29 A. M. com.billing.main.MainApplication main
INFO: Initializing Hibernate with MySQL database...
feb 14, 2026 4:41:29 A. M. com.billing.util.HibernateUtil initializeSessionFactory
INFO: Initializing Hibernate SessionFactory with hibernate.cfg.xml...
feb 14, 2026 4:41:29 A. M. com.billing.util.HibernateUtil initializeSessionFactory
INFO: Configuration file found at: file:/C:/Users/albag/Documents/2o/ACCESO%20DATOS/TEMA%203/Hibernate/target/classes/hibernate.cfg.xml
feb 14, 2026 4:41:29 A. M. org.hibernate.Version logVersion
INFO: HHH000412: Hibernate ORM core version 6.5.3.Final
feb 14, 2026 4:41:29 A. M. org.hibernate.cache.internal.RegionFactoryInitiator initiateService
INFO: HHH000026: Second-level cache disabled
feb 14, 2026 4:41:29 A. M. org.hibernate.engine.jdbc.connections.internal.DriverManagerConnectionProviderImpl configure
WARN: HHH10001002: Using built-in connection pool (not intended for production use)
feb 14, 2026 4:41:29 A. M. org.hibernate.engine.jdbc.connections.internal.DriverManagerConnectionProviderImpl buildCreator
INFO: HHH10001005: Loaded JDBC driver class: com.mysql.cj.jdbc.Driver
feb 14, 2026 4:41:29 A. M. org.hibernate.engine.jdbc.connections.internal.DriverManagerConnectionProviderImpl buildCreator
INFO: HHH10001012: Connecting with JDBC URL [jdbc:mysql://localhost:3306/facturacio?useSSL=false&serverTimezone=UTC&allowPublicKeyRetrieval=true]
feb 14, 2026 4:41:29 A. M. org.hibernate.engine.jdbc.connections.internal.DriverManagerConnectionProviderImpl buildCreator
INFO: HHH10001001: Connection properties: {password=****, user=usuario}
feb 14, 2026 4:41:29 A. M. org.hibernate.engine.jdbc.connections.internal.DriverManagerConnectionProviderImpl buildCreator
INFO: HHH10001003: Autocommit mode: false
feb 14, 2026 4:41:29 A. M. org.hibernate.engine.jdbc.connections.internal.DriverManagerConnectionProviderImpl$PooledConnections <init>
INFO: HHH10001115: Connection pool size: 1 (min=1)
feb 14, 2026 4:41:30 A. M. org.hibernate.engine.jdbc.dialect.internal.DialectFactoryImpl constructDialect
WARN: HHH90000025: MySQL8Dialect does not need to be specified explicitly using 'hibernate.dialect' (remove the property setting and it will be selected by default)
feb 14, 2026 4:41:30 A. M. org.hibernate.engine.jdbc.dialect.internal.DialectFactoryImpl logSelectedDialect
WARN: HHH90000026: MySQL8Dialect has been deprecated; use org.hibernate.dialect.MySQLDialect instead
feb 14, 2026 4:41:31 A. M. org.hibernate.resource.transaction.backend.jdbc.internal.DdlTransactionIsolatorNonJtaImpl getIsolatedConnection
INFO: HHH10001501: Connection obtained from JdbcConnectionAccess [org.hibernate.engine.jdbc.env.internal.JdbcEnvironmentInitiator$ConnectionProviderJdbcConnectionAccess@68a5aadd] for (non-JTA) DDL execution was not in auto-commit mode; the Connection 'local transaction' will be committed and the Connection will be set into auto-commit mode.
feb 14, 2026 4:41:31 A. M. org.hibernate.tool.schema.internal.ExceptionHandlerLoggedImpl handleException
WARN: GenerationTarget encountered exception accepting command : Error executing DDL "
    alter table business_document 
       modify column id integer not null auto_increment" via JDBC [Referencing column 'id' and referenced column 'id' in foreign key constraint 'delivery_note_ibfk_1' are incompatible.]
org.hibernate.tool.schema.spi.CommandAcceptanceException: Error executing DDL "
    alter table business_document 
       modify column id integer not null auto_increment" via JDBC [Referencing column 'id' and referenced column 'id' in foreign key constraint 'delivery_note_ibfk_1' are incompatible.]
	at org.hibernate.tool.schema.internal.exec.GenerationTargetToDatabase.accept(GenerationTargetToDatabase.java:94)
	at org.hibernate.tool.schema.internal.AbstractSchemaMigrator.applySqlString(AbstractSchemaMigrator.java:583)
	at org.hibernate.tool.schema.internal.AbstractSchemaMigrator.applySqlStrings(AbstractSchemaMigrator.java:523)
	at org.hibernate.tool.schema.internal.AbstractSchemaMigrator.migrateTable(AbstractSchemaMigrator.java:341)
	at org.hibernate.tool.schema.internal.GroupedSchemaMigratorImpl.performTablesMigration(GroupedSchemaMigratorImpl.java:84)
	at org.hibernate.tool.schema.internal.AbstractSchemaMigrator.performMigration(AbstractSchemaMigrator.java:240)
	at org.hibernate.tool.schema.internal.AbstractSchemaMigrator.doMigration(AbstractSchemaMigrator.java:119)
	at org.hibernate.tool.schema.spi.SchemaManagementToolCoordinator.performDatabaseAction(SchemaManagementToolCoordinator.java:280)
	at org.hibernate.tool.schema.spi.SchemaManagementToolCoordinator.lambda$process$5(SchemaManagementToolCoordinator.java:144)
	at java.base/java.util.HashMap.forEach(HashMap.java:1429)
	at org.hibernate.tool.schema.spi.SchemaManagementToolCoordinator.process(SchemaManagementToolCoordinator.java:141)
	at org.hibernate.boot.internal.SessionFactoryObserverForSchemaExport.sessionFactoryCreated(SessionFactoryObserverForSchemaExport.java:37)
	at org.hibernate.internal.SessionFactoryObserverChain.sessionFactoryCreated(SessionFactoryObserverChain.java:35)
	at org.hibernate.internal.SessionFactoryImpl.<init>(SessionFactoryImpl.java:322)
	at org.hibernate.boot.internal.SessionFactoryBuilderImpl.build(SessionFactoryBuilderImpl.java:457)
	at org.hibernate.cfg.Configuration.buildSessionFactory(Configuration.java:997)
	at org.hibernate.cfg.Configuration.buildSessionFactory(Configuration.java:1016)
	at com.billing.util.HibernateUtil.initializeSessionFactory(HibernateUtil.java:83)
	at com.billing.util.HibernateUtil.getSessionFactory(HibernateUtil.java:32)
	at com.billing.main.MainApplication.main(MainApplication.java:37)
Caused by: java.sql.SQLException: Referencing column 'id' and referenced column 'id' in foreign key constraint 'delivery_note_ibfk_1' are incompatible.
	at com.mysql.cj.jdbc.exceptions.SQLError.createSQLException(SQLError.java:130)
	at com.mysql.cj.jdbc.exceptions.SQLExceptionsMapping.translateException(SQLExceptionsMapping.java:122)
	at com.mysql.cj.jdbc.StatementImpl.executeInternal(StatementImpl.java:767)
	at com.mysql.cj.jdbc.StatementImpl.execute(StatementImpl.java:652)
	at org.hibernate.tool.schema.internal.exec.GenerationTargetToDatabase.accept(GenerationTargetToDatabase.java:80)
	... 19 more

feb 14, 2026 4:41:31 A. M. org.hibernate.tool.schema.internal.ExceptionHandlerLoggedImpl handleException
WARN: GenerationTarget encountered exception accepting command : Error executing DDL "
    alter table business_document 
       modify column party_id integer" via JDBC [Referencing column 'party_id' and referenced column 'id' in foreign key constraint 'business_document_ibfk_1' are incompatible.]
org.hibernate.tool.schema.spi.CommandAcceptanceException: Error executing DDL "
    alter table business_document 
       modify column party_id integer" via JDBC [Referencing column 'party_id' and referenced column 'id' in foreign key constraint 'business_document_ibfk_1' are incompatible.]
	at org.hibernate.tool.schema.internal.exec.GenerationTargetToDatabase.accept(GenerationTargetToDatabase.java:94)
	at org.hibernate.tool.schema.internal.AbstractSchemaMigrator.applySqlString(AbstractSchemaMigrator.java:583)
	at org.hibernate.tool.schema.internal.AbstractSchemaMigrator.applySqlStrings(AbstractSchemaMigrator.java:523)
	at org.hibernate.tool.schema.internal.AbstractSchemaMigrator.migrateTable(AbstractSchemaMigrator.java:341)
	at org.hibernate.tool.schema.internal.GroupedSchemaMigratorImpl.performTablesMigration(GroupedSchemaMigratorImpl.java:84)
	at org.hibernate.tool.schema.internal.AbstractSchemaMigrator.performMigration(AbstractSchemaMigrator.java:240)
	at org.hibernate.tool.schema.internal.AbstractSchemaMigrator.doMigration(AbstractSchemaMigrator.java:119)
	at org.hibernate.tool.schema.spi.SchemaManagementToolCoordinator.performDatabaseAction(SchemaManagementToolCoordinator.java:280)
	at org.hibernate.tool.schema.spi.SchemaManagementToolCoordinator.lambda$process$5(SchemaManagementToolCoordinator.java:144)
	at java.base/java.util.HashMap.forEach(HashMap.java:1429)
	at org.hibernate.tool.schema.spi.SchemaManagementToolCoordinator.process(SchemaManagementToolCoordinator.java:141)
	at org.hibernate.boot.internal.SessionFactoryObserverForSchemaExport.sessionFactoryCreated(SessionFactoryObserverForSchemaExport.java:37)
	at org.hibernate.internal.SessionFactoryObserverChain.sessionFactoryCreated(SessionFactoryObserverChain.java:35)
	at org.hibernate.internal.SessionFactoryImpl.<init>(SessionFactoryImpl.java:322)
	at org.hibernate.boot.internal.SessionFactoryBuilderImpl.build(SessionFactoryBuilderImpl.java:457)
	at org.hibernate.cfg.Configuration.buildSessionFactory(Configuration.java:997)
	at org.hibernate.cfg.Configuration.buildSessionFactory(Configuration.java:1016)
	at com.billing.util.HibernateUtil.initializeSessionFactory(HibernateUtil.java:83)
	at com.billing.util.HibernateUtil.getSessionFactory(HibernateUtil.java:32)
	at com.billing.main.MainApplication.main(MainApplication.java:37)
Caused by: java.sql.SQLException: Referencing column 'party_id' and referenced column 'id' in foreign key constraint 'business_document_ibfk_1' are incompatible.
	at com.mysql.cj.jdbc.exceptions.SQLError.createSQLException(SQLError.java:130)
	at com.mysql.cj.jdbc.exceptions.SQLExceptionsMapping.translateException(SQLExceptionsMapping.java:122)
	at com.mysql.cj.jdbc.StatementImpl.executeInternal(StatementImpl.java:767)
	at com.mysql.cj.jdbc.StatementImpl.execute(StatementImpl.java:652)
	at org.hibernate.tool.schema.internal.exec.GenerationTargetToDatabase.accept(GenerationTargetToDatabase.java:80)
	... 19 more

feb 14, 2026 4:41:31 A. M. org.hibernate.tool.schema.internal.ExceptionHandlerLoggedImpl handleException
WARN: GenerationTarget encountered exception accepting command : Error executing DDL "
    alter table client 
       modify column payment_method enum ('CHEQUE','DOMICILIACION_BANCARIA','EFECTIVO','TARJETA_CREDITO','TRANSFERENCIA_BANCARIA')" via JDBC [Data truncated for column 'payment_method' at row 1]
org.hibernate.tool.schema.spi.CommandAcceptanceException: Error executing DDL "
    alter table client 
       modify column payment_method enum ('CHEQUE','DOMICILIACION_BANCARIA','EFECTIVO','TARJETA_CREDITO','TRANSFERENCIA_BANCARIA')" via JDBC [Data truncated for column 'payment_method' at row 1]
	at org.hibernate.tool.schema.internal.exec.GenerationTargetToDatabase.accept(GenerationTargetToDatabase.java:94)
	at org.hibernate.tool.schema.internal.AbstractSchemaMigrator.applySqlString(AbstractSchemaMigrator.java:583)
	at org.hibernate.tool.schema.internal.AbstractSchemaMigrator.applySqlStrings(AbstractSchemaMigrator.java:523)
	at org.hibernate.tool.schema.internal.AbstractSchemaMigrator.migrateTable(AbstractSchemaMigrator.java:341)
	at org.hibernate.tool.schema.internal.GroupedSchemaMigratorImpl.performTablesMigration(GroupedSchemaMigratorImpl.java:84)
	at org.hibernate.tool.schema.internal.AbstractSchemaMigrator.performMigration(AbstractSchemaMigrator.java:240)
	at org.hibernate.tool.schema.internal.AbstractSchemaMigrator.doMigration(AbstractSchemaMigrator.java:119)
	at org.hibernate.tool.schema.spi.SchemaManagementToolCoordinator.performDatabaseAction(SchemaManagementToolCoordinator.java:280)
	at org.hibernate.tool.schema.spi.SchemaManagementToolCoordinator.lambda$process$5(SchemaManagementToolCoordinator.java:144)
	at java.base/java.util.HashMap.forEach(HashMap.java:1429)
	at org.hibernate.tool.schema.spi.SchemaManagementToolCoordinator.process(SchemaManagementToolCoordinator.java:141)
	at org.hibernate.boot.internal.SessionFactoryObserverForSchemaExport.sessionFactoryCreated(SessionFactoryObserverForSchemaExport.java:37)
	at org.hibernate.internal.SessionFactoryObserverChain.sessionFactoryCreated(SessionFactoryObserverChain.java:35)
	at org.hibernate.internal.SessionFactoryImpl.<init>(SessionFactoryImpl.java:322)
	at org.hibernate.boot.internal.SessionFactoryBuilderImpl.build(SessionFactoryBuilderImpl.java:457)
	at org.hibernate.cfg.Configuration.buildSessionFactory(Configuration.java:997)
	at org.hibernate.cfg.Configuration.buildSessionFactory(Configuration.java:1016)
	at com.billing.util.HibernateUtil.initializeSessionFactory(HibernateUtil.java:83)
	at com.billing.util.HibernateUtil.getSessionFactory(HibernateUtil.java:32)
	at com.billing.main.MainApplication.main(MainApplication.java:37)
Caused by: java.sql.SQLException: Data truncated for column 'payment_method' at row 1
	at com.mysql.cj.jdbc.exceptions.SQLError.createSQLException(SQLError.java:130)
	at com.mysql.cj.jdbc.exceptions.SQLExceptionsMapping.translateException(SQLExceptionsMapping.java:122)
	at com.mysql.cj.jdbc.StatementImpl.executeInternal(StatementImpl.java:767)
	at com.mysql.cj.jdbc.StatementImpl.execute(StatementImpl.java:652)
	at org.hibernate.tool.schema.internal.exec.GenerationTargetToDatabase.accept(GenerationTargetToDatabase.java:80)
	... 19 more

feb 14, 2026 4:41:31 A. M. org.hibernate.tool.schema.internal.ExceptionHandlerLoggedImpl handleException
WARN: GenerationTarget encountered exception accepting command : Error executing DDL "
    alter table client 
       modify column id integer not null" via JDBC [Referencing column 'id' and referenced column 'id' in foreign key constraint 'client_ibfk_1' are incompatible.]
org.hibernate.tool.schema.spi.CommandAcceptanceException: Error executing DDL "
    alter table client 
       modify column id integer not null" via JDBC [Referencing column 'id' and referenced column 'id' in foreign key constraint 'client_ibfk_1' are incompatible.]
	at org.hibernate.tool.schema.internal.exec.GenerationTargetToDatabase.accept(GenerationTargetToDatabase.java:94)
	at org.hibernate.tool.schema.internal.AbstractSchemaMigrator.applySqlString(AbstractSchemaMigrator.java:583)
	at org.hibernate.tool.schema.internal.AbstractSchemaMigrator.applySqlStrings(AbstractSchemaMigrator.java:523)
	at org.hibernate.tool.schema.internal.AbstractSchemaMigrator.migrateTable(AbstractSchemaMigrator.java:341)
	at org.hibernate.tool.schema.internal.GroupedSchemaMigratorImpl.performTablesMigration(GroupedSchemaMigratorImpl.java:84)
	at org.hibernate.tool.schema.internal.AbstractSchemaMigrator.performMigration(AbstractSchemaMigrator.java:240)
	at org.hibernate.tool.schema.internal.AbstractSchemaMigrator.doMigration(AbstractSchemaMigrator.java:119)
	at org.hibernate.tool.schema.spi.SchemaManagementToolCoordinator.performDatabaseAction(SchemaManagementToolCoordinator.java:280)
	at org.hibernate.tool.schema.spi.SchemaManagementToolCoordinator.lambda$process$5(SchemaManagementToolCoordinator.java:144)
	at java.base/java.util.HashMap.forEach(HashMap.java:1429)
	at org.hibernate.tool.schema.spi.SchemaManagementToolCoordinator.process(SchemaManagementToolCoordinator.java:141)
	at org.hibernate.boot.internal.SessionFactoryObserverForSchemaExport.sessionFactoryCreated(SessionFactoryObserverForSchemaExport.java:37)
	at org.hibernate.internal.SessionFactoryObserverChain.sessionFactoryCreated(SessionFactoryObserverChain.java:35)
	at org.hibernate.internal.SessionFactoryImpl.<init>(SessionFactoryImpl.java:322)
	at org.hibernate.boot.internal.SessionFactoryBuilderImpl.build(SessionFactoryBuilderImpl.java:457)
	at org.hibernate.cfg.Configuration.buildSessionFactory(Configuration.java:997)
	at org.hibernate.cfg.Configuration.buildSessionFactory(Configuration.java:1016)
	at com.billing.util.HibernateUtil.initializeSessionFactory(HibernateUtil.java:83)
	at com.billing.util.HibernateUtil.getSessionFactory(HibernateUtil.java:32)
	at com.billing.main.MainApplication.main(MainApplication.java:37)
Caused by: java.sql.SQLException: Referencing column 'id' and referenced column 'id' in foreign key constraint 'client_ibfk_1' are incompatible.
	at com.mysql.cj.jdbc.exceptions.SQLError.createSQLException(SQLError.java:130)
	at com.mysql.cj.jdbc.exceptions.SQLExceptionsMapping.translateException(SQLExceptionsMapping.java:122)
	at com.mysql.cj.jdbc.StatementImpl.executeInternal(StatementImpl.java:767)
	at com.mysql.cj.jdbc.StatementImpl.execute(StatementImpl.java:652)
	at org.hibernate.tool.schema.internal.exec.GenerationTargetToDatabase.accept(GenerationTargetToDatabase.java:80)
	... 19 more

feb 14, 2026 4:41:31 A. M. org.hibernate.tool.schema.internal.ExceptionHandlerLoggedImpl handleException
WARN: GenerationTarget encountered exception accepting command : Error executing DDL "
    alter table delivery_note 
       modify column id integer not null" via JDBC [Referencing column 'id' and referenced column 'id' in foreign key constraint 'delivery_note_ibfk_1' are incompatible.]
org.hibernate.tool.schema.spi.CommandAcceptanceException: Error executing DDL "
    alter table delivery_note 
       modify column id integer not null" via JDBC [Referencing column 'id' and referenced column 'id' in foreign key constraint 'delivery_note_ibfk_1' are incompatible.]
	at org.hibernate.tool.schema.internal.exec.GenerationTargetToDatabase.accept(GenerationTargetToDatabase.java:94)
	at org.hibernate.tool.schema.internal.AbstractSchemaMigrator.applySqlString(AbstractSchemaMigrator.java:583)
	at org.hibernate.tool.schema.internal.AbstractSchemaMigrator.applySqlStrings(AbstractSchemaMigrator.java:523)
	at org.hibernate.tool.schema.internal.AbstractSchemaMigrator.migrateTable(AbstractSchemaMigrator.java:341)
	at org.hibernate.tool.schema.internal.GroupedSchemaMigratorImpl.performTablesMigration(GroupedSchemaMigratorImpl.java:84)
	at org.hibernate.tool.schema.internal.AbstractSchemaMigrator.performMigration(AbstractSchemaMigrator.java:240)
	at org.hibernate.tool.schema.internal.AbstractSchemaMigrator.doMigration(AbstractSchemaMigrator.java:119)
	at org.hibernate.tool.schema.spi.SchemaManagementToolCoordinator.performDatabaseAction(SchemaManagementToolCoordinator.java:280)
	at org.hibernate.tool.schema.spi.SchemaManagementToolCoordinator.lambda$process$5(SchemaManagementToolCoordinator.java:144)
	at java.base/java.util.HashMap.forEach(HashMap.java:1429)
	at org.hibernate.tool.schema.spi.SchemaManagementToolCoordinator.process(SchemaManagementToolCoordinator.java:141)
	at org.hibernate.boot.internal.SessionFactoryObserverForSchemaExport.sessionFactoryCreated(SessionFactoryObserverForSchemaExport.java:37)
	at org.hibernate.internal.SessionFactoryObserverChain.sessionFactoryCreated(SessionFactoryObserverChain.java:35)
	at org.hibernate.internal.SessionFactoryImpl.<init>(SessionFactoryImpl.java:322)
	at org.hibernate.boot.internal.SessionFactoryBuilderImpl.build(SessionFactoryBuilderImpl.java:457)
	at org.hibernate.cfg.Configuration.buildSessionFactory(Configuration.java:997)
	at org.hibernate.cfg.Configuration.buildSessionFactory(Configuration.java:1016)
	at com.billing.util.HibernateUtil.initializeSessionFactory(HibernateUtil.java:83)
	at com.billing.util.HibernateUtil.getSessionFactory(HibernateUtil.java:32)
	at com.billing.main.MainApplication.main(MainApplication.java:37)
Caused by: java.sql.SQLException: Referencing column 'id' and referenced column 'id' in foreign key constraint 'delivery_note_ibfk_1' are incompatible.
	at com.mysql.cj.jdbc.exceptions.SQLError.createSQLException(SQLError.java:130)
	at com.mysql.cj.jdbc.exceptions.SQLExceptionsMapping.translateException(SQLExceptionsMapping.java:122)
	at com.mysql.cj.jdbc.StatementImpl.executeInternal(StatementImpl.java:767)
	at com.mysql.cj.jdbc.StatementImpl.execute(StatementImpl.java:652)
	at org.hibernate.tool.schema.internal.exec.GenerationTargetToDatabase.accept(GenerationTargetToDatabase.java:80)
	... 19 more

feb 14, 2026 4:41:31 A. M. org.hibernate.tool.schema.internal.ExceptionHandlerLoggedImpl handleException
WARN: GenerationTarget encountered exception accepting command : Error executing DDL "
    alter table document_line 
       modify column document_id integer" via JDBC [Referencing column 'document_id' and referenced column 'id' in foreign key constraint 'document_line_ibfk_1' are incompatible.]
org.hibernate.tool.schema.spi.CommandAcceptanceException: Error executing DDL "
    alter table document_line 
       modify column document_id integer" via JDBC [Referencing column 'document_id' and referenced column 'id' in foreign key constraint 'document_line_ibfk_1' are incompatible.]
	at org.hibernate.tool.schema.internal.exec.GenerationTargetToDatabase.accept(GenerationTargetToDatabase.java:94)
	at org.hibernate.tool.schema.internal.AbstractSchemaMigrator.applySqlString(AbstractSchemaMigrator.java:583)
	at org.hibernate.tool.schema.internal.AbstractSchemaMigrator.applySqlStrings(AbstractSchemaMigrator.java:523)
	at org.hibernate.tool.schema.internal.AbstractSchemaMigrator.migrateTable(AbstractSchemaMigrator.java:341)
	at org.hibernate.tool.schema.internal.GroupedSchemaMigratorImpl.performTablesMigration(GroupedSchemaMigratorImpl.java:84)
	at org.hibernate.tool.schema.internal.AbstractSchemaMigrator.performMigration(AbstractSchemaMigrator.java:240)
	at org.hibernate.tool.schema.internal.AbstractSchemaMigrator.doMigration(AbstractSchemaMigrator.java:119)
	at org.hibernate.tool.schema.spi.SchemaManagementToolCoordinator.performDatabaseAction(SchemaManagementToolCoordinator.java:280)
	at org.hibernate.tool.schema.spi.SchemaManagementToolCoordinator.lambda$process$5(SchemaManagementToolCoordinator.java:144)
	at java.base/java.util.HashMap.forEach(HashMap.java:1429)
	at org.hibernate.tool.schema.spi.SchemaManagementToolCoordinator.process(SchemaManagementToolCoordinator.java:141)
	at org.hibernate.boot.internal.SessionFactoryObserverForSchemaExport.sessionFactoryCreated(SessionFactoryObserverForSchemaExport.java:37)
	at org.hibernate.internal.SessionFactoryObserverChain.sessionFactoryCreated(SessionFactoryObserverChain.java:35)
	at org.hibernate.internal.SessionFactoryImpl.<init>(SessionFactoryImpl.java:322)
	at org.hibernate.boot.internal.SessionFactoryBuilderImpl.build(SessionFactoryBuilderImpl.java:457)
	at org.hibernate.cfg.Configuration.buildSessionFactory(Configuration.java:997)
	at org.hibernate.cfg.Configuration.buildSessionFactory(Configuration.java:1016)
	at com.billing.util.HibernateUtil.initializeSessionFactory(HibernateUtil.java:83)
	at com.billing.util.HibernateUtil.getSessionFactory(HibernateUtil.java:32)
	at com.billing.main.MainApplication.main(MainApplication.java:37)
Caused by: java.sql.SQLException: Referencing column 'document_id' and referenced column 'id' in foreign key constraint 'document_line_ibfk_1' are incompatible.
	at com.mysql.cj.jdbc.exceptions.SQLError.createSQLException(SQLError.java:130)
	at com.mysql.cj.jdbc.exceptions.SQLExceptionsMapping.translateException(SQLExceptionsMapping.java:122)
	at com.mysql.cj.jdbc.StatementImpl.executeInternal(StatementImpl.java:767)
	at com.mysql.cj.jdbc.StatementImpl.execute(StatementImpl.java:652)
	at org.hibernate.tool.schema.internal.exec.GenerationTargetToDatabase.accept(GenerationTargetToDatabase.java:80)
	... 19 more

feb 14, 2026 4:41:31 A. M. org.hibernate.tool.schema.internal.ExceptionHandlerLoggedImpl handleException
WARN: GenerationTarget encountered exception accepting command : Error executing DDL "
    alter table document_line 
       modify column item_id integer" via JDBC [Referencing column 'item_id' and referenced column 'id' in foreign key constraint 'document_line_ibfk_2' are incompatible.]
org.hibernate.tool.schema.spi.CommandAcceptanceException: Error executing DDL "
    alter table document_line 
       modify column item_id integer" via JDBC [Referencing column 'item_id' and referenced column 'id' in foreign key constraint 'document_line_ibfk_2' are incompatible.]
	at org.hibernate.tool.schema.internal.exec.GenerationTargetToDatabase.accept(GenerationTargetToDatabase.java:94)
	at org.hibernate.tool.schema.internal.AbstractSchemaMigrator.applySqlString(AbstractSchemaMigrator.java:583)
	at org.hibernate.tool.schema.internal.AbstractSchemaMigrator.applySqlStrings(AbstractSchemaMigrator.java:523)
	at org.hibernate.tool.schema.internal.AbstractSchemaMigrator.migrateTable(AbstractSchemaMigrator.java:341)
	at org.hibernate.tool.schema.internal.GroupedSchemaMigratorImpl.performTablesMigration(GroupedSchemaMigratorImpl.java:84)
	at org.hibernate.tool.schema.internal.AbstractSchemaMigrator.performMigration(AbstractSchemaMigrator.java:240)
	at org.hibernate.tool.schema.internal.AbstractSchemaMigrator.doMigration(AbstractSchemaMigrator.java:119)
	at org.hibernate.tool.schema.spi.SchemaManagementToolCoordinator.performDatabaseAction(SchemaManagementToolCoordinator.java:280)
	at org.hibernate.tool.schema.spi.SchemaManagementToolCoordinator.lambda$process$5(SchemaManagementToolCoordinator.java:144)
	at java.base/java.util.HashMap.forEach(HashMap.java:1429)
	at org.hibernate.tool.schema.spi.SchemaManagementToolCoordinator.process(SchemaManagementToolCoordinator.java:141)
	at org.hibernate.boot.internal.SessionFactoryObserverForSchemaExport.sessionFactoryCreated(SessionFactoryObserverForSchemaExport.java:37)
	at org.hibernate.internal.SessionFactoryObserverChain.sessionFactoryCreated(SessionFactoryObserverChain.java:35)
	at org.hibernate.internal.SessionFactoryImpl.<init>(SessionFactoryImpl.java:322)
	at org.hibernate.boot.internal.SessionFactoryBuilderImpl.build(SessionFactoryBuilderImpl.java:457)
	at org.hibernate.cfg.Configuration.buildSessionFactory(Configuration.java:997)
	at org.hibernate.cfg.Configuration.buildSessionFactory(Configuration.java:1016)
	at com.billing.util.HibernateUtil.initializeSessionFactory(HibernateUtil.java:83)
	at com.billing.util.HibernateUtil.getSessionFactory(HibernateUtil.java:32)
	at com.billing.main.MainApplication.main(MainApplication.java:37)
Caused by: java.sql.SQLException: Referencing column 'item_id' and referenced column 'id' in foreign key constraint 'document_line_ibfk_2' are incompatible.
	at com.mysql.cj.jdbc.exceptions.SQLError.createSQLException(SQLError.java:130)
	at com.mysql.cj.jdbc.exceptions.SQLExceptionsMapping.translateException(SQLExceptionsMapping.java:122)
	at com.mysql.cj.jdbc.StatementImpl.executeInternal(StatementImpl.java:767)
	at com.mysql.cj.jdbc.StatementImpl.execute(StatementImpl.java:652)
	at org.hibernate.tool.schema.internal.exec.GenerationTargetToDatabase.accept(GenerationTargetToDatabase.java:80)
	... 19 more

feb 14, 2026 4:41:31 A. M. org.hibernate.tool.schema.internal.ExceptionHandlerLoggedImpl handleException
WARN: GenerationTarget encountered exception accepting command : Error executing DDL "
    alter table invoice 
       modify column id integer not null" via JDBC [Referencing column 'id' and referenced column 'id' in foreign key constraint 'invoice_ibfk_1' are incompatible.]
org.hibernate.tool.schema.spi.CommandAcceptanceException: Error executing DDL "
    alter table invoice 
       modify column id integer not null" via JDBC [Referencing column 'id' and referenced column 'id' in foreign key constraint 'invoice_ibfk_1' are incompatible.]
	at org.hibernate.tool.schema.internal.exec.GenerationTargetToDatabase.accept(GenerationTargetToDatabase.java:94)
	at org.hibernate.tool.schema.internal.AbstractSchemaMigrator.applySqlString(AbstractSchemaMigrator.java:583)
	at org.hibernate.tool.schema.internal.AbstractSchemaMigrator.applySqlStrings(AbstractSchemaMigrator.java:523)
	at org.hibernate.tool.schema.internal.AbstractSchemaMigrator.migrateTable(AbstractSchemaMigrator.java:341)
	at org.hibernate.tool.schema.internal.GroupedSchemaMigratorImpl.performTablesMigration(GroupedSchemaMigratorImpl.java:84)
	at org.hibernate.tool.schema.internal.AbstractSchemaMigrator.performMigration(AbstractSchemaMigrator.java:240)
	at org.hibernate.tool.schema.internal.AbstractSchemaMigrator.doMigration(AbstractSchemaMigrator.java:119)
	at org.hibernate.tool.schema.spi.SchemaManagementToolCoordinator.performDatabaseAction(SchemaManagementToolCoordinator.java:280)
	at org.hibernate.tool.schema.spi.SchemaManagementToolCoordinator.lambda$process$5(SchemaManagementToolCoordinator.java:144)
	at java.base/java.util.HashMap.forEach(HashMap.java:1429)
	at org.hibernate.tool.schema.spi.SchemaManagementToolCoordinator.process(SchemaManagementToolCoordinator.java:141)
	at org.hibernate.boot.internal.SessionFactoryObserverForSchemaExport.sessionFactoryCreated(SessionFactoryObserverForSchemaExport.java:37)
	at org.hibernate.internal.SessionFactoryObserverChain.sessionFactoryCreated(SessionFactoryObserverChain.java:35)
	at org.hibernate.internal.SessionFactoryImpl.<init>(SessionFactoryImpl.java:322)
	at org.hibernate.boot.internal.SessionFactoryBuilderImpl.build(SessionFactoryBuilderImpl.java:457)
	at org.hibernate.cfg.Configuration.buildSessionFactory(Configuration.java:997)
	at org.hibernate.cfg.Configuration.buildSessionFactory(Configuration.java:1016)
	at com.billing.util.HibernateUtil.initializeSessionFactory(HibernateUtil.java:83)
	at com.billing.util.HibernateUtil.getSessionFactory(HibernateUtil.java:32)
	at com.billing.main.MainApplication.main(MainApplication.java:37)
Caused by: java.sql.SQLException: Referencing column 'id' and referenced column 'id' in foreign key constraint 'invoice_ibfk_1' are incompatible.
	at com.mysql.cj.jdbc.exceptions.SQLError.createSQLException(SQLError.java:130)
	at com.mysql.cj.jdbc.exceptions.SQLExceptionsMapping.translateException(SQLExceptionsMapping.java:122)
	at com.mysql.cj.jdbc.StatementImpl.executeInternal(StatementImpl.java:767)
	at com.mysql.cj.jdbc.StatementImpl.execute(StatementImpl.java:652)
	at org.hibernate.tool.schema.internal.exec.GenerationTargetToDatabase.accept(GenerationTargetToDatabase.java:80)
	... 19 more

feb 14, 2026 4:41:31 A. M. org.hibernate.tool.schema.internal.ExceptionHandlerLoggedImpl handleException
WARN: GenerationTarget encountered exception accepting command : Error executing DDL "
    alter table item 
       modify column id integer not null auto_increment" via JDBC [Referencing column 'item_id' and referenced column 'id' in foreign key constraint 'document_line_ibfk_2' are incompatible.]
org.hibernate.tool.schema.spi.CommandAcceptanceException: Error executing DDL "
    alter table item 
       modify column id integer not null auto_increment" via JDBC [Referencing column 'item_id' and referenced column 'id' in foreign key constraint 'document_line_ibfk_2' are incompatible.]
	at org.hibernate.tool.schema.internal.exec.GenerationTargetToDatabase.accept(GenerationTargetToDatabase.java:94)
	at org.hibernate.tool.schema.internal.AbstractSchemaMigrator.applySqlString(AbstractSchemaMigrator.java:583)
	at org.hibernate.tool.schema.internal.AbstractSchemaMigrator.applySqlStrings(AbstractSchemaMigrator.java:523)
	at org.hibernate.tool.schema.internal.AbstractSchemaMigrator.migrateTable(AbstractSchemaMigrator.java:341)
	at org.hibernate.tool.schema.internal.GroupedSchemaMigratorImpl.performTablesMigration(GroupedSchemaMigratorImpl.java:84)
	at org.hibernate.tool.schema.internal.AbstractSchemaMigrator.performMigration(AbstractSchemaMigrator.java:240)
	at org.hibernate.tool.schema.internal.AbstractSchemaMigrator.doMigration(AbstractSchemaMigrator.java:119)
	at org.hibernate.tool.schema.spi.SchemaManagementToolCoordinator.performDatabaseAction(SchemaManagementToolCoordinator.java:280)
	at org.hibernate.tool.schema.spi.SchemaManagementToolCoordinator.lambda$process$5(SchemaManagementToolCoordinator.java:144)
	at java.base/java.util.HashMap.forEach(HashMap.java:1429)
	at org.hibernate.tool.schema.spi.SchemaManagementToolCoordinator.process(SchemaManagementToolCoordinator.java:141)
	at org.hibernate.boot.internal.SessionFactoryObserverForSchemaExport.sessionFactoryCreated(SessionFactoryObserverForSchemaExport.java:37)
	at org.hibernate.internal.SessionFactoryObserverChain.sessionFactoryCreated(SessionFactoryObserverChain.java:35)
	at org.hibernate.internal.SessionFactoryImpl.<init>(SessionFactoryImpl.java:322)
	at org.hibernate.boot.internal.SessionFactoryBuilderImpl.build(SessionFactoryBuilderImpl.java:457)
	at org.hibernate.cfg.Configuration.buildSessionFactory(Configuration.java:997)
	at org.hibernate.cfg.Configuration.buildSessionFactory(Configuration.java:1016)
	at com.billing.util.HibernateUtil.initializeSessionFactory(HibernateUtil.java:83)
	at com.billing.util.HibernateUtil.getSessionFactory(HibernateUtil.java:32)
	at com.billing.main.MainApplication.main(MainApplication.java:37)
Caused by: java.sql.SQLException: Referencing column 'item_id' and referenced column 'id' in foreign key constraint 'document_line_ibfk_2' are incompatible.
	at com.mysql.cj.jdbc.exceptions.SQLError.createSQLException(SQLError.java:130)
	at com.mysql.cj.jdbc.exceptions.SQLExceptionsMapping.translateException(SQLExceptionsMapping.java:122)
	at com.mysql.cj.jdbc.StatementImpl.executeInternal(StatementImpl.java:767)
	at com.mysql.cj.jdbc.StatementImpl.execute(StatementImpl.java:652)
	at org.hibernate.tool.schema.internal.exec.GenerationTargetToDatabase.accept(GenerationTargetToDatabase.java:80)
	... 19 more

feb 14, 2026 4:41:31 A. M. org.hibernate.tool.schema.internal.ExceptionHandlerLoggedImpl handleException
WARN: GenerationTarget encountered exception accepting command : Error executing DDL "
    alter table item 
       modify column category_code varchar(10)" via JDBC [Cannot change column 'category_code': used in a foreign key constraint 'item_ibfk_2']
org.hibernate.tool.schema.spi.CommandAcceptanceException: Error executing DDL "
    alter table item 
       modify column category_code varchar(10)" via JDBC [Cannot change column 'category_code': used in a foreign key constraint 'item_ibfk_2']
	at org.hibernate.tool.schema.internal.exec.GenerationTargetToDatabase.accept(GenerationTargetToDatabase.java:94)
	at org.hibernate.tool.schema.internal.AbstractSchemaMigrator.applySqlString(AbstractSchemaMigrator.java:583)
	at org.hibernate.tool.schema.internal.AbstractSchemaMigrator.applySqlStrings(AbstractSchemaMigrator.java:523)
	at org.hibernate.tool.schema.internal.AbstractSchemaMigrator.migrateTable(AbstractSchemaMigrator.java:341)
	at org.hibernate.tool.schema.internal.GroupedSchemaMigratorImpl.performTablesMigration(GroupedSchemaMigratorImpl.java:84)
	at org.hibernate.tool.schema.internal.AbstractSchemaMigrator.performMigration(AbstractSchemaMigrator.java:240)
	at org.hibernate.tool.schema.internal.AbstractSchemaMigrator.doMigration(AbstractSchemaMigrator.java:119)
	at org.hibernate.tool.schema.spi.SchemaManagementToolCoordinator.performDatabaseAction(SchemaManagementToolCoordinator.java:280)
	at org.hibernate.tool.schema.spi.SchemaManagementToolCoordinator.lambda$process$5(SchemaManagementToolCoordinator.java:144)
	at java.base/java.util.HashMap.forEach(HashMap.java:1429)
	at org.hibernate.tool.schema.spi.SchemaManagementToolCoordinator.process(SchemaManagementToolCoordinator.java:141)
	at org.hibernate.boot.internal.SessionFactoryObserverForSchemaExport.sessionFactoryCreated(SessionFactoryObserverForSchemaExport.java:37)
	at org.hibernate.internal.SessionFactoryObserverChain.sessionFactoryCreated(SessionFactoryObserverChain.java:35)
	at org.hibernate.internal.SessionFactoryImpl.<init>(SessionFactoryImpl.java:322)
	at org.hibernate.boot.internal.SessionFactoryBuilderImpl.build(SessionFactoryBuilderImpl.java:457)
	at org.hibernate.cfg.Configuration.buildSessionFactory(Configuration.java:997)
	at org.hibernate.cfg.Configuration.buildSessionFactory(Configuration.java:1016)
	at com.billing.util.HibernateUtil.initializeSessionFactory(HibernateUtil.java:83)
	at com.billing.util.HibernateUtil.getSessionFactory(HibernateUtil.java:32)
	at com.billing.main.MainApplication.main(MainApplication.java:37)
Caused by: java.sql.SQLException: Cannot change column 'category_code': used in a foreign key constraint 'item_ibfk_2'
	at com.mysql.cj.jdbc.exceptions.SQLError.createSQLException(SQLError.java:130)
	at com.mysql.cj.jdbc.exceptions.SQLExceptionsMapping.translateException(SQLExceptionsMapping.java:122)
	at com.mysql.cj.jdbc.StatementImpl.executeInternal(StatementImpl.java:767)
	at com.mysql.cj.jdbc.StatementImpl.execute(StatementImpl.java:652)
	at org.hibernate.tool.schema.internal.exec.GenerationTargetToDatabase.accept(GenerationTargetToDatabase.java:80)
	... 19 more

feb 14, 2026 4:41:31 A. M. org.hibernate.tool.schema.internal.ExceptionHandlerLoggedImpl handleException
WARN: GenerationTarget encountered exception accepting command : Error executing DDL "
    alter table item 
       modify column family_code varchar(10)" via JDBC [Cannot change column 'family_code': used in a foreign key constraint 'item_ibfk_1']
org.hibernate.tool.schema.spi.CommandAcceptanceException: Error executing DDL "
    alter table item 
       modify column family_code varchar(10)" via JDBC [Cannot change column 'family_code': used in a foreign key constraint 'item_ibfk_1']
	at org.hibernate.tool.schema.internal.exec.GenerationTargetToDatabase.accept(GenerationTargetToDatabase.java:94)
	at org.hibernate.tool.schema.internal.AbstractSchemaMigrator.applySqlString(AbstractSchemaMigrator.java:583)
	at org.hibernate.tool.schema.internal.AbstractSchemaMigrator.applySqlStrings(AbstractSchemaMigrator.java:523)
	at org.hibernate.tool.schema.internal.AbstractSchemaMigrator.migrateTable(AbstractSchemaMigrator.java:341)
	at org.hibernate.tool.schema.internal.GroupedSchemaMigratorImpl.performTablesMigration(GroupedSchemaMigratorImpl.java:84)
	at org.hibernate.tool.schema.internal.AbstractSchemaMigrator.performMigration(AbstractSchemaMigrator.java:240)
	at org.hibernate.tool.schema.internal.AbstractSchemaMigrator.doMigration(AbstractSchemaMigrator.java:119)
	at org.hibernate.tool.schema.spi.SchemaManagementToolCoordinator.performDatabaseAction(SchemaManagementToolCoordinator.java:280)
	at org.hibernate.tool.schema.spi.SchemaManagementToolCoordinator.lambda$process$5(SchemaManagementToolCoordinator.java:144)
	at java.base/java.util.HashMap.forEach(HashMap.java:1429)
	at org.hibernate.tool.schema.spi.SchemaManagementToolCoordinator.process(SchemaManagementToolCoordinator.java:141)
	at org.hibernate.boot.internal.SessionFactoryObserverForSchemaExport.sessionFactoryCreated(SessionFactoryObserverForSchemaExport.java:37)
	at org.hibernate.internal.SessionFactoryObserverChain.sessionFactoryCreated(SessionFactoryObserverChain.java:35)
	at org.hibernate.internal.SessionFactoryImpl.<init>(SessionFactoryImpl.java:322)
	at org.hibernate.boot.internal.SessionFactoryBuilderImpl.build(SessionFactoryBuilderImpl.java:457)
	at org.hibernate.cfg.Configuration.buildSessionFactory(Configuration.java:997)
	at org.hibernate.cfg.Configuration.buildSessionFactory(Configuration.java:1016)
	at com.billing.util.HibernateUtil.initializeSessionFactory(HibernateUtil.java:83)
	at com.billing.util.HibernateUtil.getSessionFactory(HibernateUtil.java:32)
	at com.billing.main.MainApplication.main(MainApplication.java:37)
Caused by: java.sql.SQLException: Cannot change column 'family_code': used in a foreign key constraint 'item_ibfk_1'
	at com.mysql.cj.jdbc.exceptions.SQLError.createSQLException(SQLError.java:130)
	at com.mysql.cj.jdbc.exceptions.SQLExceptionsMapping.translateException(SQLExceptionsMapping.java:122)
	at com.mysql.cj.jdbc.StatementImpl.executeInternal(StatementImpl.java:767)
	at com.mysql.cj.jdbc.StatementImpl.execute(StatementImpl.java:652)
	at org.hibernate.tool.schema.internal.exec.GenerationTargetToDatabase.accept(GenerationTargetToDatabase.java:80)
	... 19 more

feb 14, 2026 4:41:31 A. M. org.hibernate.tool.schema.internal.ExceptionHandlerLoggedImpl handleException
WARN: GenerationTarget encountered exception accepting command : Error executing DDL "
    alter table item 
       modify column supplier_id integer" via JDBC [Referencing column 'supplier_id' and referenced column 'id' in foreign key constraint 'item_ibfk_4' are incompatible.]
org.hibernate.tool.schema.spi.CommandAcceptanceException: Error executing DDL "
    alter table item 
       modify column supplier_id integer" via JDBC [Referencing column 'supplier_id' and referenced column 'id' in foreign key constraint 'item_ibfk_4' are incompatible.]
	at org.hibernate.tool.schema.internal.exec.GenerationTargetToDatabase.accept(GenerationTargetToDatabase.java:94)
	at org.hibernate.tool.schema.internal.AbstractSchemaMigrator.applySqlString(AbstractSchemaMigrator.java:583)
	at org.hibernate.tool.schema.internal.AbstractSchemaMigrator.applySqlStrings(AbstractSchemaMigrator.java:523)
	at org.hibernate.tool.schema.internal.AbstractSchemaMigrator.migrateTable(AbstractSchemaMigrator.java:341)
	at org.hibernate.tool.schema.internal.GroupedSchemaMigratorImpl.performTablesMigration(GroupedSchemaMigratorImpl.java:84)
	at org.hibernate.tool.schema.internal.AbstractSchemaMigrator.performMigration(AbstractSchemaMigrator.java:240)
	at org.hibernate.tool.schema.internal.AbstractSchemaMigrator.doMigration(AbstractSchemaMigrator.java:119)
	at org.hibernate.tool.schema.spi.SchemaManagementToolCoordinator.performDatabaseAction(SchemaManagementToolCoordinator.java:280)
	at org.hibernate.tool.schema.spi.SchemaManagementToolCoordinator.lambda$process$5(SchemaManagementToolCoordinator.java:144)
	at java.base/java.util.HashMap.forEach(HashMap.java:1429)
	at org.hibernate.tool.schema.spi.SchemaManagementToolCoordinator.process(SchemaManagementToolCoordinator.java:141)
	at org.hibernate.boot.internal.SessionFactoryObserverForSchemaExport.sessionFactoryCreated(SessionFactoryObserverForSchemaExport.java:37)
	at org.hibernate.internal.SessionFactoryObserverChain.sessionFactoryCreated(SessionFactoryObserverChain.java:35)
	at org.hibernate.internal.SessionFactoryImpl.<init>(SessionFactoryImpl.java:322)
	at org.hibernate.boot.internal.SessionFactoryBuilderImpl.build(SessionFactoryBuilderImpl.java:457)
	at org.hibernate.cfg.Configuration.buildSessionFactory(Configuration.java:997)
	at org.hibernate.cfg.Configuration.buildSessionFactory(Configuration.java:1016)
	at com.billing.util.HibernateUtil.initializeSessionFactory(HibernateUtil.java:83)
	at com.billing.util.HibernateUtil.getSessionFactory(HibernateUtil.java:32)
	at com.billing.main.MainApplication.main(MainApplication.java:37)
Caused by: java.sql.SQLException: Referencing column 'supplier_id' and referenced column 'id' in foreign key constraint 'item_ibfk_4' are incompatible.
	at com.mysql.cj.jdbc.exceptions.SQLError.createSQLException(SQLError.java:130)
	at com.mysql.cj.jdbc.exceptions.SQLExceptionsMapping.translateException(SQLExceptionsMapping.java:122)
	at com.mysql.cj.jdbc.StatementImpl.executeInternal(StatementImpl.java:767)
	at com.mysql.cj.jdbc.StatementImpl.execute(StatementImpl.java:652)
	at org.hibernate.tool.schema.internal.exec.GenerationTargetToDatabase.accept(GenerationTargetToDatabase.java:80)
	... 19 more

feb 14, 2026 4:41:31 A. M. org.hibernate.tool.schema.internal.ExceptionHandlerLoggedImpl handleException
WARN: GenerationTarget encountered exception accepting command : Error executing DDL "
    alter table item_categories 
       modify column code varchar(10) not null" via JDBC [Cannot change column 'code': used in a foreign key constraint 'item_ibfk_2' of table 'facturacio.item']
org.hibernate.tool.schema.spi.CommandAcceptanceException: Error executing DDL "
    alter table item_categories 
       modify column code varchar(10) not null" via JDBC [Cannot change column 'code': used in a foreign key constraint 'item_ibfk_2' of table 'facturacio.item']
	at org.hibernate.tool.schema.internal.exec.GenerationTargetToDatabase.accept(GenerationTargetToDatabase.java:94)
	at org.hibernate.tool.schema.internal.AbstractSchemaMigrator.applySqlString(AbstractSchemaMigrator.java:583)
	at org.hibernate.tool.schema.internal.AbstractSchemaMigrator.applySqlStrings(AbstractSchemaMigrator.java:523)
	at org.hibernate.tool.schema.internal.AbstractSchemaMigrator.migrateTable(AbstractSchemaMigrator.java:341)
	at org.hibernate.tool.schema.internal.GroupedSchemaMigratorImpl.performTablesMigration(GroupedSchemaMigratorImpl.java:84)
	at org.hibernate.tool.schema.internal.AbstractSchemaMigrator.performMigration(AbstractSchemaMigrator.java:240)
	at org.hibernate.tool.schema.internal.AbstractSchemaMigrator.doMigration(AbstractSchemaMigrator.java:119)
	at org.hibernate.tool.schema.spi.SchemaManagementToolCoordinator.performDatabaseAction(SchemaManagementToolCoordinator.java:280)
	at org.hibernate.tool.schema.spi.SchemaManagementToolCoordinator.lambda$process$5(SchemaManagementToolCoordinator.java:144)
	at java.base/java.util.HashMap.forEach(HashMap.java:1429)
	at org.hibernate.tool.schema.spi.SchemaManagementToolCoordinator.process(SchemaManagementToolCoordinator.java:141)
	at org.hibernate.boot.internal.SessionFactoryObserverForSchemaExport.sessionFactoryCreated(SessionFactoryObserverForSchemaExport.java:37)
	at org.hibernate.internal.SessionFactoryObserverChain.sessionFactoryCreated(SessionFactoryObserverChain.java:35)
	at org.hibernate.internal.SessionFactoryImpl.<init>(SessionFactoryImpl.java:322)
	at org.hibernate.boot.internal.SessionFactoryBuilderImpl.build(SessionFactoryBuilderImpl.java:457)
	at org.hibernate.cfg.Configuration.buildSessionFactory(Configuration.java:997)
	at org.hibernate.cfg.Configuration.buildSessionFactory(Configuration.java:1016)
	at com.billing.util.HibernateUtil.initializeSessionFactory(HibernateUtil.java:83)
	at com.billing.util.HibernateUtil.getSessionFactory(HibernateUtil.java:32)
	at com.billing.main.MainApplication.main(MainApplication.java:37)
Caused by: java.sql.SQLException: Cannot change column 'code': used in a foreign key constraint 'item_ibfk_2' of table 'facturacio.item'
	at com.mysql.cj.jdbc.exceptions.SQLError.createSQLException(SQLError.java:130)
	at com.mysql.cj.jdbc.exceptions.SQLExceptionsMapping.translateException(SQLExceptionsMapping.java:122)
	at com.mysql.cj.jdbc.StatementImpl.executeInternal(StatementImpl.java:767)
	at com.mysql.cj.jdbc.StatementImpl.execute(StatementImpl.java:652)
	at org.hibernate.tool.schema.internal.exec.GenerationTargetToDatabase.accept(GenerationTargetToDatabase.java:80)
	... 19 more

feb 14, 2026 4:41:31 A. M. org.hibernate.tool.schema.internal.ExceptionHandlerLoggedImpl handleException
WARN: GenerationTarget encountered exception accepting command : Error executing DDL "
    alter table item_families 
       modify column code varchar(10) not null" via JDBC [Cannot change column 'code': used in a foreign key constraint 'item_ibfk_1' of table 'facturacio.item']
org.hibernate.tool.schema.spi.CommandAcceptanceException: Error executing DDL "
    alter table item_families 
       modify column code varchar(10) not null" via JDBC [Cannot change column 'code': used in a foreign key constraint 'item_ibfk_1' of table 'facturacio.item']
	at org.hibernate.tool.schema.internal.exec.GenerationTargetToDatabase.accept(GenerationTargetToDatabase.java:94)
	at org.hibernate.tool.schema.internal.AbstractSchemaMigrator.applySqlString(AbstractSchemaMigrator.java:583)
	at org.hibernate.tool.schema.internal.AbstractSchemaMigrator.applySqlStrings(AbstractSchemaMigrator.java:523)
	at org.hibernate.tool.schema.internal.AbstractSchemaMigrator.migrateTable(AbstractSchemaMigrator.java:341)
	at org.hibernate.tool.schema.internal.GroupedSchemaMigratorImpl.performTablesMigration(GroupedSchemaMigratorImpl.java:84)
	at org.hibernate.tool.schema.internal.AbstractSchemaMigrator.performMigration(AbstractSchemaMigrator.java:240)
	at org.hibernate.tool.schema.internal.AbstractSchemaMigrator.doMigration(AbstractSchemaMigrator.java:119)
	at org.hibernate.tool.schema.spi.SchemaManagementToolCoordinator.performDatabaseAction(SchemaManagementToolCoordinator.java:280)
	at org.hibernate.tool.schema.spi.SchemaManagementToolCoordinator.lambda$process$5(SchemaManagementToolCoordinator.java:144)
	at java.base/java.util.HashMap.forEach(HashMap.java:1429)
	at org.hibernate.tool.schema.spi.SchemaManagementToolCoordinator.process(SchemaManagementToolCoordinator.java:141)
	at org.hibernate.boot.internal.SessionFactoryObserverForSchemaExport.sessionFactoryCreated(SessionFactoryObserverForSchemaExport.java:37)
	at org.hibernate.internal.SessionFactoryObserverChain.sessionFactoryCreated(SessionFactoryObserverChain.java:35)
	at org.hibernate.internal.SessionFactoryImpl.<init>(SessionFactoryImpl.java:322)
	at org.hibernate.boot.internal.SessionFactoryBuilderImpl.build(SessionFactoryBuilderImpl.java:457)
	at org.hibernate.cfg.Configuration.buildSessionFactory(Configuration.java:997)
	at org.hibernate.cfg.Configuration.buildSessionFactory(Configuration.java:1016)
	at com.billing.util.HibernateUtil.initializeSessionFactory(HibernateUtil.java:83)
	at com.billing.util.HibernateUtil.getSessionFactory(HibernateUtil.java:32)
	at com.billing.main.MainApplication.main(MainApplication.java:37)
Caused by: java.sql.SQLException: Cannot change column 'code': used in a foreign key constraint 'item_ibfk_1' of table 'facturacio.item'
	at com.mysql.cj.jdbc.exceptions.SQLError.createSQLException(SQLError.java:130)
	at com.mysql.cj.jdbc.exceptions.SQLExceptionsMapping.translateException(SQLExceptionsMapping.java:122)
	at com.mysql.cj.jdbc.StatementImpl.executeInternal(StatementImpl.java:767)
	at com.mysql.cj.jdbc.StatementImpl.execute(StatementImpl.java:652)
	at org.hibernate.tool.schema.internal.exec.GenerationTargetToDatabase.accept(GenerationTargetToDatabase.java:80)
	... 19 more

feb 14, 2026 4:41:31 A. M. org.hibernate.tool.schema.internal.ExceptionHandlerLoggedImpl handleException
WARN: GenerationTarget encountered exception accepting command : Error executing DDL "
    alter table party 
       modify column id integer not null auto_increment" via JDBC [Referencing column 'id' and referenced column 'id' in foreign key constraint 'supplier_ibfk_1' are incompatible.]
org.hibernate.tool.schema.spi.CommandAcceptanceException: Error executing DDL "
    alter table party 
       modify column id integer not null auto_increment" via JDBC [Referencing column 'id' and referenced column 'id' in foreign key constraint 'supplier_ibfk_1' are incompatible.]
	at org.hibernate.tool.schema.internal.exec.GenerationTargetToDatabase.accept(GenerationTargetToDatabase.java:94)
	at org.hibernate.tool.schema.internal.AbstractSchemaMigrator.applySqlString(AbstractSchemaMigrator.java:583)
	at org.hibernate.tool.schema.internal.AbstractSchemaMigrator.applySqlStrings(AbstractSchemaMigrator.java:523)
	at org.hibernate.tool.schema.internal.AbstractSchemaMigrator.migrateTable(AbstractSchemaMigrator.java:341)
	at org.hibernate.tool.schema.internal.GroupedSchemaMigratorImpl.performTablesMigration(GroupedSchemaMigratorImpl.java:84)
	at org.hibernate.tool.schema.internal.AbstractSchemaMigrator.performMigration(AbstractSchemaMigrator.java:240)
	at org.hibernate.tool.schema.internal.AbstractSchemaMigrator.doMigration(AbstractSchemaMigrator.java:119)
	at org.hibernate.tool.schema.spi.SchemaManagementToolCoordinator.performDatabaseAction(SchemaManagementToolCoordinator.java:280)
	at org.hibernate.tool.schema.spi.SchemaManagementToolCoordinator.lambda$process$5(SchemaManagementToolCoordinator.java:144)
	at java.base/java.util.HashMap.forEach(HashMap.java:1429)
	at org.hibernate.tool.schema.spi.SchemaManagementToolCoordinator.process(SchemaManagementToolCoordinator.java:141)
	at org.hibernate.boot.internal.SessionFactoryObserverForSchemaExport.sessionFactoryCreated(SessionFactoryObserverForSchemaExport.java:37)
	at org.hibernate.internal.SessionFactoryObserverChain.sessionFactoryCreated(SessionFactoryObserverChain.java:35)
	at org.hibernate.internal.SessionFactoryImpl.<init>(SessionFactoryImpl.java:322)
	at org.hibernate.boot.internal.SessionFactoryBuilderImpl.build(SessionFactoryBuilderImpl.java:457)
	at org.hibernate.cfg.Configuration.buildSessionFactory(Configuration.java:997)
	at org.hibernate.cfg.Configuration.buildSessionFactory(Configuration.java:1016)
	at com.billing.util.HibernateUtil.initializeSessionFactory(HibernateUtil.java:83)
	at com.billing.util.HibernateUtil.getSessionFactory(HibernateUtil.java:32)
	at com.billing.main.MainApplication.main(MainApplication.java:37)
Caused by: java.sql.SQLException: Referencing column 'id' and referenced column 'id' in foreign key constraint 'supplier_ibfk_1' are incompatible.
	at com.mysql.cj.jdbc.exceptions.SQLError.createSQLException(SQLError.java:130)
	at com.mysql.cj.jdbc.exceptions.SQLExceptionsMapping.translateException(SQLExceptionsMapping.java:122)
	at com.mysql.cj.jdbc.StatementImpl.executeInternal(StatementImpl.java:767)
	at com.mysql.cj.jdbc.StatementImpl.execute(StatementImpl.java:652)
	at org.hibernate.tool.schema.internal.exec.GenerationTargetToDatabase.accept(GenerationTargetToDatabase.java:80)
	... 19 more

feb 14, 2026 4:41:31 A. M. org.hibernate.tool.schema.internal.ExceptionHandlerLoggedImpl handleException
WARN: GenerationTarget encountered exception accepting command : Error executing DDL "
    alter table supplier 
       modify column id integer not null" via JDBC [Referencing column 'id' and referenced column 'id' in foreign key constraint 'supplier_ibfk_1' are incompatible.]
org.hibernate.tool.schema.spi.CommandAcceptanceException: Error executing DDL "
    alter table supplier 
       modify column id integer not null" via JDBC [Referencing column 'id' and referenced column 'id' in foreign key constraint 'supplier_ibfk_1' are incompatible.]
	at org.hibernate.tool.schema.internal.exec.GenerationTargetToDatabase.accept(GenerationTargetToDatabase.java:94)
	at org.hibernate.tool.schema.internal.AbstractSchemaMigrator.applySqlString(AbstractSchemaMigrator.java:583)
	at org.hibernate.tool.schema.internal.AbstractSchemaMigrator.applySqlStrings(AbstractSchemaMigrator.java:523)
	at org.hibernate.tool.schema.internal.AbstractSchemaMigrator.migrateTable(AbstractSchemaMigrator.java:341)
	at org.hibernate.tool.schema.internal.GroupedSchemaMigratorImpl.performTablesMigration(GroupedSchemaMigratorImpl.java:84)
	at org.hibernate.tool.schema.internal.AbstractSchemaMigrator.performMigration(AbstractSchemaMigrator.java:240)
	at org.hibernate.tool.schema.internal.AbstractSchemaMigrator.doMigration(AbstractSchemaMigrator.java:119)
	at org.hibernate.tool.schema.spi.SchemaManagementToolCoordinator.performDatabaseAction(SchemaManagementToolCoordinator.java:280)
	at org.hibernate.tool.schema.spi.SchemaManagementToolCoordinator.lambda$process$5(SchemaManagementToolCoordinator.java:144)
	at java.base/java.util.HashMap.forEach(HashMap.java:1429)
	at org.hibernate.tool.schema.spi.SchemaManagementToolCoordinator.process(SchemaManagementToolCoordinator.java:141)
	at org.hibernate.boot.internal.SessionFactoryObserverForSchemaExport.sessionFactoryCreated(SessionFactoryObserverForSchemaExport.java:37)
	at org.hibernate.internal.SessionFactoryObserverChain.sessionFactoryCreated(SessionFactoryObserverChain.java:35)
	at org.hibernate.internal.SessionFactoryImpl.<init>(SessionFactoryImpl.java:322)
	at org.hibernate.boot.internal.SessionFactoryBuilderImpl.build(SessionFactoryBuilderImpl.java:457)
	at org.hibernate.cfg.Configuration.buildSessionFactory(Configuration.java:997)
	at org.hibernate.cfg.Configuration.buildSessionFactory(Configuration.java:1016)
	at com.billing.util.HibernateUtil.initializeSessionFactory(HibernateUtil.java:83)
	at com.billing.util.HibernateUtil.getSessionFactory(HibernateUtil.java:32)
	at com.billing.main.MainApplication.main(MainApplication.java:37)
Caused by: java.sql.SQLException: Referencing column 'id' and referenced column 'id' in foreign key constraint 'supplier_ibfk_1' are incompatible.
	at com.mysql.cj.jdbc.exceptions.SQLError.createSQLException(SQLError.java:130)
	at com.mysql.cj.jdbc.exceptions.SQLExceptionsMapping.translateException(SQLExceptionsMapping.java:122)
	at com.mysql.cj.jdbc.StatementImpl.executeInternal(StatementImpl.java:767)
	at com.mysql.cj.jdbc.StatementImpl.execute(StatementImpl.java:652)
	at org.hibernate.tool.schema.internal.exec.GenerationTargetToDatabase.accept(GenerationTargetToDatabase.java:80)
	... 19 more

feb 14, 2026 4:41:31 A. M. com.billing.util.HibernateUtil initializeSessionFactory
INFO: Hibernate SessionFactory initialized successfully for MySQL database
feb 14, 2026 4:41:31 A. M. com.billing.service.ClientService <init>
INFO: ClientService initialized with PartyRepository
feb 14, 2026 4:41:31 A. M. com.billing.service.SupplierService <init>
INFO: SupplierService initialized with PartyRepository
feb 14, 2026 4:43:24 A. M. com.billing.main.MainApplication main
INFO: Initializing Hibernate with MySQL database...
feb 14, 2026 4:43:24 A. M. com.billing.util.HibernateUtil initializeSessionFactory
INFO: Initializing Hibernate SessionFactory with hibernate.cfg.xml...
feb 14, 2026 4:43:24 A. M. com.billing.util.HibernateUtil initializeSessionFactory
INFO: Configuration file found at: file:/C:/Users/albag/Documents/2o/ACCESO%20DATOS/TEMA%203/Hibernate/target/classes/hibernate.cfg.xml
feb 14, 2026 4:43:25 A. M. org.hibernate.Version logVersion
INFO: HHH000412: Hibernate ORM core version 6.5.3.Final
feb 14, 2026 4:43:25 A. M. org.hibernate.cache.internal.RegionFactoryInitiator initiateService
INFO: HHH000026: Second-level cache disabled
feb 14, 2026 4:43:25 A. M. org.hibernate.engine.jdbc.connections.internal.DriverManagerConnectionProviderImpl configure
WARN: HHH10001002: Using built-in connection pool (not intended for production use)
feb 14, 2026 4:43:25 A. M. org.hibernate.engine.jdbc.connections.internal.DriverManagerConnectionProviderImpl buildCreator
INFO: HHH10001005: Loaded JDBC driver class: com.mysql.cj.jdbc.Driver
feb 14, 2026 4:43:25 A. M. org.hibernate.engine.jdbc.connections.internal.DriverManagerConnectionProviderImpl buildCreator
INFO: HHH10001012: Connecting with JDBC URL [jdbc:mysql://localhost:3306/facturacio?useSSL=false&serverTimezone=UTC&allowPublicKeyRetrieval=true]
feb 14, 2026 4:43:25 A. M. org.hibernate.engine.jdbc.connections.internal.DriverManagerConnectionProviderImpl buildCreator
INFO: HHH10001001: Connection properties: {password=****, user=usuario}
feb 14, 2026 4:43:25 A. M. org.hibernate.engine.jdbc.connections.internal.DriverManagerConnectionProviderImpl buildCreator
INFO: HHH10001003: Autocommit mode: false
feb 14, 2026 4:43:25 A. M. org.hibernate.engine.jdbc.connections.internal.DriverManagerConnectionProviderImpl$PooledConnections <init>
INFO: HHH10001115: Connection pool size: 1 (min=1)
feb 14, 2026 4:43:25 A. M. org.hibernate.engine.jdbc.dialect.internal.DialectFactoryImpl constructDialect
WARN: HHH90000025: MySQL8Dialect does not need to be specified explicitly using 'hibernate.dialect' (remove the property setting and it will be selected by default)
feb 14, 2026 4:43:25 A. M. org.hibernate.engine.jdbc.dialect.internal.DialectFactoryImpl logSelectedDialect
WARN: HHH90000026: MySQL8Dialect has been deprecated; use org.hibernate.dialect.MySQLDialect instead
feb 14, 2026 4:43:27 A. M. org.hibernate.resource.transaction.backend.jdbc.internal.DdlTransactionIsolatorNonJtaImpl getIsolatedConnection
INFO: HHH10001501: Connection obtained from JdbcConnectionAccess [org.hibernate.engine.jdbc.env.internal.JdbcEnvironmentInitiator$ConnectionProviderJdbcConnectionAccess@18db3b3c] for (non-JTA) DDL execution was not in auto-commit mode; the Connection 'local transaction' will be committed and the Connection will be set into auto-commit mode.
feb 14, 2026 4:43:27 A. M. org.hibernate.tool.schema.internal.ExceptionHandlerLoggedImpl handleException
WARN: GenerationTarget encountered exception accepting command : Error executing DDL "
    alter table business_document 
       modify column id integer not null auto_increment" via JDBC [Referencing column 'id' and referenced column 'id' in foreign key constraint 'delivery_note_ibfk_1' are incompatible.]
org.hibernate.tool.schema.spi.CommandAcceptanceException: Error executing DDL "
    alter table business_document 
       modify column id integer not null auto_increment" via JDBC [Referencing column 'id' and referenced column 'id' in foreign key constraint 'delivery_note_ibfk_1' are incompatible.]
	at org.hibernate.tool.schema.internal.exec.GenerationTargetToDatabase.accept(GenerationTargetToDatabase.java:94)
	at org.hibernate.tool.schema.internal.AbstractSchemaMigrator.applySqlString(AbstractSchemaMigrator.java:583)
	at org.hibernate.tool.schema.internal.AbstractSchemaMigrator.applySqlStrings(AbstractSchemaMigrator.java:523)
	at org.hibernate.tool.schema.internal.AbstractSchemaMigrator.migrateTable(AbstractSchemaMigrator.java:341)
	at org.hibernate.tool.schema.internal.GroupedSchemaMigratorImpl.performTablesMigration(GroupedSchemaMigratorImpl.java:84)
	at org.hibernate.tool.schema.internal.AbstractSchemaMigrator.performMigration(AbstractSchemaMigrator.java:240)
	at org.hibernate.tool.schema.internal.AbstractSchemaMigrator.doMigration(AbstractSchemaMigrator.java:119)
	at org.hibernate.tool.schema.spi.SchemaManagementToolCoordinator.performDatabaseAction(SchemaManagementToolCoordinator.java:280)
	at org.hibernate.tool.schema.spi.SchemaManagementToolCoordinator.lambda$process$5(SchemaManagementToolCoordinator.java:144)
	at java.base/java.util.HashMap.forEach(HashMap.java:1429)
	at org.hibernate.tool.schema.spi.SchemaManagementToolCoordinator.process(SchemaManagementToolCoordinator.java:141)
	at org.hibernate.boot.internal.SessionFactoryObserverForSchemaExport.sessionFactoryCreated(SessionFactoryObserverForSchemaExport.java:37)
	at org.hibernate.internal.SessionFactoryObserverChain.sessionFactoryCreated(SessionFactoryObserverChain.java:35)
	at org.hibernate.internal.SessionFactoryImpl.<init>(SessionFactoryImpl.java:322)
	at org.hibernate.boot.internal.SessionFactoryBuilderImpl.build(SessionFactoryBuilderImpl.java:457)
	at org.hibernate.cfg.Configuration.buildSessionFactory(Configuration.java:997)
	at org.hibernate.cfg.Configuration.buildSessionFactory(Configuration.java:1016)
	at com.billing.util.HibernateUtil.initializeSessionFactory(HibernateUtil.java:83)
	at com.billing.util.HibernateUtil.getSessionFactory(HibernateUtil.java:32)
	at com.billing.main.MainApplication.main(MainApplication.java:37)
Caused by: java.sql.SQLException: Referencing column 'id' and referenced column 'id' in foreign key constraint 'delivery_note_ibfk_1' are incompatible.
	at com.mysql.cj.jdbc.exceptions.SQLError.createSQLException(SQLError.java:130)
	at com.mysql.cj.jdbc.exceptions.SQLExceptionsMapping.translateException(SQLExceptionsMapping.java:122)
	at com.mysql.cj.jdbc.StatementImpl.executeInternal(StatementImpl.java:767)
	at com.mysql.cj.jdbc.StatementImpl.execute(StatementImpl.java:652)
	at org.hibernate.tool.schema.internal.exec.GenerationTargetToDatabase.accept(GenerationTargetToDatabase.java:80)
	... 19 more

feb 14, 2026 4:43:27 A. M. org.hibernate.tool.schema.internal.ExceptionHandlerLoggedImpl handleException
WARN: GenerationTarget encountered exception accepting command : Error executing DDL "
    alter table business_document 
       modify column party_id integer" via JDBC [Referencing column 'party_id' and referenced column 'id' in foreign key constraint 'business_document_ibfk_1' are incompatible.]
org.hibernate.tool.schema.spi.CommandAcceptanceException: Error executing DDL "
    alter table business_document 
       modify column party_id integer" via JDBC [Referencing column 'party_id' and referenced column 'id' in foreign key constraint 'business_document_ibfk_1' are incompatible.]
	at org.hibernate.tool.schema.internal.exec.GenerationTargetToDatabase.accept(GenerationTargetToDatabase.java:94)
	at org.hibernate.tool.schema.internal.AbstractSchemaMigrator.applySqlString(AbstractSchemaMigrator.java:583)
	at org.hibernate.tool.schema.internal.AbstractSchemaMigrator.applySqlStrings(AbstractSchemaMigrator.java:523)
	at org.hibernate.tool.schema.internal.AbstractSchemaMigrator.migrateTable(AbstractSchemaMigrator.java:341)
	at org.hibernate.tool.schema.internal.GroupedSchemaMigratorImpl.performTablesMigration(GroupedSchemaMigratorImpl.java:84)
	at org.hibernate.tool.schema.internal.AbstractSchemaMigrator.performMigration(AbstractSchemaMigrator.java:240)
	at org.hibernate.tool.schema.internal.AbstractSchemaMigrator.doMigration(AbstractSchemaMigrator.java:119)
	at org.hibernate.tool.schema.spi.SchemaManagementToolCoordinator.performDatabaseAction(SchemaManagementToolCoordinator.java:280)
	at org.hibernate.tool.schema.spi.SchemaManagementToolCoordinator.lambda$process$5(SchemaManagementToolCoordinator.java:144)
	at java.base/java.util.HashMap.forEach(HashMap.java:1429)
	at org.hibernate.tool.schema.spi.SchemaManagementToolCoordinator.process(SchemaManagementToolCoordinator.java:141)
	at org.hibernate.boot.internal.SessionFactoryObserverForSchemaExport.sessionFactoryCreated(SessionFactoryObserverForSchemaExport.java:37)
	at org.hibernate.internal.SessionFactoryObserverChain.sessionFactoryCreated(SessionFactoryObserverChain.java:35)
	at org.hibernate.internal.SessionFactoryImpl.<init>(SessionFactoryImpl.java:322)
	at org.hibernate.boot.internal.SessionFactoryBuilderImpl.build(SessionFactoryBuilderImpl.java:457)
	at org.hibernate.cfg.Configuration.buildSessionFactory(Configuration.java:997)
	at org.hibernate.cfg.Configuration.buildSessionFactory(Configuration.java:1016)
	at com.billing.util.HibernateUtil.initializeSessionFactory(HibernateUtil.java:83)
	at com.billing.util.HibernateUtil.getSessionFactory(HibernateUtil.java:32)
	at com.billing.main.MainApplication.main(MainApplication.java:37)
Caused by: java.sql.SQLException: Referencing column 'party_id' and referenced column 'id' in foreign key constraint 'business_document_ibfk_1' are incompatible.
	at com.mysql.cj.jdbc.exceptions.SQLError.createSQLException(SQLError.java:130)
	at com.mysql.cj.jdbc.exceptions.SQLExceptionsMapping.translateException(SQLExceptionsMapping.java:122)
	at com.mysql.cj.jdbc.StatementImpl.executeInternal(StatementImpl.java:767)
	at com.mysql.cj.jdbc.StatementImpl.execute(StatementImpl.java:652)
	at org.hibernate.tool.schema.internal.exec.GenerationTargetToDatabase.accept(GenerationTargetToDatabase.java:80)
	... 19 more

feb 14, 2026 4:43:27 A. M. org.hibernate.tool.schema.internal.ExceptionHandlerLoggedImpl handleException
WARN: GenerationTarget encountered exception accepting command : Error executing DDL "
    alter table client 
       modify column id integer not null" via JDBC [Referencing column 'id' and referenced column 'id' in foreign key constraint 'client_ibfk_1' are incompatible.]
org.hibernate.tool.schema.spi.CommandAcceptanceException: Error executing DDL "
    alter table client 
       modify column id integer not null" via JDBC [Referencing column 'id' and referenced column 'id' in foreign key constraint 'client_ibfk_1' are incompatible.]
	at org.hibernate.tool.schema.internal.exec.GenerationTargetToDatabase.accept(GenerationTargetToDatabase.java:94)
	at org.hibernate.tool.schema.internal.AbstractSchemaMigrator.applySqlString(AbstractSchemaMigrator.java:583)
	at org.hibernate.tool.schema.internal.AbstractSchemaMigrator.applySqlStrings(AbstractSchemaMigrator.java:523)
	at org.hibernate.tool.schema.internal.AbstractSchemaMigrator.migrateTable(AbstractSchemaMigrator.java:341)
	at org.hibernate.tool.schema.internal.GroupedSchemaMigratorImpl.performTablesMigration(GroupedSchemaMigratorImpl.java:84)
	at org.hibernate.tool.schema.internal.AbstractSchemaMigrator.performMigration(AbstractSchemaMigrator.java:240)
	at org.hibernate.tool.schema.internal.AbstractSchemaMigrator.doMigration(AbstractSchemaMigrator.java:119)
	at org.hibernate.tool.schema.spi.SchemaManagementToolCoordinator.performDatabaseAction(SchemaManagementToolCoordinator.java:280)
	at org.hibernate.tool.schema.spi.SchemaManagementToolCoordinator.lambda$process$5(SchemaManagementToolCoordinator.java:144)
	at java.base/java.util.HashMap.forEach(HashMap.java:1429)
	at org.hibernate.tool.schema.spi.SchemaManagementToolCoordinator.process(SchemaManagementToolCoordinator.java:141)
	at org.hibernate.boot.internal.SessionFactoryObserverForSchemaExport.sessionFactoryCreated(SessionFactoryObserverForSchemaExport.java:37)
	at org.hibernate.internal.SessionFactoryObserverChain.sessionFactoryCreated(SessionFactoryObserverChain.java:35)
	at org.hibernate.internal.SessionFactoryImpl.<init>(SessionFactoryImpl.java:322)
	at org.hibernate.boot.internal.SessionFactoryBuilderImpl.build(SessionFactoryBuilderImpl.java:457)
	at org.hibernate.cfg.Configuration.buildSessionFactory(Configuration.java:997)
	at org.hibernate.cfg.Configuration.buildSessionFactory(Configuration.java:1016)
	at com.billing.util.HibernateUtil.initializeSessionFactory(HibernateUtil.java:83)
	at com.billing.util.HibernateUtil.getSessionFactory(HibernateUtil.java:32)
	at com.billing.main.MainApplication.main(MainApplication.java:37)
Caused by: java.sql.SQLException: Referencing column 'id' and referenced column 'id' in foreign key constraint 'client_ibfk_1' are incompatible.
	at com.mysql.cj.jdbc.exceptions.SQLError.createSQLException(SQLError.java:130)
	at com.mysql.cj.jdbc.exceptions.SQLExceptionsMapping.translateException(SQLExceptionsMapping.java:122)
	at com.mysql.cj.jdbc.StatementImpl.executeInternal(StatementImpl.java:767)
	at com.mysql.cj.jdbc.StatementImpl.execute(StatementImpl.java:652)
	at org.hibernate.tool.schema.internal.exec.GenerationTargetToDatabase.accept(GenerationTargetToDatabase.java:80)
	... 19 more

feb 14, 2026 4:43:27 A. M. org.hibernate.tool.schema.internal.ExceptionHandlerLoggedImpl handleException
WARN: GenerationTarget encountered exception accepting command : Error executing DDL "
    alter table delivery_note 
       modify column id integer not null" via JDBC [Referencing column 'id' and referenced column 'id' in foreign key constraint 'delivery_note_ibfk_1' are incompatible.]
org.hibernate.tool.schema.spi.CommandAcceptanceException: Error executing DDL "
    alter table delivery_note 
       modify column id integer not null" via JDBC [Referencing column 'id' and referenced column 'id' in foreign key constraint 'delivery_note_ibfk_1' are incompatible.]
	at org.hibernate.tool.schema.internal.exec.GenerationTargetToDatabase.accept(GenerationTargetToDatabase.java:94)
	at org.hibernate.tool.schema.internal.AbstractSchemaMigrator.applySqlString(AbstractSchemaMigrator.java:583)
	at org.hibernate.tool.schema.internal.AbstractSchemaMigrator.applySqlStrings(AbstractSchemaMigrator.java:523)
	at org.hibernate.tool.schema.internal.AbstractSchemaMigrator.migrateTable(AbstractSchemaMigrator.java:341)
	at org.hibernate.tool.schema.internal.GroupedSchemaMigratorImpl.performTablesMigration(GroupedSchemaMigratorImpl.java:84)
	at org.hibernate.tool.schema.internal.AbstractSchemaMigrator.performMigration(AbstractSchemaMigrator.java:240)
	at org.hibernate.tool.schema.internal.AbstractSchemaMigrator.doMigration(AbstractSchemaMigrator.java:119)
	at org.hibernate.tool.schema.spi.SchemaManagementToolCoordinator.performDatabaseAction(SchemaManagementToolCoordinator.java:280)
	at org.hibernate.tool.schema.spi.SchemaManagementToolCoordinator.lambda$process$5(SchemaManagementToolCoordinator.java:144)
	at java.base/java.util.HashMap.forEach(HashMap.java:1429)
	at org.hibernate.tool.schema.spi.SchemaManagementToolCoordinator.process(SchemaManagementToolCoordinator.java:141)
	at org.hibernate.boot.internal.SessionFactoryObserverForSchemaExport.sessionFactoryCreated(SessionFactoryObserverForSchemaExport.java:37)
	at org.hibernate.internal.SessionFactoryObserverChain.sessionFactoryCreated(SessionFactoryObserverChain.java:35)
	at org.hibernate.internal.SessionFactoryImpl.<init>(SessionFactoryImpl.java:322)
	at org.hibernate.boot.internal.SessionFactoryBuilderImpl.build(SessionFactoryBuilderImpl.java:457)
	at org.hibernate.cfg.Configuration.buildSessionFactory(Configuration.java:997)
	at org.hibernate.cfg.Configuration.buildSessionFactory(Configuration.java:1016)
	at com.billing.util.HibernateUtil.initializeSessionFactory(HibernateUtil.java:83)
	at com.billing.util.HibernateUtil.getSessionFactory(HibernateUtil.java:32)
	at com.billing.main.MainApplication.main(MainApplication.java:37)
Caused by: java.sql.SQLException: Referencing column 'id' and referenced column 'id' in foreign key constraint 'delivery_note_ibfk_1' are incompatible.
	at com.mysql.cj.jdbc.exceptions.SQLError.createSQLException(SQLError.java:130)
	at com.mysql.cj.jdbc.exceptions.SQLExceptionsMapping.translateException(SQLExceptionsMapping.java:122)
	at com.mysql.cj.jdbc.StatementImpl.executeInternal(StatementImpl.java:767)
	at com.mysql.cj.jdbc.StatementImpl.execute(StatementImpl.java:652)
	at org.hibernate.tool.schema.internal.exec.GenerationTargetToDatabase.accept(GenerationTargetToDatabase.java:80)
	... 19 more

feb 14, 2026 4:43:27 A. M. org.hibernate.tool.schema.internal.ExceptionHandlerLoggedImpl handleException
WARN: GenerationTarget encountered exception accepting command : Error executing DDL "
    alter table document_line 
       modify column document_id integer" via JDBC [Referencing column 'document_id' and referenced column 'id' in foreign key constraint 'document_line_ibfk_1' are incompatible.]
org.hibernate.tool.schema.spi.CommandAcceptanceException: Error executing DDL "
    alter table document_line 
       modify column document_id integer" via JDBC [Referencing column 'document_id' and referenced column 'id' in foreign key constraint 'document_line_ibfk_1' are incompatible.]
	at org.hibernate.tool.schema.internal.exec.GenerationTargetToDatabase.accept(GenerationTargetToDatabase.java:94)
	at org.hibernate.tool.schema.internal.AbstractSchemaMigrator.applySqlString(AbstractSchemaMigrator.java:583)
	at org.hibernate.tool.schema.internal.AbstractSchemaMigrator.applySqlStrings(AbstractSchemaMigrator.java:523)
	at org.hibernate.tool.schema.internal.AbstractSchemaMigrator.migrateTable(AbstractSchemaMigrator.java:341)
	at org.hibernate.tool.schema.internal.GroupedSchemaMigratorImpl.performTablesMigration(GroupedSchemaMigratorImpl.java:84)
	at org.hibernate.tool.schema.internal.AbstractSchemaMigrator.performMigration(AbstractSchemaMigrator.java:240)
	at org.hibernate.tool.schema.internal.AbstractSchemaMigrator.doMigration(AbstractSchemaMigrator.java:119)
	at org.hibernate.tool.schema.spi.SchemaManagementToolCoordinator.performDatabaseAction(SchemaManagementToolCoordinator.java:280)
	at org.hibernate.tool.schema.spi.SchemaManagementToolCoordinator.lambda$process$5(SchemaManagementToolCoordinator.java:144)
	at java.base/java.util.HashMap.forEach(HashMap.java:1429)
	at org.hibernate.tool.schema.spi.SchemaManagementToolCoordinator.process(SchemaManagementToolCoordinator.java:141)
	at org.hibernate.boot.internal.SessionFactoryObserverForSchemaExport.sessionFactoryCreated(SessionFactoryObserverForSchemaExport.java:37)
	at org.hibernate.internal.SessionFactoryObserverChain.sessionFactoryCreated(SessionFactoryObserverChain.java:35)
	at org.hibernate.internal.SessionFactoryImpl.<init>(SessionFactoryImpl.java:322)
	at org.hibernate.boot.internal.SessionFactoryBuilderImpl.build(SessionFactoryBuilderImpl.java:457)
	at org.hibernate.cfg.Configuration.buildSessionFactory(Configuration.java:997)
	at org.hibernate.cfg.Configuration.buildSessionFactory(Configuration.java:1016)
	at com.billing.util.HibernateUtil.initializeSessionFactory(HibernateUtil.java:83)
	at com.billing.util.HibernateUtil.getSessionFactory(HibernateUtil.java:32)
	at com.billing.main.MainApplication.main(MainApplication.java:37)
Caused by: java.sql.SQLException: Referencing column 'document_id' and referenced column 'id' in foreign key constraint 'document_line_ibfk_1' are incompatible.
	at com.mysql.cj.jdbc.exceptions.SQLError.createSQLException(SQLError.java:130)
	at com.mysql.cj.jdbc.exceptions.SQLExceptionsMapping.translateException(SQLExceptionsMapping.java:122)
	at com.mysql.cj.jdbc.StatementImpl.executeInternal(StatementImpl.java:767)
	at com.mysql.cj.jdbc.StatementImpl.execute(StatementImpl.java:652)
	at org.hibernate.tool.schema.internal.exec.GenerationTargetToDatabase.accept(GenerationTargetToDatabase.java:80)
	... 19 more

feb 14, 2026 4:43:27 A. M. org.hibernate.tool.schema.internal.ExceptionHandlerLoggedImpl handleException
WARN: GenerationTarget encountered exception accepting command : Error executing DDL "
    alter table document_line 
       modify column item_id integer" via JDBC [Referencing column 'item_id' and referenced column 'id' in foreign key constraint 'document_line_ibfk_2' are incompatible.]
org.hibernate.tool.schema.spi.CommandAcceptanceException: Error executing DDL "
    alter table document_line 
       modify column item_id integer" via JDBC [Referencing column 'item_id' and referenced column 'id' in foreign key constraint 'document_line_ibfk_2' are incompatible.]
	at org.hibernate.tool.schema.internal.exec.GenerationTargetToDatabase.accept(GenerationTargetToDatabase.java:94)
	at org.hibernate.tool.schema.internal.AbstractSchemaMigrator.applySqlString(AbstractSchemaMigrator.java:583)
	at org.hibernate.tool.schema.internal.AbstractSchemaMigrator.applySqlStrings(AbstractSchemaMigrator.java:523)
	at org.hibernate.tool.schema.internal.AbstractSchemaMigrator.migrateTable(AbstractSchemaMigrator.java:341)
	at org.hibernate.tool.schema.internal.GroupedSchemaMigratorImpl.performTablesMigration(GroupedSchemaMigratorImpl.java:84)
	at org.hibernate.tool.schema.internal.AbstractSchemaMigrator.performMigration(AbstractSchemaMigrator.java:240)
	at org.hibernate.tool.schema.internal.AbstractSchemaMigrator.doMigration(AbstractSchemaMigrator.java:119)
	at org.hibernate.tool.schema.spi.SchemaManagementToolCoordinator.performDatabaseAction(SchemaManagementToolCoordinator.java:280)
	at org.hibernate.tool.schema.spi.SchemaManagementToolCoordinator.lambda$process$5(SchemaManagementToolCoordinator.java:144)
	at java.base/java.util.HashMap.forEach(HashMap.java:1429)
	at org.hibernate.tool.schema.spi.SchemaManagementToolCoordinator.process(SchemaManagementToolCoordinator.java:141)
	at org.hibernate.boot.internal.SessionFactoryObserverForSchemaExport.sessionFactoryCreated(SessionFactoryObserverForSchemaExport.java:37)
	at org.hibernate.internal.SessionFactoryObserverChain.sessionFactoryCreated(SessionFactoryObserverChain.java:35)
	at org.hibernate.internal.SessionFactoryImpl.<init>(SessionFactoryImpl.java:322)
	at org.hibernate.boot.internal.SessionFactoryBuilderImpl.build(SessionFactoryBuilderImpl.java:457)
	at org.hibernate.cfg.Configuration.buildSessionFactory(Configuration.java:997)
	at org.hibernate.cfg.Configuration.buildSessionFactory(Configuration.java:1016)
	at com.billing.util.HibernateUtil.initializeSessionFactory(HibernateUtil.java:83)
	at com.billing.util.HibernateUtil.getSessionFactory(HibernateUtil.java:32)
	at com.billing.main.MainApplication.main(MainApplication.java:37)
Caused by: java.sql.SQLException: Referencing column 'item_id' and referenced column 'id' in foreign key constraint 'document_line_ibfk_2' are incompatible.
	at com.mysql.cj.jdbc.exceptions.SQLError.createSQLException(SQLError.java:130)
	at com.mysql.cj.jdbc.exceptions.SQLExceptionsMapping.translateException(SQLExceptionsMapping.java:122)
	at com.mysql.cj.jdbc.StatementImpl.executeInternal(StatementImpl.java:767)
	at com.mysql.cj.jdbc.StatementImpl.execute(StatementImpl.java:652)
	at org.hibernate.tool.schema.internal.exec.GenerationTargetToDatabase.accept(GenerationTargetToDatabase.java:80)
	... 19 more

feb 14, 2026 4:43:27 A. M. org.hibernate.tool.schema.internal.ExceptionHandlerLoggedImpl handleException
WARN: GenerationTarget encountered exception accepting command : Error executing DDL "
    alter table invoice 
       modify column id integer not null" via JDBC [Referencing column 'id' and referenced column 'id' in foreign key constraint 'invoice_ibfk_1' are incompatible.]
org.hibernate.tool.schema.spi.CommandAcceptanceException: Error executing DDL "
    alter table invoice 
       modify column id integer not null" via JDBC [Referencing column 'id' and referenced column 'id' in foreign key constraint 'invoice_ibfk_1' are incompatible.]
	at org.hibernate.tool.schema.internal.exec.GenerationTargetToDatabase.accept(GenerationTargetToDatabase.java:94)
	at org.hibernate.tool.schema.internal.AbstractSchemaMigrator.applySqlString(AbstractSchemaMigrator.java:583)
	at org.hibernate.tool.schema.internal.AbstractSchemaMigrator.applySqlStrings(AbstractSchemaMigrator.java:523)
	at org.hibernate.tool.schema.internal.AbstractSchemaMigrator.migrateTable(AbstractSchemaMigrator.java:341)
	at org.hibernate.tool.schema.internal.GroupedSchemaMigratorImpl.performTablesMigration(GroupedSchemaMigratorImpl.java:84)
	at org.hibernate.tool.schema.internal.AbstractSchemaMigrator.performMigration(AbstractSchemaMigrator.java:240)
	at org.hibernate.tool.schema.internal.AbstractSchemaMigrator.doMigration(AbstractSchemaMigrator.java:119)
	at org.hibernate.tool.schema.spi.SchemaManagementToolCoordinator.performDatabaseAction(SchemaManagementToolCoordinator.java:280)
	at org.hibernate.tool.schema.spi.SchemaManagementToolCoordinator.lambda$process$5(SchemaManagementToolCoordinator.java:144)
	at java.base/java.util.HashMap.forEach(HashMap.java:1429)
	at org.hibernate.tool.schema.spi.SchemaManagementToolCoordinator.process(SchemaManagementToolCoordinator.java:141)
	at org.hibernate.boot.internal.SessionFactoryObserverForSchemaExport.sessionFactoryCreated(SessionFactoryObserverForSchemaExport.java:37)
	at org.hibernate.internal.SessionFactoryObserverChain.sessionFactoryCreated(SessionFactoryObserverChain.java:35)
	at org.hibernate.internal.SessionFactoryImpl.<init>(SessionFactoryImpl.java:322)
	at org.hibernate.boot.internal.SessionFactoryBuilderImpl.build(SessionFactoryBuilderImpl.java:457)
	at org.hibernate.cfg.Configuration.buildSessionFactory(Configuration.java:997)
	at org.hibernate.cfg.Configuration.buildSessionFactory(Configuration.java:1016)
	at com.billing.util.HibernateUtil.initializeSessionFactory(HibernateUtil.java:83)
	at com.billing.util.HibernateUtil.getSessionFactory(HibernateUtil.java:32)
	at com.billing.main.MainApplication.main(MainApplication.java:37)
Caused by: java.sql.SQLException: Referencing column 'id' and referenced column 'id' in foreign key constraint 'invoice_ibfk_1' are incompatible.
	at com.mysql.cj.jdbc.exceptions.SQLError.createSQLException(SQLError.java:130)
	at com.mysql.cj.jdbc.exceptions.SQLExceptionsMapping.translateException(SQLExceptionsMapping.java:122)
	at com.mysql.cj.jdbc.StatementImpl.executeInternal(StatementImpl.java:767)
	at com.mysql.cj.jdbc.StatementImpl.execute(StatementImpl.java:652)
	at org.hibernate.tool.schema.internal.exec.GenerationTargetToDatabase.accept(GenerationTargetToDatabase.java:80)
	... 19 more

feb 14, 2026 4:43:27 A. M. org.hibernate.tool.schema.internal.ExceptionHandlerLoggedImpl handleException
WARN: GenerationTarget encountered exception accepting command : Error executing DDL "
    alter table item 
       modify column id integer not null auto_increment" via JDBC [Referencing column 'item_id' and referenced column 'id' in foreign key constraint 'document_line_ibfk_2' are incompatible.]
org.hibernate.tool.schema.spi.CommandAcceptanceException: Error executing DDL "
    alter table item 
       modify column id integer not null auto_increment" via JDBC [Referencing column 'item_id' and referenced column 'id' in foreign key constraint 'document_line_ibfk_2' are incompatible.]
	at org.hibernate.tool.schema.internal.exec.GenerationTargetToDatabase.accept(GenerationTargetToDatabase.java:94)
	at org.hibernate.tool.schema.internal.AbstractSchemaMigrator.applySqlString(AbstractSchemaMigrator.java:583)
	at org.hibernate.tool.schema.internal.AbstractSchemaMigrator.applySqlStrings(AbstractSchemaMigrator.java:523)
	at org.hibernate.tool.schema.internal.AbstractSchemaMigrator.migrateTable(AbstractSchemaMigrator.java:341)
	at org.hibernate.tool.schema.internal.GroupedSchemaMigratorImpl.performTablesMigration(GroupedSchemaMigratorImpl.java:84)
	at org.hibernate.tool.schema.internal.AbstractSchemaMigrator.performMigration(AbstractSchemaMigrator.java:240)
	at org.hibernate.tool.schema.internal.AbstractSchemaMigrator.doMigration(AbstractSchemaMigrator.java:119)
	at org.hibernate.tool.schema.spi.SchemaManagementToolCoordinator.performDatabaseAction(SchemaManagementToolCoordinator.java:280)
	at org.hibernate.tool.schema.spi.SchemaManagementToolCoordinator.lambda$process$5(SchemaManagementToolCoordinator.java:144)
	at java.base/java.util.HashMap.forEach(HashMap.java:1429)
	at org.hibernate.tool.schema.spi.SchemaManagementToolCoordinator.process(SchemaManagementToolCoordinator.java:141)
	at org.hibernate.boot.internal.SessionFactoryObserverForSchemaExport.sessionFactoryCreated(SessionFactoryObserverForSchemaExport.java:37)
	at org.hibernate.internal.SessionFactoryObserverChain.sessionFactoryCreated(SessionFactoryObserverChain.java:35)
	at org.hibernate.internal.SessionFactoryImpl.<init>(SessionFactoryImpl.java:322)
	at org.hibernate.boot.internal.SessionFactoryBuilderImpl.build(SessionFactoryBuilderImpl.java:457)
	at org.hibernate.cfg.Configuration.buildSessionFactory(Configuration.java:997)
	at org.hibernate.cfg.Configuration.buildSessionFactory(Configuration.java:1016)
	at com.billing.util.HibernateUtil.initializeSessionFactory(HibernateUtil.java:83)
	at com.billing.util.HibernateUtil.getSessionFactory(HibernateUtil.java:32)
	at com.billing.main.MainApplication.main(MainApplication.java:37)
Caused by: java.sql.SQLException: Referencing column 'item_id' and referenced column 'id' in foreign key constraint 'document_line_ibfk_2' are incompatible.
	at com.mysql.cj.jdbc.exceptions.SQLError.createSQLException(SQLError.java:130)
	at com.mysql.cj.jdbc.exceptions.SQLExceptionsMapping.translateException(SQLExceptionsMapping.java:122)
	at com.mysql.cj.jdbc.StatementImpl.executeInternal(StatementImpl.java:767)
	at com.mysql.cj.jdbc.StatementImpl.execute(StatementImpl.java:652)
	at org.hibernate.tool.schema.internal.exec.GenerationTargetToDatabase.accept(GenerationTargetToDatabase.java:80)
	... 19 more

feb 14, 2026 4:43:28 A. M. org.hibernate.tool.schema.internal.ExceptionHandlerLoggedImpl handleException
WARN: GenerationTarget encountered exception accepting command : Error executing DDL "
    alter table item 
       modify column category_code varchar(10)" via JDBC [Cannot change column 'category_code': used in a foreign key constraint 'item_ibfk_2']
org.hibernate.tool.schema.spi.CommandAcceptanceException: Error executing DDL "
    alter table item 
       modify column category_code varchar(10)" via JDBC [Cannot change column 'category_code': used in a foreign key constraint 'item_ibfk_2']
	at org.hibernate.tool.schema.internal.exec.GenerationTargetToDatabase.accept(GenerationTargetToDatabase.java:94)
	at org.hibernate.tool.schema.internal.AbstractSchemaMigrator.applySqlString(AbstractSchemaMigrator.java:583)
	at org.hibernate.tool.schema.internal.AbstractSchemaMigrator.applySqlStrings(AbstractSchemaMigrator.java:523)
	at org.hibernate.tool.schema.internal.AbstractSchemaMigrator.migrateTable(AbstractSchemaMigrator.java:341)
	at org.hibernate.tool.schema.internal.GroupedSchemaMigratorImpl.performTablesMigration(GroupedSchemaMigratorImpl.java:84)
	at org.hibernate.tool.schema.internal.AbstractSchemaMigrator.performMigration(AbstractSchemaMigrator.java:240)
	at org.hibernate.tool.schema.internal.AbstractSchemaMigrator.doMigration(AbstractSchemaMigrator.java:119)
	at org.hibernate.tool.schema.spi.SchemaManagementToolCoordinator.performDatabaseAction(SchemaManagementToolCoordinator.java:280)
	at org.hibernate.tool.schema.spi.SchemaManagementToolCoordinator.lambda$process$5(SchemaManagementToolCoordinator.java:144)
	at java.base/java.util.HashMap.forEach(HashMap.java:1429)
	at org.hibernate.tool.schema.spi.SchemaManagementToolCoordinator.process(SchemaManagementToolCoordinator.java:141)
	at org.hibernate.boot.internal.SessionFactoryObserverForSchemaExport.sessionFactoryCreated(SessionFactoryObserverForSchemaExport.java:37)
	at org.hibernate.internal.SessionFactoryObserverChain.sessionFactoryCreated(SessionFactoryObserverChain.java:35)
	at org.hibernate.internal.SessionFactoryImpl.<init>(SessionFactoryImpl.java:322)
	at org.hibernate.boot.internal.SessionFactoryBuilderImpl.build(SessionFactoryBuilderImpl.java:457)
	at org.hibernate.cfg.Configuration.buildSessionFactory(Configuration.java:997)
	at org.hibernate.cfg.Configuration.buildSessionFactory(Configuration.java:1016)
	at com.billing.util.HibernateUtil.initializeSessionFactory(HibernateUtil.java:83)
	at com.billing.util.HibernateUtil.getSessionFactory(HibernateUtil.java:32)
	at com.billing.main.MainApplication.main(MainApplication.java:37)
Caused by: java.sql.SQLException: Cannot change column 'category_code': used in a foreign key constraint 'item_ibfk_2'
	at com.mysql.cj.jdbc.exceptions.SQLError.createSQLException(SQLError.java:130)
	at com.mysql.cj.jdbc.exceptions.SQLExceptionsMapping.translateException(SQLExceptionsMapping.java:122)
	at com.mysql.cj.jdbc.StatementImpl.executeInternal(StatementImpl.java:767)
	at com.mysql.cj.jdbc.StatementImpl.execute(StatementImpl.java:652)
	at org.hibernate.tool.schema.internal.exec.GenerationTargetToDatabase.accept(GenerationTargetToDatabase.java:80)
	... 19 more

feb 14, 2026 4:43:28 A. M. org.hibernate.tool.schema.internal.ExceptionHandlerLoggedImpl handleException
WARN: GenerationTarget encountered exception accepting command : Error executing DDL "
    alter table item 
       modify column family_code varchar(10)" via JDBC [Cannot change column 'family_code': used in a foreign key constraint 'item_ibfk_1']
org.hibernate.tool.schema.spi.CommandAcceptanceException: Error executing DDL "
    alter table item 
       modify column family_code varchar(10)" via JDBC [Cannot change column 'family_code': used in a foreign key constraint 'item_ibfk_1']
	at org.hibernate.tool.schema.internal.exec.GenerationTargetToDatabase.accept(GenerationTargetToDatabase.java:94)
	at org.hibernate.tool.schema.internal.AbstractSchemaMigrator.applySqlString(AbstractSchemaMigrator.java:583)
	at org.hibernate.tool.schema.internal.AbstractSchemaMigrator.applySqlStrings(AbstractSchemaMigrator.java:523)
	at org.hibernate.tool.schema.internal.AbstractSchemaMigrator.migrateTable(AbstractSchemaMigrator.java:341)
	at org.hibernate.tool.schema.internal.GroupedSchemaMigratorImpl.performTablesMigration(GroupedSchemaMigratorImpl.java:84)
	at org.hibernate.tool.schema.internal.AbstractSchemaMigrator.performMigration(AbstractSchemaMigrator.java:240)
	at org.hibernate.tool.schema.internal.AbstractSchemaMigrator.doMigration(AbstractSchemaMigrator.java:119)
	at org.hibernate.tool.schema.spi.SchemaManagementToolCoordinator.performDatabaseAction(SchemaManagementToolCoordinator.java:280)
	at org.hibernate.tool.schema.spi.SchemaManagementToolCoordinator.lambda$process$5(SchemaManagementToolCoordinator.java:144)
	at java.base/java.util.HashMap.forEach(HashMap.java:1429)
	at org.hibernate.tool.schema.spi.SchemaManagementToolCoordinator.process(SchemaManagementToolCoordinator.java:141)
	at org.hibernate.boot.internal.SessionFactoryObserverForSchemaExport.sessionFactoryCreated(SessionFactoryObserverForSchemaExport.java:37)
	at org.hibernate.internal.SessionFactoryObserverChain.sessionFactoryCreated(SessionFactoryObserverChain.java:35)
	at org.hibernate.internal.SessionFactoryImpl.<init>(SessionFactoryImpl.java:322)
	at org.hibernate.boot.internal.SessionFactoryBuilderImpl.build(SessionFactoryBuilderImpl.java:457)
	at org.hibernate.cfg.Configuration.buildSessionFactory(Configuration.java:997)
	at org.hibernate.cfg.Configuration.buildSessionFactory(Configuration.java:1016)
	at com.billing.util.HibernateUtil.initializeSessionFactory(HibernateUtil.java:83)
	at com.billing.util.HibernateUtil.getSessionFactory(HibernateUtil.java:32)
	at com.billing.main.MainApplication.main(MainApplication.java:37)
Caused by: java.sql.SQLException: Cannot change column 'family_code': used in a foreign key constraint 'item_ibfk_1'
	at com.mysql.cj.jdbc.exceptions.SQLError.createSQLException(SQLError.java:130)
	at com.mysql.cj.jdbc.exceptions.SQLExceptionsMapping.translateException(SQLExceptionsMapping.java:122)
	at com.mysql.cj.jdbc.StatementImpl.executeInternal(StatementImpl.java:767)
	at com.mysql.cj.jdbc.StatementImpl.execute(StatementImpl.java:652)
	at org.hibernate.tool.schema.internal.exec.GenerationTargetToDatabase.accept(GenerationTargetToDatabase.java:80)
	... 19 more

feb 14, 2026 4:43:28 A. M. org.hibernate.tool.schema.internal.ExceptionHandlerLoggedImpl handleException
WARN: GenerationTarget encountered exception accepting command : Error executing DDL "
    alter table item 
       modify column supplier_id integer" via JDBC [Referencing column 'supplier_id' and referenced column 'id' in foreign key constraint 'item_ibfk_4' are incompatible.]
org.hibernate.tool.schema.spi.CommandAcceptanceException: Error executing DDL "
    alter table item 
       modify column supplier_id integer" via JDBC [Referencing column 'supplier_id' and referenced column 'id' in foreign key constraint 'item_ibfk_4' are incompatible.]
	at org.hibernate.tool.schema.internal.exec.GenerationTargetToDatabase.accept(GenerationTargetToDatabase.java:94)
	at org.hibernate.tool.schema.internal.AbstractSchemaMigrator.applySqlString(AbstractSchemaMigrator.java:583)
	at org.hibernate.tool.schema.internal.AbstractSchemaMigrator.applySqlStrings(AbstractSchemaMigrator.java:523)
	at org.hibernate.tool.schema.internal.AbstractSchemaMigrator.migrateTable(AbstractSchemaMigrator.java:341)
	at org.hibernate.tool.schema.internal.GroupedSchemaMigratorImpl.performTablesMigration(GroupedSchemaMigratorImpl.java:84)
	at org.hibernate.tool.schema.internal.AbstractSchemaMigrator.performMigration(AbstractSchemaMigrator.java:240)
	at org.hibernate.tool.schema.internal.AbstractSchemaMigrator.doMigration(AbstractSchemaMigrator.java:119)
	at org.hibernate.tool.schema.spi.SchemaManagementToolCoordinator.performDatabaseAction(SchemaManagementToolCoordinator.java:280)
	at org.hibernate.tool.schema.spi.SchemaManagementToolCoordinator.lambda$process$5(SchemaManagementToolCoordinator.java:144)
	at java.base/java.util.HashMap.forEach(HashMap.java:1429)
	at org.hibernate.tool.schema.spi.SchemaManagementToolCoordinator.process(SchemaManagementToolCoordinator.java:141)
	at org.hibernate.boot.internal.SessionFactoryObserverForSchemaExport.sessionFactoryCreated(SessionFactoryObserverForSchemaExport.java:37)
	at org.hibernate.internal.SessionFactoryObserverChain.sessionFactoryCreated(SessionFactoryObserverChain.java:35)
	at org.hibernate.internal.SessionFactoryImpl.<init>(SessionFactoryImpl.java:322)
	at org.hibernate.boot.internal.SessionFactoryBuilderImpl.build(SessionFactoryBuilderImpl.java:457)
	at org.hibernate.cfg.Configuration.buildSessionFactory(Configuration.java:997)
	at org.hibernate.cfg.Configuration.buildSessionFactory(Configuration.java:1016)
	at com.billing.util.HibernateUtil.initializeSessionFactory(HibernateUtil.java:83)
	at com.billing.util.HibernateUtil.getSessionFactory(HibernateUtil.java:32)
	at com.billing.main.MainApplication.main(MainApplication.java:37)
Caused by: java.sql.SQLException: Referencing column 'supplier_id' and referenced column 'id' in foreign key constraint 'item_ibfk_4' are incompatible.
	at com.mysql.cj.jdbc.exceptions.SQLError.createSQLException(SQLError.java:130)
	at com.mysql.cj.jdbc.exceptions.SQLExceptionsMapping.translateException(SQLExceptionsMapping.java:122)
	at com.mysql.cj.jdbc.StatementImpl.executeInternal(StatementImpl.java:767)
	at com.mysql.cj.jdbc.StatementImpl.execute(StatementImpl.java:652)
	at org.hibernate.tool.schema.internal.exec.GenerationTargetToDatabase.accept(GenerationTargetToDatabase.java:80)
	... 19 more

feb 14, 2026 4:43:28 A. M. org.hibernate.tool.schema.internal.ExceptionHandlerLoggedImpl handleException
WARN: GenerationTarget encountered exception accepting command : Error executing DDL "
    alter table item_categories 
       modify column code varchar(10) not null" via JDBC [Cannot change column 'code': used in a foreign key constraint 'item_ibfk_2' of table 'facturacio.item']
org.hibernate.tool.schema.spi.CommandAcceptanceException: Error executing DDL "
    alter table item_categories 
       modify column code varchar(10) not null" via JDBC [Cannot change column 'code': used in a foreign key constraint 'item_ibfk_2' of table 'facturacio.item']
	at org.hibernate.tool.schema.internal.exec.GenerationTargetToDatabase.accept(GenerationTargetToDatabase.java:94)
	at org.hibernate.tool.schema.internal.AbstractSchemaMigrator.applySqlString(AbstractSchemaMigrator.java:583)
	at org.hibernate.tool.schema.internal.AbstractSchemaMigrator.applySqlStrings(AbstractSchemaMigrator.java:523)
	at org.hibernate.tool.schema.internal.AbstractSchemaMigrator.migrateTable(AbstractSchemaMigrator.java:341)
	at org.hibernate.tool.schema.internal.GroupedSchemaMigratorImpl.performTablesMigration(GroupedSchemaMigratorImpl.java:84)
	at org.hibernate.tool.schema.internal.AbstractSchemaMigrator.performMigration(AbstractSchemaMigrator.java:240)
	at org.hibernate.tool.schema.internal.AbstractSchemaMigrator.doMigration(AbstractSchemaMigrator.java:119)
	at org.hibernate.tool.schema.spi.SchemaManagementToolCoordinator.performDatabaseAction(SchemaManagementToolCoordinator.java:280)
	at org.hibernate.tool.schema.spi.SchemaManagementToolCoordinator.lambda$process$5(SchemaManagementToolCoordinator.java:144)
	at java.base/java.util.HashMap.forEach(HashMap.java:1429)
	at org.hibernate.tool.schema.spi.SchemaManagementToolCoordinator.process(SchemaManagementToolCoordinator.java:141)
	at org.hibernate.boot.internal.SessionFactoryObserverForSchemaExport.sessionFactoryCreated(SessionFactoryObserverForSchemaExport.java:37)
	at org.hibernate.internal.SessionFactoryObserverChain.sessionFactoryCreated(SessionFactoryObserverChain.java:35)
	at org.hibernate.internal.SessionFactoryImpl.<init>(SessionFactoryImpl.java:322)
	at org.hibernate.boot.internal.SessionFactoryBuilderImpl.build(SessionFactoryBuilderImpl.java:457)
	at org.hibernate.cfg.Configuration.buildSessionFactory(Configuration.java:997)
	at org.hibernate.cfg.Configuration.buildSessionFactory(Configuration.java:1016)
	at com.billing.util.HibernateUtil.initializeSessionFactory(HibernateUtil.java:83)
	at com.billing.util.HibernateUtil.getSessionFactory(HibernateUtil.java:32)
	at com.billing.main.MainApplication.main(MainApplication.java:37)
Caused by: java.sql.SQLException: Cannot change column 'code': used in a foreign key constraint 'item_ibfk_2' of table 'facturacio.item'
	at com.mysql.cj.jdbc.exceptions.SQLError.createSQLException(SQLError.java:130)
	at com.mysql.cj.jdbc.exceptions.SQLExceptionsMapping.translateException(SQLExceptionsMapping.java:122)
	at com.mysql.cj.jdbc.StatementImpl.executeInternal(StatementImpl.java:767)
	at com.mysql.cj.jdbc.StatementImpl.execute(StatementImpl.java:652)
	at org.hibernate.tool.schema.internal.exec.GenerationTargetToDatabase.accept(GenerationTargetToDatabase.java:80)
	... 19 more

feb 14, 2026 4:43:28 A. M. org.hibernate.tool.schema.internal.ExceptionHandlerLoggedImpl handleException
WARN: GenerationTarget encountered exception accepting command : Error executing DDL "
    alter table item_families 
       modify column code varchar(10) not null" via JDBC [Cannot change column 'code': used in a foreign key constraint 'item_ibfk_1' of table 'facturacio.item']
org.hibernate.tool.schema.spi.CommandAcceptanceException: Error executing DDL "
    alter table item_families 
       modify column code varchar(10) not null" via JDBC [Cannot change column 'code': used in a foreign key constraint 'item_ibfk_1' of table 'facturacio.item']
	at org.hibernate.tool.schema.internal.exec.GenerationTargetToDatabase.accept(GenerationTargetToDatabase.java:94)
	at org.hibernate.tool.schema.internal.AbstractSchemaMigrator.applySqlString(AbstractSchemaMigrator.java:583)
	at org.hibernate.tool.schema.internal.AbstractSchemaMigrator.applySqlStrings(AbstractSchemaMigrator.java:523)
	at org.hibernate.tool.schema.internal.AbstractSchemaMigrator.migrateTable(AbstractSchemaMigrator.java:341)
	at org.hibernate.tool.schema.internal.GroupedSchemaMigratorImpl.performTablesMigration(GroupedSchemaMigratorImpl.java:84)
	at org.hibernate.tool.schema.internal.AbstractSchemaMigrator.performMigration(AbstractSchemaMigrator.java:240)
	at org.hibernate.tool.schema.internal.AbstractSchemaMigrator.doMigration(AbstractSchemaMigrator.java:119)
	at org.hibernate.tool.schema.spi.SchemaManagementToolCoordinator.performDatabaseAction(SchemaManagementToolCoordinator.java:280)
	at org.hibernate.tool.schema.spi.SchemaManagementToolCoordinator.lambda$process$5(SchemaManagementToolCoordinator.java:144)
	at java.base/java.util.HashMap.forEach(HashMap.java:1429)
	at org.hibernate.tool.schema.spi.SchemaManagementToolCoordinator.process(SchemaManagementToolCoordinator.java:141)
	at org.hibernate.boot.internal.SessionFactoryObserverForSchemaExport.sessionFactoryCreated(SessionFactoryObserverForSchemaExport.java:37)
	at org.hibernate.internal.SessionFactoryObserverChain.sessionFactoryCreated(SessionFactoryObserverChain.java:35)
	at org.hibernate.internal.SessionFactoryImpl.<init>(SessionFactoryImpl.java:322)
	at org.hibernate.boot.internal.SessionFactoryBuilderImpl.build(SessionFactoryBuilderImpl.java:457)
	at org.hibernate.cfg.Configuration.buildSessionFactory(Configuration.java:997)
	at org.hibernate.cfg.Configuration.buildSessionFactory(Configuration.java:1016)
	at com.billing.util.HibernateUtil.initializeSessionFactory(HibernateUtil.java:83)
	at com.billing.util.HibernateUtil.getSessionFactory(HibernateUtil.java:32)
	at com.billing.main.MainApplication.main(MainApplication.java:37)
Caused by: java.sql.SQLException: Cannot change column 'code': used in a foreign key constraint 'item_ibfk_1' of table 'facturacio.item'
	at com.mysql.cj.jdbc.exceptions.SQLError.createSQLException(SQLError.java:130)
	at com.mysql.cj.jdbc.exceptions.SQLExceptionsMapping.translateException(SQLExceptionsMapping.java:122)
	at com.mysql.cj.jdbc.StatementImpl.executeInternal(StatementImpl.java:767)
	at com.mysql.cj.jdbc.StatementImpl.execute(StatementImpl.java:652)
	at org.hibernate.tool.schema.internal.exec.GenerationTargetToDatabase.accept(GenerationTargetToDatabase.java:80)
	... 19 more

feb 14, 2026 4:43:28 A. M. org.hibernate.tool.schema.internal.ExceptionHandlerLoggedImpl handleException
WARN: GenerationTarget encountered exception accepting command : Error executing DDL "
    alter table party 
       modify column id integer not null auto_increment" via JDBC [Referencing column 'id' and referenced column 'id' in foreign key constraint 'client_ibfk_1' are incompatible.]
org.hibernate.tool.schema.spi.CommandAcceptanceException: Error executing DDL "
    alter table party 
       modify column id integer not null auto_increment" via JDBC [Referencing column 'id' and referenced column 'id' in foreign key constraint 'client_ibfk_1' are incompatible.]
	at org.hibernate.tool.schema.internal.exec.GenerationTargetToDatabase.accept(GenerationTargetToDatabase.java:94)
	at org.hibernate.tool.schema.internal.AbstractSchemaMigrator.applySqlString(AbstractSchemaMigrator.java:583)
	at org.hibernate.tool.schema.internal.AbstractSchemaMigrator.applySqlStrings(AbstractSchemaMigrator.java:523)
	at org.hibernate.tool.schema.internal.AbstractSchemaMigrator.migrateTable(AbstractSchemaMigrator.java:341)
	at org.hibernate.tool.schema.internal.GroupedSchemaMigratorImpl.performTablesMigration(GroupedSchemaMigratorImpl.java:84)
	at org.hibernate.tool.schema.internal.AbstractSchemaMigrator.performMigration(AbstractSchemaMigrator.java:240)
	at org.hibernate.tool.schema.internal.AbstractSchemaMigrator.doMigration(AbstractSchemaMigrator.java:119)
	at org.hibernate.tool.schema.spi.SchemaManagementToolCoordinator.performDatabaseAction(SchemaManagementToolCoordinator.java:280)
	at org.hibernate.tool.schema.spi.SchemaManagementToolCoordinator.lambda$process$5(SchemaManagementToolCoordinator.java:144)
	at java.base/java.util.HashMap.forEach(HashMap.java:1429)
	at org.hibernate.tool.schema.spi.SchemaManagementToolCoordinator.process(SchemaManagementToolCoordinator.java:141)
	at org.hibernate.boot.internal.SessionFactoryObserverForSchemaExport.sessionFactoryCreated(SessionFactoryObserverForSchemaExport.java:37)
	at org.hibernate.internal.SessionFactoryObserverChain.sessionFactoryCreated(SessionFactoryObserverChain.java:35)
	at org.hibernate.internal.SessionFactoryImpl.<init>(SessionFactoryImpl.java:322)
	at org.hibernate.boot.internal.SessionFactoryBuilderImpl.build(SessionFactoryBuilderImpl.java:457)
	at org.hibernate.cfg.Configuration.buildSessionFactory(Configuration.java:997)
	at org.hibernate.cfg.Configuration.buildSessionFactory(Configuration.java:1016)
	at com.billing.util.HibernateUtil.initializeSessionFactory(HibernateUtil.java:83)
	at com.billing.util.HibernateUtil.getSessionFactory(HibernateUtil.java:32)
	at com.billing.main.MainApplication.main(MainApplication.java:37)
Caused by: java.sql.SQLException: Referencing column 'id' and referenced column 'id' in foreign key constraint 'client_ibfk_1' are incompatible.
	at com.mysql.cj.jdbc.exceptions.SQLError.createSQLException(SQLError.java:130)
	at com.mysql.cj.jdbc.exceptions.SQLExceptionsMapping.translateException(SQLExceptionsMapping.java:122)
	at com.mysql.cj.jdbc.StatementImpl.executeInternal(StatementImpl.java:767)
	at com.mysql.cj.jdbc.StatementImpl.execute(StatementImpl.java:652)
	at org.hibernate.tool.schema.internal.exec.GenerationTargetToDatabase.accept(GenerationTargetToDatabase.java:80)
	... 19 more

feb 14, 2026 4:43:28 A. M. org.hibernate.tool.schema.internal.ExceptionHandlerLoggedImpl handleException
WARN: GenerationTarget encountered exception accepting command : Error executing DDL "
    alter table supplier 
       modify column id integer not null" via JDBC [Referencing column 'id' and referenced column 'id' in foreign key constraint 'supplier_ibfk_1' are incompatible.]
org.hibernate.tool.schema.spi.CommandAcceptanceException: Error executing DDL "
    alter table supplier 
       modify column id integer not null" via JDBC [Referencing column 'id' and referenced column 'id' in foreign key constraint 'supplier_ibfk_1' are incompatible.]
	at org.hibernate.tool.schema.internal.exec.GenerationTargetToDatabase.accept(GenerationTargetToDatabase.java:94)
	at org.hibernate.tool.schema.internal.AbstractSchemaMigrator.applySqlString(AbstractSchemaMigrator.java:583)
	at org.hibernate.tool.schema.internal.AbstractSchemaMigrator.applySqlStrings(AbstractSchemaMigrator.java:523)
	at org.hibernate.tool.schema.internal.AbstractSchemaMigrator.migrateTable(AbstractSchemaMigrator.java:341)
	at org.hibernate.tool.schema.internal.GroupedSchemaMigratorImpl.performTablesMigration(GroupedSchemaMigratorImpl.java:84)
	at org.hibernate.tool.schema.internal.AbstractSchemaMigrator.performMigration(AbstractSchemaMigrator.java:240)
	at org.hibernate.tool.schema.internal.AbstractSchemaMigrator.doMigration(AbstractSchemaMigrator.java:119)
	at org.hibernate.tool.schema.spi.SchemaManagementToolCoordinator.performDatabaseAction(SchemaManagementToolCoordinator.java:280)
	at org.hibernate.tool.schema.spi.SchemaManagementToolCoordinator.lambda$process$5(SchemaManagementToolCoordinator.java:144)
	at java.base/java.util.HashMap.forEach(HashMap.java:1429)
	at org.hibernate.tool.schema.spi.SchemaManagementToolCoordinator.process(SchemaManagementToolCoordinator.java:141)
	at org.hibernate.boot.internal.SessionFactoryObserverForSchemaExport.sessionFactoryCreated(SessionFactoryObserverForSchemaExport.java:37)
	at org.hibernate.internal.SessionFactoryObserverChain.sessionFactoryCreated(SessionFactoryObserverChain.java:35)
	at org.hibernate.internal.SessionFactoryImpl.<init>(SessionFactoryImpl.java:322)
	at org.hibernate.boot.internal.SessionFactoryBuilderImpl.build(SessionFactoryBuilderImpl.java:457)
	at org.hibernate.cfg.Configuration.buildSessionFactory(Configuration.java:997)
	at org.hibernate.cfg.Configuration.buildSessionFactory(Configuration.java:1016)
	at com.billing.util.HibernateUtil.initializeSessionFactory(HibernateUtil.java:83)
	at com.billing.util.HibernateUtil.getSessionFactory(HibernateUtil.java:32)
	at com.billing.main.MainApplication.main(MainApplication.java:37)
Caused by: java.sql.SQLException: Referencing column 'id' and referenced column 'id' in foreign key constraint 'supplier_ibfk_1' are incompatible.
	at com.mysql.cj.jdbc.exceptions.SQLError.createSQLException(SQLError.java:130)
	at com.mysql.cj.jdbc.exceptions.SQLExceptionsMapping.translateException(SQLExceptionsMapping.java:122)
	at com.mysql.cj.jdbc.StatementImpl.executeInternal(StatementImpl.java:767)
	at com.mysql.cj.jdbc.StatementImpl.execute(StatementImpl.java:652)
	at org.hibernate.tool.schema.internal.exec.GenerationTargetToDatabase.accept(GenerationTargetToDatabase.java:80)
	... 19 more

feb 14, 2026 4:43:28 A. M. com.billing.util.HibernateUtil initializeSessionFactory
INFO: Hibernate SessionFactory initialized successfully for MySQL database
feb 14, 2026 4:43:29 A. M. com.billing.service.ClientService <init>
INFO: ClientService initialized with PartyRepository
feb 14, 2026 4:43:29 A. M. com.billing.service.SupplierService <init>
INFO: SupplierService initialized with PartyRepository
feb 14, 2026 4:43:29 A. M. com.billing.main.MainApplication lambda$1
INFO: Application started successfully with MySQL database
feb 14, 2026 4:44:09 A. M. com.billing.service.ItemService updateItem
INFO: Updating item: Pan Integral 500g
feb 14, 2026 4:44:14 A. M. com.billing.service.ItemService updateItem
INFO: Updating item: Pan Integral 500g
feb 14, 2026 4:50:02 A. M. com.billing.main.MainApplication lambda$5
INFO: Shutting down application...
feb 18, 2026 7:15:17 P. M. com.billing.main.MainApplication main
INFO: Initializing Hibernate with MySQL database...
feb 18, 2026 7:15:17 P. M. com.billing.util.HibernateUtil initializeSessionFactory
INFO: Initializing Hibernate SessionFactory with hibernate.cfg.xml...
feb 18, 2026 7:15:17 P. M. com.billing.util.HibernateUtil initializeSessionFactory
INFO: Configuration file found at: file:/C:/Users/albag/Documents/2o/ACCESO%20DATOS/TEMA%203/Hibernate/target/classes/hibernate.cfg.xml
feb 18, 2026 7:15:18 P. M. org.hibernate.Version logVersion
INFO: HHH000412: Hibernate ORM core version 6.5.3.Final
feb 18, 2026 7:15:18 P. M. org.hibernate.cache.internal.RegionFactoryInitiator initiateService
INFO: HHH000026: Second-level cache disabled
feb 18, 2026 7:15:19 P. M. org.hibernate.engine.jdbc.connections.internal.DriverManagerConnectionProviderImpl configure
WARN: HHH10001002: Using built-in connection pool (not intended for production use)
feb 18, 2026 7:15:19 P. M. org.hibernate.engine.jdbc.connections.internal.DriverManagerConnectionProviderImpl buildCreator
INFO: HHH10001005: Loaded JDBC driver class: com.mysql.cj.jdbc.Driver
feb 18, 2026 7:15:19 P. M. org.hibernate.engine.jdbc.connections.internal.DriverManagerConnectionProviderImpl buildCreator
INFO: HHH10001012: Connecting with JDBC URL [jdbc:mysql://localhost:3306/facturacio?useSSL=false&serverTimezone=UTC&allowPublicKeyRetrieval=true]
feb 18, 2026 7:15:19 P. M. org.hibernate.engine.jdbc.connections.internal.DriverManagerConnectionProviderImpl buildCreator
INFO: HHH10001001: Connection properties: {password=****, user=usuario}
feb 18, 2026 7:15:19 P. M. org.hibernate.engine.jdbc.connections.internal.DriverManagerConnectionProviderImpl buildCreator
INFO: HHH10001003: Autocommit mode: false
feb 18, 2026 7:15:19 P. M. org.hibernate.engine.jdbc.connections.internal.DriverManagerConnectionProviderImpl$PooledConnections <init>
INFO: HHH10001115: Connection pool size: 1 (min=1)
feb 18, 2026 7:15:20 P. M. org.hibernate.engine.jdbc.dialect.internal.DialectFactoryImpl constructDialect
WARN: HHH90000025: MySQL8Dialect does not need to be specified explicitly using 'hibernate.dialect' (remove the property setting and it will be selected by default)
feb 18, 2026 7:15:20 P. M. org.hibernate.engine.jdbc.dialect.internal.DialectFactoryImpl logSelectedDialect
WARN: HHH90000026: MySQL8Dialect has been deprecated; use org.hibernate.dialect.MySQLDialect instead
feb 18, 2026 7:15:22 P. M. org.hibernate.resource.transaction.backend.jdbc.internal.DdlTransactionIsolatorNonJtaImpl getIsolatedConnection
INFO: HHH10001501: Connection obtained from JdbcConnectionAccess [org.hibernate.engine.jdbc.env.internal.JdbcEnvironmentInitiator$ConnectionProviderJdbcConnectionAccess@fd4459b] for (non-JTA) DDL execution was not in auto-commit mode; the Connection 'local transaction' will be committed and the Connection will be set into auto-commit mode.
feb 18, 2026 7:15:22 P. M. org.hibernate.tool.schema.internal.ExceptionHandlerLoggedImpl handleException
WARN: GenerationTarget encountered exception accepting command : Error executing DDL "
    alter table business_document 
       modify column id integer not null auto_increment" via JDBC [Referencing column 'id' and referenced column 'id' in foreign key constraint 'delivery_note_ibfk_1' are incompatible.]
org.hibernate.tool.schema.spi.CommandAcceptanceException: Error executing DDL "
    alter table business_document 
       modify column id integer not null auto_increment" via JDBC [Referencing column 'id' and referenced column 'id' in foreign key constraint 'delivery_note_ibfk_1' are incompatible.]
	at org.hibernate.tool.schema.internal.exec.GenerationTargetToDatabase.accept(GenerationTargetToDatabase.java:94)
	at org.hibernate.tool.schema.internal.AbstractSchemaMigrator.applySqlString(AbstractSchemaMigrator.java:583)
	at org.hibernate.tool.schema.internal.AbstractSchemaMigrator.applySqlStrings(AbstractSchemaMigrator.java:523)
	at org.hibernate.tool.schema.internal.AbstractSchemaMigrator.migrateTable(AbstractSchemaMigrator.java:341)
	at org.hibernate.tool.schema.internal.GroupedSchemaMigratorImpl.performTablesMigration(GroupedSchemaMigratorImpl.java:84)
	at org.hibernate.tool.schema.internal.AbstractSchemaMigrator.performMigration(AbstractSchemaMigrator.java:240)
	at org.hibernate.tool.schema.internal.AbstractSchemaMigrator.doMigration(AbstractSchemaMigrator.java:119)
	at org.hibernate.tool.schema.spi.SchemaManagementToolCoordinator.performDatabaseAction(SchemaManagementToolCoordinator.java:280)
	at org.hibernate.tool.schema.spi.SchemaManagementToolCoordinator.lambda$process$5(SchemaManagementToolCoordinator.java:144)
	at java.base/java.util.HashMap.forEach(HashMap.java:1429)
	at org.hibernate.tool.schema.spi.SchemaManagementToolCoordinator.process(SchemaManagementToolCoordinator.java:141)
	at org.hibernate.boot.internal.SessionFactoryObserverForSchemaExport.sessionFactoryCreated(SessionFactoryObserverForSchemaExport.java:37)
	at org.hibernate.internal.SessionFactoryObserverChain.sessionFactoryCreated(SessionFactoryObserverChain.java:35)
	at org.hibernate.internal.SessionFactoryImpl.<init>(SessionFactoryImpl.java:322)
	at org.hibernate.boot.internal.SessionFactoryBuilderImpl.build(SessionFactoryBuilderImpl.java:457)
	at org.hibernate.cfg.Configuration.buildSessionFactory(Configuration.java:997)
	at org.hibernate.cfg.Configuration.buildSessionFactory(Configuration.java:1016)
	at com.billing.util.HibernateUtil.initializeSessionFactory(HibernateUtil.java:83)
	at com.billing.util.HibernateUtil.getSessionFactory(HibernateUtil.java:32)
	at com.billing.main.MainApplication.main(MainApplication.java:37)
Caused by: java.sql.SQLException: Referencing column 'id' and referenced column 'id' in foreign key constraint 'delivery_note_ibfk_1' are incompatible.
	at com.mysql.cj.jdbc.exceptions.SQLError.createSQLException(SQLError.java:130)
	at com.mysql.cj.jdbc.exceptions.SQLExceptionsMapping.translateException(SQLExceptionsMapping.java:122)
	at com.mysql.cj.jdbc.StatementImpl.executeInternal(StatementImpl.java:767)
	at com.mysql.cj.jdbc.StatementImpl.execute(StatementImpl.java:652)
	at org.hibernate.tool.schema.internal.exec.GenerationTargetToDatabase.accept(GenerationTargetToDatabase.java:80)
	... 19 more

feb 18, 2026 7:15:22 P. M. org.hibernate.tool.schema.internal.ExceptionHandlerLoggedImpl handleException
WARN: GenerationTarget encountered exception accepting command : Error executing DDL "
    alter table business_document 
       modify column party_id integer" via JDBC [Referencing column 'party_id' and referenced column 'id' in foreign key constraint 'business_document_ibfk_1' are incompatible.]
org.hibernate.tool.schema.spi.CommandAcceptanceException: Error executing DDL "
    alter table business_document 
       modify column party_id integer" via JDBC [Referencing column 'party_id' and referenced column 'id' in foreign key constraint 'business_document_ibfk_1' are incompatible.]
	at org.hibernate.tool.schema.internal.exec.GenerationTargetToDatabase.accept(GenerationTargetToDatabase.java:94)
	at org.hibernate.tool.schema.internal.AbstractSchemaMigrator.applySqlString(AbstractSchemaMigrator.java:583)
	at org.hibernate.tool.schema.internal.AbstractSchemaMigrator.applySqlStrings(AbstractSchemaMigrator.java:523)
	at org.hibernate.tool.schema.internal.AbstractSchemaMigrator.migrateTable(AbstractSchemaMigrator.java:341)
	at org.hibernate.tool.schema.internal.GroupedSchemaMigratorImpl.performTablesMigration(GroupedSchemaMigratorImpl.java:84)
	at org.hibernate.tool.schema.internal.AbstractSchemaMigrator.performMigration(AbstractSchemaMigrator.java:240)
	at org.hibernate.tool.schema.internal.AbstractSchemaMigrator.doMigration(AbstractSchemaMigrator.java:119)
	at org.hibernate.tool.schema.spi.SchemaManagementToolCoordinator.performDatabaseAction(SchemaManagementToolCoordinator.java:280)
	at org.hibernate.tool.schema.spi.SchemaManagementToolCoordinator.lambda$process$5(SchemaManagementToolCoordinator.java:144)
	at java.base/java.util.HashMap.forEach(HashMap.java:1429)
	at org.hibernate.tool.schema.spi.SchemaManagementToolCoordinator.process(SchemaManagementToolCoordinator.java:141)
	at org.hibernate.boot.internal.SessionFactoryObserverForSchemaExport.sessionFactoryCreated(SessionFactoryObserverForSchemaExport.java:37)
	at org.hibernate.internal.SessionFactoryObserverChain.sessionFactoryCreated(SessionFactoryObserverChain.java:35)
	at org.hibernate.internal.SessionFactoryImpl.<init>(SessionFactoryImpl.java:322)
	at org.hibernate.boot.internal.SessionFactoryBuilderImpl.build(SessionFactoryBuilderImpl.java:457)
	at org.hibernate.cfg.Configuration.buildSessionFactory(Configuration.java:997)
	at org.hibernate.cfg.Configuration.buildSessionFactory(Configuration.java:1016)
	at com.billing.util.HibernateUtil.initializeSessionFactory(HibernateUtil.java:83)
	at com.billing.util.HibernateUtil.getSessionFactory(HibernateUtil.java:32)
	at com.billing.main.MainApplication.main(MainApplication.java:37)
Caused by: java.sql.SQLException: Referencing column 'party_id' and referenced column 'id' in foreign key constraint 'business_document_ibfk_1' are incompatible.
	at com.mysql.cj.jdbc.exceptions.SQLError.createSQLException(SQLError.java:130)
	at com.mysql.cj.jdbc.exceptions.SQLExceptionsMapping.translateException(SQLExceptionsMapping.java:122)
	at com.mysql.cj.jdbc.StatementImpl.executeInternal(StatementImpl.java:767)
	at com.mysql.cj.jdbc.StatementImpl.execute(StatementImpl.java:652)
	at org.hibernate.tool.schema.internal.exec.GenerationTargetToDatabase.accept(GenerationTargetToDatabase.java:80)
	... 19 more

feb 18, 2026 7:15:22 P. M. org.hibernate.tool.schema.internal.ExceptionHandlerLoggedImpl handleException
WARN: GenerationTarget encountered exception accepting command : Error executing DDL "
    alter table client 
       modify column id integer not null" via JDBC [Referencing column 'id' and referenced column 'id' in foreign key constraint 'client_ibfk_1' are incompatible.]
org.hibernate.tool.schema.spi.CommandAcceptanceException: Error executing DDL "
    alter table client 
       modify column id integer not null" via JDBC [Referencing column 'id' and referenced column 'id' in foreign key constraint 'client_ibfk_1' are incompatible.]
	at org.hibernate.tool.schema.internal.exec.GenerationTargetToDatabase.accept(GenerationTargetToDatabase.java:94)
	at org.hibernate.tool.schema.internal.AbstractSchemaMigrator.applySqlString(AbstractSchemaMigrator.java:583)
	at org.hibernate.tool.schema.internal.AbstractSchemaMigrator.applySqlStrings(AbstractSchemaMigrator.java:523)
	at org.hibernate.tool.schema.internal.AbstractSchemaMigrator.migrateTable(AbstractSchemaMigrator.java:341)
	at org.hibernate.tool.schema.internal.GroupedSchemaMigratorImpl.performTablesMigration(GroupedSchemaMigratorImpl.java:84)
	at org.hibernate.tool.schema.internal.AbstractSchemaMigrator.performMigration(AbstractSchemaMigrator.java:240)
	at org.hibernate.tool.schema.internal.AbstractSchemaMigrator.doMigration(AbstractSchemaMigrator.java:119)
	at org.hibernate.tool.schema.spi.SchemaManagementToolCoordinator.performDatabaseAction(SchemaManagementToolCoordinator.java:280)
	at org.hibernate.tool.schema.spi.SchemaManagementToolCoordinator.lambda$process$5(SchemaManagementToolCoordinator.java:144)
	at java.base/java.util.HashMap.forEach(HashMap.java:1429)
	at org.hibernate.tool.schema.spi.SchemaManagementToolCoordinator.process(SchemaManagementToolCoordinator.java:141)
	at org.hibernate.boot.internal.SessionFactoryObserverForSchemaExport.sessionFactoryCreated(SessionFactoryObserverForSchemaExport.java:37)
	at org.hibernate.internal.SessionFactoryObserverChain.sessionFactoryCreated(SessionFactoryObserverChain.java:35)
	at org.hibernate.internal.SessionFactoryImpl.<init>(SessionFactoryImpl.java:322)
	at org.hibernate.boot.internal.SessionFactoryBuilderImpl.build(SessionFactoryBuilderImpl.java:457)
	at org.hibernate.cfg.Configuration.buildSessionFactory(Configuration.java:997)
	at org.hibernate.cfg.Configuration.buildSessionFactory(Configuration.java:1016)
	at com.billing.util.HibernateUtil.initializeSessionFactory(HibernateUtil.java:83)
	at com.billing.util.HibernateUtil.getSessionFactory(HibernateUtil.java:32)
	at com.billing.main.MainApplication.main(MainApplication.java:37)
Caused by: java.sql.SQLException: Referencing column 'id' and referenced column 'id' in foreign key constraint 'client_ibfk_1' are incompatible.
	at com.mysql.cj.jdbc.exceptions.SQLError.createSQLException(SQLError.java:130)
	at com.mysql.cj.jdbc.exceptions.SQLExceptionsMapping.translateException(SQLExceptionsMapping.java:122)
	at com.mysql.cj.jdbc.StatementImpl.executeInternal(StatementImpl.java:767)
	at com.mysql.cj.jdbc.StatementImpl.execute(StatementImpl.java:652)
	at org.hibernate.tool.schema.internal.exec.GenerationTargetToDatabase.accept(GenerationTargetToDatabase.java:80)
	... 19 more

feb 18, 2026 7:15:22 P. M. org.hibernate.tool.schema.internal.ExceptionHandlerLoggedImpl handleException
WARN: GenerationTarget encountered exception accepting command : Error executing DDL "
    alter table delivery_note 
       modify column id integer not null" via JDBC [Referencing column 'id' and referenced column 'id' in foreign key constraint 'delivery_note_ibfk_1' are incompatible.]
org.hibernate.tool.schema.spi.CommandAcceptanceException: Error executing DDL "
    alter table delivery_note 
       modify column id integer not null" via JDBC [Referencing column 'id' and referenced column 'id' in foreign key constraint 'delivery_note_ibfk_1' are incompatible.]
	at org.hibernate.tool.schema.internal.exec.GenerationTargetToDatabase.accept(GenerationTargetToDatabase.java:94)
	at org.hibernate.tool.schema.internal.AbstractSchemaMigrator.applySqlString(AbstractSchemaMigrator.java:583)
	at org.hibernate.tool.schema.internal.AbstractSchemaMigrator.applySqlStrings(AbstractSchemaMigrator.java:523)
	at org.hibernate.tool.schema.internal.AbstractSchemaMigrator.migrateTable(AbstractSchemaMigrator.java:341)
	at org.hibernate.tool.schema.internal.GroupedSchemaMigratorImpl.performTablesMigration(GroupedSchemaMigratorImpl.java:84)
	at org.hibernate.tool.schema.internal.AbstractSchemaMigrator.performMigration(AbstractSchemaMigrator.java:240)
	at org.hibernate.tool.schema.internal.AbstractSchemaMigrator.doMigration(AbstractSchemaMigrator.java:119)
	at org.hibernate.tool.schema.spi.SchemaManagementToolCoordinator.performDatabaseAction(SchemaManagementToolCoordinator.java:280)
	at org.hibernate.tool.schema.spi.SchemaManagementToolCoordinator.lambda$process$5(SchemaManagementToolCoordinator.java:144)
	at java.base/java.util.HashMap.forEach(HashMap.java:1429)
	at org.hibernate.tool.schema.spi.SchemaManagementToolCoordinator.process(SchemaManagementToolCoordinator.java:141)
	at org.hibernate.boot.internal.SessionFactoryObserverForSchemaExport.sessionFactoryCreated(SessionFactoryObserverForSchemaExport.java:37)
	at org.hibernate.internal.SessionFactoryObserverChain.sessionFactoryCreated(SessionFactoryObserverChain.java:35)
	at org.hibernate.internal.SessionFactoryImpl.<init>(SessionFactoryImpl.java:322)
	at org.hibernate.boot.internal.SessionFactoryBuilderImpl.build(SessionFactoryBuilderImpl.java:457)
	at org.hibernate.cfg.Configuration.buildSessionFactory(Configuration.java:997)
	at org.hibernate.cfg.Configuration.buildSessionFactory(Configuration.java:1016)
	at com.billing.util.HibernateUtil.initializeSessionFactory(HibernateUtil.java:83)
	at com.billing.util.HibernateUtil.getSessionFactory(HibernateUtil.java:32)
	at com.billing.main.MainApplication.main(MainApplication.java:37)
Caused by: java.sql.SQLException: Referencing column 'id' and referenced column 'id' in foreign key constraint 'delivery_note_ibfk_1' are incompatible.
	at com.mysql.cj.jdbc.exceptions.SQLError.createSQLException(SQLError.java:130)
	at com.mysql.cj.jdbc.exceptions.SQLExceptionsMapping.translateException(SQLExceptionsMapping.java:122)
	at com.mysql.cj.jdbc.StatementImpl.executeInternal(StatementImpl.java:767)
	at com.mysql.cj.jdbc.StatementImpl.execute(StatementImpl.java:652)
	at org.hibernate.tool.schema.internal.exec.GenerationTargetToDatabase.accept(GenerationTargetToDatabase.java:80)
	... 19 more

feb 18, 2026 7:15:22 P. M. org.hibernate.tool.schema.internal.ExceptionHandlerLoggedImpl handleException
WARN: GenerationTarget encountered exception accepting command : Error executing DDL "
    alter table document_line 
       modify column document_id integer" via JDBC [Referencing column 'document_id' and referenced column 'id' in foreign key constraint 'document_line_ibfk_1' are incompatible.]
org.hibernate.tool.schema.spi.CommandAcceptanceException: Error executing DDL "
    alter table document_line 
       modify column document_id integer" via JDBC [Referencing column 'document_id' and referenced column 'id' in foreign key constraint 'document_line_ibfk_1' are incompatible.]
	at org.hibernate.tool.schema.internal.exec.GenerationTargetToDatabase.accept(GenerationTargetToDatabase.java:94)
	at org.hibernate.tool.schema.internal.AbstractSchemaMigrator.applySqlString(AbstractSchemaMigrator.java:583)
	at org.hibernate.tool.schema.internal.AbstractSchemaMigrator.applySqlStrings(AbstractSchemaMigrator.java:523)
	at org.hibernate.tool.schema.internal.AbstractSchemaMigrator.migrateTable(AbstractSchemaMigrator.java:341)
	at org.hibernate.tool.schema.internal.GroupedSchemaMigratorImpl.performTablesMigration(GroupedSchemaMigratorImpl.java:84)
	at org.hibernate.tool.schema.internal.AbstractSchemaMigrator.performMigration(AbstractSchemaMigrator.java:240)
	at org.hibernate.tool.schema.internal.AbstractSchemaMigrator.doMigration(AbstractSchemaMigrator.java:119)
	at org.hibernate.tool.schema.spi.SchemaManagementToolCoordinator.performDatabaseAction(SchemaManagementToolCoordinator.java:280)
	at org.hibernate.tool.schema.spi.SchemaManagementToolCoordinator.lambda$process$5(SchemaManagementToolCoordinator.java:144)
	at java.base/java.util.HashMap.forEach(HashMap.java:1429)
	at org.hibernate.tool.schema.spi.SchemaManagementToolCoordinator.process(SchemaManagementToolCoordinator.java:141)
	at org.hibernate.boot.internal.SessionFactoryObserverForSchemaExport.sessionFactoryCreated(SessionFactoryObserverForSchemaExport.java:37)
	at org.hibernate.internal.SessionFactoryObserverChain.sessionFactoryCreated(SessionFactoryObserverChain.java:35)
	at org.hibernate.internal.SessionFactoryImpl.<init>(SessionFactoryImpl.java:322)
	at org.hibernate.boot.internal.SessionFactoryBuilderImpl.build(SessionFactoryBuilderImpl.java:457)
	at org.hibernate.cfg.Configuration.buildSessionFactory(Configuration.java:997)
	at org.hibernate.cfg.Configuration.buildSessionFactory(Configuration.java:1016)
	at com.billing.util.HibernateUtil.initializeSessionFactory(HibernateUtil.java:83)
	at com.billing.util.HibernateUtil.getSessionFactory(HibernateUtil.java:32)
	at com.billing.main.MainApplication.main(MainApplication.java:37)
Caused by: java.sql.SQLException: Referencing column 'document_id' and referenced column 'id' in foreign key constraint 'document_line_ibfk_1' are incompatible.
	at com.mysql.cj.jdbc.exceptions.SQLError.createSQLException(SQLError.java:130)
	at com.mysql.cj.jdbc.exceptions.SQLExceptionsMapping.translateException(SQLExceptionsMapping.java:122)
	at com.mysql.cj.jdbc.StatementImpl.executeInternal(StatementImpl.java:767)
	at com.mysql.cj.jdbc.StatementImpl.execute(StatementImpl.java:652)
	at org.hibernate.tool.schema.internal.exec.GenerationTargetToDatabase.accept(GenerationTargetToDatabase.java:80)
	... 19 more

feb 18, 2026 7:15:22 P. M. org.hibernate.tool.schema.internal.ExceptionHandlerLoggedImpl handleException
WARN: GenerationTarget encountered exception accepting command : Error executing DDL "
    alter table document_line 
       modify column item_id integer" via JDBC [Referencing column 'item_id' and referenced column 'id' in foreign key constraint 'document_line_ibfk_2' are incompatible.]
org.hibernate.tool.schema.spi.CommandAcceptanceException: Error executing DDL "
    alter table document_line 
       modify column item_id integer" via JDBC [Referencing column 'item_id' and referenced column 'id' in foreign key constraint 'document_line_ibfk_2' are incompatible.]
	at org.hibernate.tool.schema.internal.exec.GenerationTargetToDatabase.accept(GenerationTargetToDatabase.java:94)
	at org.hibernate.tool.schema.internal.AbstractSchemaMigrator.applySqlString(AbstractSchemaMigrator.java:583)
	at org.hibernate.tool.schema.internal.AbstractSchemaMigrator.applySqlStrings(AbstractSchemaMigrator.java:523)
	at org.hibernate.tool.schema.internal.AbstractSchemaMigrator.migrateTable(AbstractSchemaMigrator.java:341)
	at org.hibernate.tool.schema.internal.GroupedSchemaMigratorImpl.performTablesMigration(GroupedSchemaMigratorImpl.java:84)
	at org.hibernate.tool.schema.internal.AbstractSchemaMigrator.performMigration(AbstractSchemaMigrator.java:240)
	at org.hibernate.tool.schema.internal.AbstractSchemaMigrator.doMigration(AbstractSchemaMigrator.java:119)
	at org.hibernate.tool.schema.spi.SchemaManagementToolCoordinator.performDatabaseAction(SchemaManagementToolCoordinator.java:280)
	at org.hibernate.tool.schema.spi.SchemaManagementToolCoordinator.lambda$process$5(SchemaManagementToolCoordinator.java:144)
	at java.base/java.util.HashMap.forEach(HashMap.java:1429)
	at org.hibernate.tool.schema.spi.SchemaManagementToolCoordinator.process(SchemaManagementToolCoordinator.java:141)
	at org.hibernate.boot.internal.SessionFactoryObserverForSchemaExport.sessionFactoryCreated(SessionFactoryObserverForSchemaExport.java:37)
	at org.hibernate.internal.SessionFactoryObserverChain.sessionFactoryCreated(SessionFactoryObserverChain.java:35)
	at org.hibernate.internal.SessionFactoryImpl.<init>(SessionFactoryImpl.java:322)
	at org.hibernate.boot.internal.SessionFactoryBuilderImpl.build(SessionFactoryBuilderImpl.java:457)
	at org.hibernate.cfg.Configuration.buildSessionFactory(Configuration.java:997)
	at org.hibernate.cfg.Configuration.buildSessionFactory(Configuration.java:1016)
	at com.billing.util.HibernateUtil.initializeSessionFactory(HibernateUtil.java:83)
	at com.billing.util.HibernateUtil.getSessionFactory(HibernateUtil.java:32)
	at com.billing.main.MainApplication.main(MainApplication.java:37)
Caused by: java.sql.SQLException: Referencing column 'item_id' and referenced column 'id' in foreign key constraint 'document_line_ibfk_2' are incompatible.
	at com.mysql.cj.jdbc.exceptions.SQLError.createSQLException(SQLError.java:130)
	at com.mysql.cj.jdbc.exceptions.SQLExceptionsMapping.translateException(SQLExceptionsMapping.java:122)
	at com.mysql.cj.jdbc.StatementImpl.executeInternal(StatementImpl.java:767)
	at com.mysql.cj.jdbc.StatementImpl.execute(StatementImpl.java:652)
	at org.hibernate.tool.schema.internal.exec.GenerationTargetToDatabase.accept(GenerationTargetToDatabase.java:80)
	... 19 more

feb 18, 2026 7:15:22 P. M. org.hibernate.tool.schema.internal.ExceptionHandlerLoggedImpl handleException
WARN: GenerationTarget encountered exception accepting command : Error executing DDL "
    alter table invoice 
       modify column id integer not null" via JDBC [Referencing column 'id' and referenced column 'id' in foreign key constraint 'invoice_ibfk_1' are incompatible.]
org.hibernate.tool.schema.spi.CommandAcceptanceException: Error executing DDL "
    alter table invoice 
       modify column id integer not null" via JDBC [Referencing column 'id' and referenced column 'id' in foreign key constraint 'invoice_ibfk_1' are incompatible.]
	at org.hibernate.tool.schema.internal.exec.GenerationTargetToDatabase.accept(GenerationTargetToDatabase.java:94)
	at org.hibernate.tool.schema.internal.AbstractSchemaMigrator.applySqlString(AbstractSchemaMigrator.java:583)
	at org.hibernate.tool.schema.internal.AbstractSchemaMigrator.applySqlStrings(AbstractSchemaMigrator.java:523)
	at org.hibernate.tool.schema.internal.AbstractSchemaMigrator.migrateTable(AbstractSchemaMigrator.java:341)
	at org.hibernate.tool.schema.internal.GroupedSchemaMigratorImpl.performTablesMigration(GroupedSchemaMigratorImpl.java:84)
	at org.hibernate.tool.schema.internal.AbstractSchemaMigrator.performMigration(AbstractSchemaMigrator.java:240)
	at org.hibernate.tool.schema.internal.AbstractSchemaMigrator.doMigration(AbstractSchemaMigrator.java:119)
	at org.hibernate.tool.schema.spi.SchemaManagementToolCoordinator.performDatabaseAction(SchemaManagementToolCoordinator.java:280)
	at org.hibernate.tool.schema.spi.SchemaManagementToolCoordinator.lambda$process$5(SchemaManagementToolCoordinator.java:144)
	at java.base/java.util.HashMap.forEach(HashMap.java:1429)
	at org.hibernate.tool.schema.spi.SchemaManagementToolCoordinator.process(SchemaManagementToolCoordinator.java:141)
	at org.hibernate.boot.internal.SessionFactoryObserverForSchemaExport.sessionFactoryCreated(SessionFactoryObserverForSchemaExport.java:37)
	at org.hibernate.internal.SessionFactoryObserverChain.sessionFactoryCreated(SessionFactoryObserverChain.java:35)
	at org.hibernate.internal.SessionFactoryImpl.<init>(SessionFactoryImpl.java:322)
	at org.hibernate.boot.internal.SessionFactoryBuilderImpl.build(SessionFactoryBuilderImpl.java:457)
	at org.hibernate.cfg.Configuration.buildSessionFactory(Configuration.java:997)
	at org.hibernate.cfg.Configuration.buildSessionFactory(Configuration.java:1016)
	at com.billing.util.HibernateUtil.initializeSessionFactory(HibernateUtil.java:83)
	at com.billing.util.HibernateUtil.getSessionFactory(HibernateUtil.java:32)
	at com.billing.main.MainApplication.main(MainApplication.java:37)
Caused by: java.sql.SQLException: Referencing column 'id' and referenced column 'id' in foreign key constraint 'invoice_ibfk_1' are incompatible.
	at com.mysql.cj.jdbc.exceptions.SQLError.createSQLException(SQLError.java:130)
	at com.mysql.cj.jdbc.exceptions.SQLExceptionsMapping.translateException(SQLExceptionsMapping.java:122)
	at com.mysql.cj.jdbc.StatementImpl.executeInternal(StatementImpl.java:767)
	at com.mysql.cj.jdbc.StatementImpl.execute(StatementImpl.java:652)
	at org.hibernate.tool.schema.internal.exec.GenerationTargetToDatabase.accept(GenerationTargetToDatabase.java:80)
	... 19 more

feb 18, 2026 7:15:22 P. M. org.hibernate.tool.schema.internal.ExceptionHandlerLoggedImpl handleException
WARN: GenerationTarget encountered exception accepting command : Error executing DDL "
    alter table item 
       modify column id integer not null auto_increment" via JDBC [Referencing column 'item_id' and referenced column 'id' in foreign key constraint 'document_line_ibfk_2' are incompatible.]
org.hibernate.tool.schema.spi.CommandAcceptanceException: Error executing DDL "
    alter table item 
       modify column id integer not null auto_increment" via JDBC [Referencing column 'item_id' and referenced column 'id' in foreign key constraint 'document_line_ibfk_2' are incompatible.]
	at org.hibernate.tool.schema.internal.exec.GenerationTargetToDatabase.accept(GenerationTargetToDatabase.java:94)
	at org.hibernate.tool.schema.internal.AbstractSchemaMigrator.applySqlString(AbstractSchemaMigrator.java:583)
	at org.hibernate.tool.schema.internal.AbstractSchemaMigrator.applySqlStrings(AbstractSchemaMigrator.java:523)
	at org.hibernate.tool.schema.internal.AbstractSchemaMigrator.migrateTable(AbstractSchemaMigrator.java:341)
	at org.hibernate.tool.schema.internal.GroupedSchemaMigratorImpl.performTablesMigration(GroupedSchemaMigratorImpl.java:84)
	at org.hibernate.tool.schema.internal.AbstractSchemaMigrator.performMigration(AbstractSchemaMigrator.java:240)
	at org.hibernate.tool.schema.internal.AbstractSchemaMigrator.doMigration(AbstractSchemaMigrator.java:119)
	at org.hibernate.tool.schema.spi.SchemaManagementToolCoordinator.performDatabaseAction(SchemaManagementToolCoordinator.java:280)
	at org.hibernate.tool.schema.spi.SchemaManagementToolCoordinator.lambda$process$5(SchemaManagementToolCoordinator.java:144)
	at java.base/java.util.HashMap.forEach(HashMap.java:1429)
	at org.hibernate.tool.schema.spi.SchemaManagementToolCoordinator.process(SchemaManagementToolCoordinator.java:141)
	at org.hibernate.boot.internal.SessionFactoryObserverForSchemaExport.sessionFactoryCreated(SessionFactoryObserverForSchemaExport.java:37)
	at org.hibernate.internal.SessionFactoryObserverChain.sessionFactoryCreated(SessionFactoryObserverChain.java:35)
	at org.hibernate.internal.SessionFactoryImpl.<init>(SessionFactoryImpl.java:322)
	at org.hibernate.boot.internal.SessionFactoryBuilderImpl.build(SessionFactoryBuilderImpl.java:457)
	at org.hibernate.cfg.Configuration.buildSessionFactory(Configuration.java:997)
	at org.hibernate.cfg.Configuration.buildSessionFactory(Configuration.java:1016)
	at com.billing.util.HibernateUtil.initializeSessionFactory(HibernateUtil.java:83)
	at com.billing.util.HibernateUtil.getSessionFactory(HibernateUtil.java:32)
	at com.billing.main.MainApplication.main(MainApplication.java:37)
Caused by: java.sql.SQLException: Referencing column 'item_id' and referenced column 'id' in foreign key constraint 'document_line_ibfk_2' are incompatible.
	at com.mysql.cj.jdbc.exceptions.SQLError.createSQLException(SQLError.java:130)
	at com.mysql.cj.jdbc.exceptions.SQLExceptionsMapping.translateException(SQLExceptionsMapping.java:122)
	at com.mysql.cj.jdbc.StatementImpl.executeInternal(StatementImpl.java:767)
	at com.mysql.cj.jdbc.StatementImpl.execute(StatementImpl.java:652)
	at org.hibernate.tool.schema.internal.exec.GenerationTargetToDatabase.accept(GenerationTargetToDatabase.java:80)
	... 19 more

feb 18, 2026 7:15:22 P. M. org.hibernate.tool.schema.internal.ExceptionHandlerLoggedImpl handleException
WARN: GenerationTarget encountered exception accepting command : Error executing DDL "
    alter table item 
       modify column category_code varchar(10)" via JDBC [Cannot change column 'category_code': used in a foreign key constraint 'item_ibfk_2']
org.hibernate.tool.schema.spi.CommandAcceptanceException: Error executing DDL "
    alter table item 
       modify column category_code varchar(10)" via JDBC [Cannot change column 'category_code': used in a foreign key constraint 'item_ibfk_2']
	at org.hibernate.tool.schema.internal.exec.GenerationTargetToDatabase.accept(GenerationTargetToDatabase.java:94)
	at org.hibernate.tool.schema.internal.AbstractSchemaMigrator.applySqlString(AbstractSchemaMigrator.java:583)
	at org.hibernate.tool.schema.internal.AbstractSchemaMigrator.applySqlStrings(AbstractSchemaMigrator.java:523)
	at org.hibernate.tool.schema.internal.AbstractSchemaMigrator.migrateTable(AbstractSchemaMigrator.java:341)
	at org.hibernate.tool.schema.internal.GroupedSchemaMigratorImpl.performTablesMigration(GroupedSchemaMigratorImpl.java:84)
	at org.hibernate.tool.schema.internal.AbstractSchemaMigrator.performMigration(AbstractSchemaMigrator.java:240)
	at org.hibernate.tool.schema.internal.AbstractSchemaMigrator.doMigration(AbstractSchemaMigrator.java:119)
	at org.hibernate.tool.schema.spi.SchemaManagementToolCoordinator.performDatabaseAction(SchemaManagementToolCoordinator.java:280)
	at org.hibernate.tool.schema.spi.SchemaManagementToolCoordinator.lambda$process$5(SchemaManagementToolCoordinator.java:144)
	at java.base/java.util.HashMap.forEach(HashMap.java:1429)
	at org.hibernate.tool.schema.spi.SchemaManagementToolCoordinator.process(SchemaManagementToolCoordinator.java:141)
	at org.hibernate.boot.internal.SessionFactoryObserverForSchemaExport.sessionFactoryCreated(SessionFactoryObserverForSchemaExport.java:37)
	at org.hibernate.internal.SessionFactoryObserverChain.sessionFactoryCreated(SessionFactoryObserverChain.java:35)
	at org.hibernate.internal.SessionFactoryImpl.<init>(SessionFactoryImpl.java:322)
	at org.hibernate.boot.internal.SessionFactoryBuilderImpl.build(SessionFactoryBuilderImpl.java:457)
	at org.hibernate.cfg.Configuration.buildSessionFactory(Configuration.java:997)
	at org.hibernate.cfg.Configuration.buildSessionFactory(Configuration.java:1016)
	at com.billing.util.HibernateUtil.initializeSessionFactory(HibernateUtil.java:83)
	at com.billing.util.HibernateUtil.getSessionFactory(HibernateUtil.java:32)
	at com.billing.main.MainApplication.main(MainApplication.java:37)
Caused by: java.sql.SQLException: Cannot change column 'category_code': used in a foreign key constraint 'item_ibfk_2'
	at com.mysql.cj.jdbc.exceptions.SQLError.createSQLException(SQLError.java:130)
	at com.mysql.cj.jdbc.exceptions.SQLExceptionsMapping.translateException(SQLExceptionsMapping.java:122)
	at com.mysql.cj.jdbc.StatementImpl.executeInternal(StatementImpl.java:767)
	at com.mysql.cj.jdbc.StatementImpl.execute(StatementImpl.java:652)
	at org.hibernate.tool.schema.internal.exec.GenerationTargetToDatabase.accept(GenerationTargetToDatabase.java:80)
	... 19 more

feb 18, 2026 7:15:22 P. M. org.hibernate.tool.schema.internal.ExceptionHandlerLoggedImpl handleException
WARN: GenerationTarget encountered exception accepting command : Error executing DDL "
    alter table item 
       modify column family_code varchar(10)" via JDBC [Cannot change column 'family_code': used in a foreign key constraint 'item_ibfk_1']
org.hibernate.tool.schema.spi.CommandAcceptanceException: Error executing DDL "
    alter table item 
       modify column family_code varchar(10)" via JDBC [Cannot change column 'family_code': used in a foreign key constraint 'item_ibfk_1']
	at org.hibernate.tool.schema.internal.exec.GenerationTargetToDatabase.accept(GenerationTargetToDatabase.java:94)
	at org.hibernate.tool.schema.internal.AbstractSchemaMigrator.applySqlString(AbstractSchemaMigrator.java:583)
	at org.hibernate.tool.schema.internal.AbstractSchemaMigrator.applySqlStrings(AbstractSchemaMigrator.java:523)
	at org.hibernate.tool.schema.internal.AbstractSchemaMigrator.migrateTable(AbstractSchemaMigrator.java:341)
	at org.hibernate.tool.schema.internal.GroupedSchemaMigratorImpl.performTablesMigration(GroupedSchemaMigratorImpl.java:84)
	at org.hibernate.tool.schema.internal.AbstractSchemaMigrator.performMigration(AbstractSchemaMigrator.java:240)
	at org.hibernate.tool.schema.internal.AbstractSchemaMigrator.doMigration(AbstractSchemaMigrator.java:119)
	at org.hibernate.tool.schema.spi.SchemaManagementToolCoordinator.performDatabaseAction(SchemaManagementToolCoordinator.java:280)
	at org.hibernate.tool.schema.spi.SchemaManagementToolCoordinator.lambda$process$5(SchemaManagementToolCoordinator.java:144)
	at java.base/java.util.HashMap.forEach(HashMap.java:1429)
	at org.hibernate.tool.schema.spi.SchemaManagementToolCoordinator.process(SchemaManagementToolCoordinator.java:141)
	at org.hibernate.boot.internal.SessionFactoryObserverForSchemaExport.sessionFactoryCreated(SessionFactoryObserverForSchemaExport.java:37)
	at org.hibernate.internal.SessionFactoryObserverChain.sessionFactoryCreated(SessionFactoryObserverChain.java:35)
	at org.hibernate.internal.SessionFactoryImpl.<init>(SessionFactoryImpl.java:322)
	at org.hibernate.boot.internal.SessionFactoryBuilderImpl.build(SessionFactoryBuilderImpl.java:457)
	at org.hibernate.cfg.Configuration.buildSessionFactory(Configuration.java:997)
	at org.hibernate.cfg.Configuration.buildSessionFactory(Configuration.java:1016)
	at com.billing.util.HibernateUtil.initializeSessionFactory(HibernateUtil.java:83)
	at com.billing.util.HibernateUtil.getSessionFactory(HibernateUtil.java:32)
	at com.billing.main.MainApplication.main(MainApplication.java:37)
Caused by: java.sql.SQLException: Cannot change column 'family_code': used in a foreign key constraint 'item_ibfk_1'
	at com.mysql.cj.jdbc.exceptions.SQLError.createSQLException(SQLError.java:130)
	at com.mysql.cj.jdbc.exceptions.SQLExceptionsMapping.translateException(SQLExceptionsMapping.java:122)
	at com.mysql.cj.jdbc.StatementImpl.executeInternal(StatementImpl.java:767)
	at com.mysql.cj.jdbc.StatementImpl.execute(StatementImpl.java:652)
	at org.hibernate.tool.schema.internal.exec.GenerationTargetToDatabase.accept(GenerationTargetToDatabase.java:80)
	... 19 more

feb 18, 2026 7:15:22 P. M. org.hibernate.tool.schema.internal.ExceptionHandlerLoggedImpl handleException
WARN: GenerationTarget encountered exception accepting command : Error executing DDL "
    alter table item 
       modify column supplier_id integer" via JDBC [Referencing column 'supplier_id' and referenced column 'id' in foreign key constraint 'item_ibfk_4' are incompatible.]
org.hibernate.tool.schema.spi.CommandAcceptanceException: Error executing DDL "
    alter table item 
       modify column supplier_id integer" via JDBC [Referencing column 'supplier_id' and referenced column 'id' in foreign key constraint 'item_ibfk_4' are incompatible.]
	at org.hibernate.tool.schema.internal.exec.GenerationTargetToDatabase.accept(GenerationTargetToDatabase.java:94)
	at org.hibernate.tool.schema.internal.AbstractSchemaMigrator.applySqlString(AbstractSchemaMigrator.java:583)
	at org.hibernate.tool.schema.internal.AbstractSchemaMigrator.applySqlStrings(AbstractSchemaMigrator.java:523)
	at org.hibernate.tool.schema.internal.AbstractSchemaMigrator.migrateTable(AbstractSchemaMigrator.java:341)
	at org.hibernate.tool.schema.internal.GroupedSchemaMigratorImpl.performTablesMigration(GroupedSchemaMigratorImpl.java:84)
	at org.hibernate.tool.schema.internal.AbstractSchemaMigrator.performMigration(AbstractSchemaMigrator.java:240)
	at org.hibernate.tool.schema.internal.AbstractSchemaMigrator.doMigration(AbstractSchemaMigrator.java:119)
	at org.hibernate.tool.schema.spi.SchemaManagementToolCoordinator.performDatabaseAction(SchemaManagementToolCoordinator.java:280)
	at org.hibernate.tool.schema.spi.SchemaManagementToolCoordinator.lambda$process$5(SchemaManagementToolCoordinator.java:144)
	at java.base/java.util.HashMap.forEach(HashMap.java:1429)
	at org.hibernate.tool.schema.spi.SchemaManagementToolCoordinator.process(SchemaManagementToolCoordinator.java:141)
	at org.hibernate.boot.internal.SessionFactoryObserverForSchemaExport.sessionFactoryCreated(SessionFactoryObserverForSchemaExport.java:37)
	at org.hibernate.internal.SessionFactoryObserverChain.sessionFactoryCreated(SessionFactoryObserverChain.java:35)
	at org.hibernate.internal.SessionFactoryImpl.<init>(SessionFactoryImpl.java:322)
	at org.hibernate.boot.internal.SessionFactoryBuilderImpl.build(SessionFactoryBuilderImpl.java:457)
	at org.hibernate.cfg.Configuration.buildSessionFactory(Configuration.java:997)
	at org.hibernate.cfg.Configuration.buildSessionFactory(Configuration.java:1016)
	at com.billing.util.HibernateUtil.initializeSessionFactory(HibernateUtil.java:83)
	at com.billing.util.HibernateUtil.getSessionFactory(HibernateUtil.java:32)
	at com.billing.main.MainApplication.main(MainApplication.java:37)
Caused by: java.sql.SQLException: Referencing column 'supplier_id' and referenced column 'id' in foreign key constraint 'item_ibfk_4' are incompatible.
	at com.mysql.cj.jdbc.exceptions.SQLError.createSQLException(SQLError.java:130)
	at com.mysql.cj.jdbc.exceptions.SQLExceptionsMapping.translateException(SQLExceptionsMapping.java:122)
	at com.mysql.cj.jdbc.StatementImpl.executeInternal(StatementImpl.java:767)
	at com.mysql.cj.jdbc.StatementImpl.execute(StatementImpl.java:652)
	at org.hibernate.tool.schema.internal.exec.GenerationTargetToDatabase.accept(GenerationTargetToDatabase.java:80)
	... 19 more

feb 18, 2026 7:15:22 P. M. org.hibernate.tool.schema.internal.ExceptionHandlerLoggedImpl handleException
WARN: GenerationTarget encountered exception accepting command : Error executing DDL "
    alter table item_categories 
       modify column code varchar(10) not null" via JDBC [Cannot change column 'code': used in a foreign key constraint 'item_ibfk_2' of table 'facturacio.item']
org.hibernate.tool.schema.spi.CommandAcceptanceException: Error executing DDL "
    alter table item_categories 
       modify column code varchar(10) not null" via JDBC [Cannot change column 'code': used in a foreign key constraint 'item_ibfk_2' of table 'facturacio.item']
	at org.hibernate.tool.schema.internal.exec.GenerationTargetToDatabase.accept(GenerationTargetToDatabase.java:94)
	at org.hibernate.tool.schema.internal.AbstractSchemaMigrator.applySqlString(AbstractSchemaMigrator.java:583)
	at org.hibernate.tool.schema.internal.AbstractSchemaMigrator.applySqlStrings(AbstractSchemaMigrator.java:523)
	at org.hibernate.tool.schema.internal.AbstractSchemaMigrator.migrateTable(AbstractSchemaMigrator.java:341)
	at org.hibernate.tool.schema.internal.GroupedSchemaMigratorImpl.performTablesMigration(GroupedSchemaMigratorImpl.java:84)
	at org.hibernate.tool.schema.internal.AbstractSchemaMigrator.performMigration(AbstractSchemaMigrator.java:240)
	at org.hibernate.tool.schema.internal.AbstractSchemaMigrator.doMigration(AbstractSchemaMigrator.java:119)
	at org.hibernate.tool.schema.spi.SchemaManagementToolCoordinator.performDatabaseAction(SchemaManagementToolCoordinator.java:280)
	at org.hibernate.tool.schema.spi.SchemaManagementToolCoordinator.lambda$process$5(SchemaManagementToolCoordinator.java:144)
	at java.base/java.util.HashMap.forEach(HashMap.java:1429)
	at org.hibernate.tool.schema.spi.SchemaManagementToolCoordinator.process(SchemaManagementToolCoordinator.java:141)
	at org.hibernate.boot.internal.SessionFactoryObserverForSchemaExport.sessionFactoryCreated(SessionFactoryObserverForSchemaExport.java:37)
	at org.hibernate.internal.SessionFactoryObserverChain.sessionFactoryCreated(SessionFactoryObserverChain.java:35)
	at org.hibernate.internal.SessionFactoryImpl.<init>(SessionFactoryImpl.java:322)
	at org.hibernate.boot.internal.SessionFactoryBuilderImpl.build(SessionFactoryBuilderImpl.java:457)
	at org.hibernate.cfg.Configuration.buildSessionFactory(Configuration.java:997)
	at org.hibernate.cfg.Configuration.buildSessionFactory(Configuration.java:1016)
	at com.billing.util.HibernateUtil.initializeSessionFactory(HibernateUtil.java:83)
	at com.billing.util.HibernateUtil.getSessionFactory(HibernateUtil.java:32)
	at com.billing.main.MainApplication.main(MainApplication.java:37)
Caused by: java.sql.SQLException: Cannot change column 'code': used in a foreign key constraint 'item_ibfk_2' of table 'facturacio.item'
	at com.mysql.cj.jdbc.exceptions.SQLError.createSQLException(SQLError.java:130)
	at com.mysql.cj.jdbc.exceptions.SQLExceptionsMapping.translateException(SQLExceptionsMapping.java:122)
	at com.mysql.cj.jdbc.StatementImpl.executeInternal(StatementImpl.java:767)
	at com.mysql.cj.jdbc.StatementImpl.execute(StatementImpl.java:652)
	at org.hibernate.tool.schema.internal.exec.GenerationTargetToDatabase.accept(GenerationTargetToDatabase.java:80)
	... 19 more

feb 18, 2026 7:15:22 P. M. org.hibernate.tool.schema.internal.ExceptionHandlerLoggedImpl handleException
WARN: GenerationTarget encountered exception accepting command : Error executing DDL "
    alter table item_families 
       modify column code varchar(10) not null" via JDBC [Cannot change column 'code': used in a foreign key constraint 'item_ibfk_1' of table 'facturacio.item']
org.hibernate.tool.schema.spi.CommandAcceptanceException: Error executing DDL "
    alter table item_families 
       modify column code varchar(10) not null" via JDBC [Cannot change column 'code': used in a foreign key constraint 'item_ibfk_1' of table 'facturacio.item']
	at org.hibernate.tool.schema.internal.exec.GenerationTargetToDatabase.accept(GenerationTargetToDatabase.java:94)
	at org.hibernate.tool.schema.internal.AbstractSchemaMigrator.applySqlString(AbstractSchemaMigrator.java:583)
	at org.hibernate.tool.schema.internal.AbstractSchemaMigrator.applySqlStrings(AbstractSchemaMigrator.java:523)
	at org.hibernate.tool.schema.internal.AbstractSchemaMigrator.migrateTable(AbstractSchemaMigrator.java:341)
	at org.hibernate.tool.schema.internal.GroupedSchemaMigratorImpl.performTablesMigration(GroupedSchemaMigratorImpl.java:84)
	at org.hibernate.tool.schema.internal.AbstractSchemaMigrator.performMigration(AbstractSchemaMigrator.java:240)
	at org.hibernate.tool.schema.internal.AbstractSchemaMigrator.doMigration(AbstractSchemaMigrator.java:119)
	at org.hibernate.tool.schema.spi.SchemaManagementToolCoordinator.performDatabaseAction(SchemaManagementToolCoordinator.java:280)
	at org.hibernate.tool.schema.spi.SchemaManagementToolCoordinator.lambda$process$5(SchemaManagementToolCoordinator.java:144)
	at java.base/java.util.HashMap.forEach(HashMap.java:1429)
	at org.hibernate.tool.schema.spi.SchemaManagementToolCoordinator.process(SchemaManagementToolCoordinator.java:141)
	at org.hibernate.boot.internal.SessionFactoryObserverForSchemaExport.sessionFactoryCreated(SessionFactoryObserverForSchemaExport.java:37)
	at org.hibernate.internal.SessionFactoryObserverChain.sessionFactoryCreated(SessionFactoryObserverChain.java:35)
	at org.hibernate.internal.SessionFactoryImpl.<init>(SessionFactoryImpl.java:322)
	at org.hibernate.boot.internal.SessionFactoryBuilderImpl.build(SessionFactoryBuilderImpl.java:457)
	at org.hibernate.cfg.Configuration.buildSessionFactory(Configuration.java:997)
	at org.hibernate.cfg.Configuration.buildSessionFactory(Configuration.java:1016)
	at com.billing.util.HibernateUtil.initializeSessionFactory(HibernateUtil.java:83)
	at com.billing.util.HibernateUtil.getSessionFactory(HibernateUtil.java:32)
	at com.billing.main.MainApplication.main(MainApplication.java:37)
Caused by: java.sql.SQLException: Cannot change column 'code': used in a foreign key constraint 'item_ibfk_1' of table 'facturacio.item'
	at com.mysql.cj.jdbc.exceptions.SQLError.createSQLException(SQLError.java:130)
	at com.mysql.cj.jdbc.exceptions.SQLExceptionsMapping.translateException(SQLExceptionsMapping.java:122)
	at com.mysql.cj.jdbc.StatementImpl.executeInternal(StatementImpl.java:767)
	at com.mysql.cj.jdbc.StatementImpl.execute(StatementImpl.java:652)
	at org.hibernate.tool.schema.internal.exec.GenerationTargetToDatabase.accept(GenerationTargetToDatabase.java:80)
	... 19 more

feb 18, 2026 7:15:22 P. M. org.hibernate.tool.schema.internal.ExceptionHandlerLoggedImpl handleException
WARN: GenerationTarget encountered exception accepting command : Error executing DDL "
    alter table party 
       modify column id integer not null auto_increment" via JDBC [Referencing column 'party_id' and referenced column 'id' in foreign key constraint 'business_document_ibfk_1' are incompatible.]
org.hibernate.tool.schema.spi.CommandAcceptanceException: Error executing DDL "
    alter table party 
       modify column id integer not null auto_increment" via JDBC [Referencing column 'party_id' and referenced column 'id' in foreign key constraint 'business_document_ibfk_1' are incompatible.]
	at org.hibernate.tool.schema.internal.exec.GenerationTargetToDatabase.accept(GenerationTargetToDatabase.java:94)
	at org.hibernate.tool.schema.internal.AbstractSchemaMigrator.applySqlString(AbstractSchemaMigrator.java:583)
	at org.hibernate.tool.schema.internal.AbstractSchemaMigrator.applySqlStrings(AbstractSchemaMigrator.java:523)
	at org.hibernate.tool.schema.internal.AbstractSchemaMigrator.migrateTable(AbstractSchemaMigrator.java:341)
	at org.hibernate.tool.schema.internal.GroupedSchemaMigratorImpl.performTablesMigration(GroupedSchemaMigratorImpl.java:84)
	at org.hibernate.tool.schema.internal.AbstractSchemaMigrator.performMigration(AbstractSchemaMigrator.java:240)
	at org.hibernate.tool.schema.internal.AbstractSchemaMigrator.doMigration(AbstractSchemaMigrator.java:119)
	at org.hibernate.tool.schema.spi.SchemaManagementToolCoordinator.performDatabaseAction(SchemaManagementToolCoordinator.java:280)
	at org.hibernate.tool.schema.spi.SchemaManagementToolCoordinator.lambda$process$5(SchemaManagementToolCoordinator.java:144)
	at java.base/java.util.HashMap.forEach(HashMap.java:1429)
	at org.hibernate.tool.schema.spi.SchemaManagementToolCoordinator.process(SchemaManagementToolCoordinator.java:141)
	at org.hibernate.boot.internal.SessionFactoryObserverForSchemaExport.sessionFactoryCreated(SessionFactoryObserverForSchemaExport.java:37)
	at org.hibernate.internal.SessionFactoryObserverChain.sessionFactoryCreated(SessionFactoryObserverChain.java:35)
	at org.hibernate.internal.SessionFactoryImpl.<init>(SessionFactoryImpl.java:322)
	at org.hibernate.boot.internal.SessionFactoryBuilderImpl.build(SessionFactoryBuilderImpl.java:457)
	at org.hibernate.cfg.Configuration.buildSessionFactory(Configuration.java:997)
	at org.hibernate.cfg.Configuration.buildSessionFactory(Configuration.java:1016)
	at com.billing.util.HibernateUtil.initializeSessionFactory(HibernateUtil.java:83)
	at com.billing.util.HibernateUtil.getSessionFactory(HibernateUtil.java:32)
	at com.billing.main.MainApplication.main(MainApplication.java:37)
Caused by: java.sql.SQLException: Referencing column 'party_id' and referenced column 'id' in foreign key constraint 'business_document_ibfk_1' are incompatible.
	at com.mysql.cj.jdbc.exceptions.SQLError.createSQLException(SQLError.java:130)
	at com.mysql.cj.jdbc.exceptions.SQLExceptionsMapping.translateException(SQLExceptionsMapping.java:122)
	at com.mysql.cj.jdbc.StatementImpl.executeInternal(StatementImpl.java:767)
	at com.mysql.cj.jdbc.StatementImpl.execute(StatementImpl.java:652)
	at org.hibernate.tool.schema.internal.exec.GenerationTargetToDatabase.accept(GenerationTargetToDatabase.java:80)
	... 19 more

feb 18, 2026 7:15:23 P. M. org.hibernate.tool.schema.internal.ExceptionHandlerLoggedImpl handleException
WARN: GenerationTarget encountered exception accepting command : Error executing DDL "
    alter table supplier 
       modify column id integer not null" via JDBC [Referencing column 'id' and referenced column 'id' in foreign key constraint 'supplier_ibfk_1' are incompatible.]
org.hibernate.tool.schema.spi.CommandAcceptanceException: Error executing DDL "
    alter table supplier 
       modify column id integer not null" via JDBC [Referencing column 'id' and referenced column 'id' in foreign key constraint 'supplier_ibfk_1' are incompatible.]
	at org.hibernate.tool.schema.internal.exec.GenerationTargetToDatabase.accept(GenerationTargetToDatabase.java:94)
	at org.hibernate.tool.schema.internal.AbstractSchemaMigrator.applySqlString(AbstractSchemaMigrator.java:583)
	at org.hibernate.tool.schema.internal.AbstractSchemaMigrator.applySqlStrings(AbstractSchemaMigrator.java:523)
	at org.hibernate.tool.schema.internal.AbstractSchemaMigrator.migrateTable(AbstractSchemaMigrator.java:341)
	at org.hibernate.tool.schema.internal.GroupedSchemaMigratorImpl.performTablesMigration(GroupedSchemaMigratorImpl.java:84)
	at org.hibernate.tool.schema.internal.AbstractSchemaMigrator.performMigration(AbstractSchemaMigrator.java:240)
	at org.hibernate.tool.schema.internal.AbstractSchemaMigrator.doMigration(AbstractSchemaMigrator.java:119)
	at org.hibernate.tool.schema.spi.SchemaManagementToolCoordinator.performDatabaseAction(SchemaManagementToolCoordinator.java:280)
	at org.hibernate.tool.schema.spi.SchemaManagementToolCoordinator.lambda$process$5(SchemaManagementToolCoordinator.java:144)
	at java.base/java.util.HashMap.forEach(HashMap.java:1429)
	at org.hibernate.tool.schema.spi.SchemaManagementToolCoordinator.process(SchemaManagementToolCoordinator.java:141)
	at org.hibernate.boot.internal.SessionFactoryObserverForSchemaExport.sessionFactoryCreated(SessionFactoryObserverForSchemaExport.java:37)
	at org.hibernate.internal.SessionFactoryObserverChain.sessionFactoryCreated(SessionFactoryObserverChain.java:35)
	at org.hibernate.internal.SessionFactoryImpl.<init>(SessionFactoryImpl.java:322)
	at org.hibernate.boot.internal.SessionFactoryBuilderImpl.build(SessionFactoryBuilderImpl.java:457)
	at org.hibernate.cfg.Configuration.buildSessionFactory(Configuration.java:997)
	at org.hibernate.cfg.Configuration.buildSessionFactory(Configuration.java:1016)
	at com.billing.util.HibernateUtil.initializeSessionFactory(HibernateUtil.java:83)
	at com.billing.util.HibernateUtil.getSessionFactory(HibernateUtil.java:32)
	at com.billing.main.MainApplication.main(MainApplication.java:37)
Caused by: java.sql.SQLException: Referencing column 'id' and referenced column 'id' in foreign key constraint 'supplier_ibfk_1' are incompatible.
	at com.mysql.cj.jdbc.exceptions.SQLError.createSQLException(SQLError.java:130)
	at com.mysql.cj.jdbc.exceptions.SQLExceptionsMapping.translateException(SQLExceptionsMapping.java:122)
	at com.mysql.cj.jdbc.StatementImpl.executeInternal(StatementImpl.java:767)
	at com.mysql.cj.jdbc.StatementImpl.execute(StatementImpl.java:652)
	at org.hibernate.tool.schema.internal.exec.GenerationTargetToDatabase.accept(GenerationTargetToDatabase.java:80)
	... 19 more

feb 18, 2026 7:15:23 P. M. com.billing.util.HibernateUtil initializeSessionFactory
INFO: Hibernate SessionFactory initialized successfully for MySQL database
feb 18, 2026 7:15:23 P. M. com.billing.service.ClientService <init>
INFO: ClientService initialized with PartyRepository
feb 18, 2026 7:15:23 P. M. com.billing.service.SupplierService <init>
INFO: SupplierService initialized with PartyRepository
feb 18, 2026 7:15:25 P. M. com.billing.main.MainApplication lambda$1
INFO: Application started successfully with MySQL database
feb 19, 2026 8:09:04 P. M. com.billing.main.MainApplication main
INFO: Initializing Hibernate with MySQL database...
feb 19, 2026 8:09:04 P. M. com.billing.util.HibernateUtil initializeSessionFactory
INFO: Initializing Hibernate SessionFactory with hibernate.cfg.xml...
feb 19, 2026 8:09:04 P. M. com.billing.util.HibernateUtil initializeSessionFactory
INFO: Configuration file found at: file:/C:/Users/albag/Documents/2o/ACCESO%20DATOS/TEMA%203/Hibernate/target/classes/hibernate.cfg.xml
feb 19, 2026 8:09:04 P. M. org.hibernate.Version logVersion
INFO: HHH000412: Hibernate ORM core version 6.5.3.Final
feb 19, 2026 8:09:05 P. M. org.hibernate.cache.internal.RegionFactoryInitiator initiateService
INFO: HHH000026: Second-level cache disabled
feb 19, 2026 8:09:05 P. M. org.hibernate.engine.jdbc.connections.internal.DriverManagerConnectionProviderImpl configure
WARN: HHH10001002: Using built-in connection pool (not intended for production use)
feb 19, 2026 8:09:05 P. M. org.hibernate.engine.jdbc.connections.internal.DriverManagerConnectionProviderImpl buildCreator
INFO: HHH10001005: Loaded JDBC driver class: com.mysql.cj.jdbc.Driver
feb 19, 2026 8:09:05 P. M. org.hibernate.engine.jdbc.connections.internal.DriverManagerConnectionProviderImpl buildCreator
INFO: HHH10001012: Connecting with JDBC URL [jdbc:mysql://localhost:3306/facturacio?useSSL=false&serverTimezone=UTC&allowPublicKeyRetrieval=true]
feb 19, 2026 8:09:05 P. M. org.hibernate.engine.jdbc.connections.internal.DriverManagerConnectionProviderImpl buildCreator
INFO: HHH10001001: Connection properties: {password=****, user=usuario}
feb 19, 2026 8:09:05 P. M. org.hibernate.engine.jdbc.connections.internal.DriverManagerConnectionProviderImpl buildCreator
INFO: HHH10001003: Autocommit mode: false
feb 19, 2026 8:09:05 P. M. org.hibernate.engine.jdbc.connections.internal.DriverManagerConnectionProviderImpl$PooledConnections <init>
INFO: HHH10001115: Connection pool size: 1 (min=1)
feb 19, 2026 8:09:05 P. M. org.hibernate.engine.jdbc.dialect.internal.DialectFactoryImpl constructDialect
WARN: HHH90000025: MySQL8Dialect does not need to be specified explicitly using 'hibernate.dialect' (remove the property setting and it will be selected by default)
feb 19, 2026 8:09:05 P. M. org.hibernate.engine.jdbc.dialect.internal.DialectFactoryImpl logSelectedDialect
WARN: HHH90000026: MySQL8Dialect has been deprecated; use org.hibernate.dialect.MySQLDialect instead
feb 19, 2026 8:09:08 P. M. org.hibernate.resource.transaction.backend.jdbc.internal.DdlTransactionIsolatorNonJtaImpl getIsolatedConnection
INFO: HHH10001501: Connection obtained from JdbcConnectionAccess [org.hibernate.engine.jdbc.env.internal.JdbcEnvironmentInitiator$ConnectionProviderJdbcConnectionAccess@68a5aadd] for (non-JTA) DDL execution was not in auto-commit mode; the Connection 'local transaction' will be committed and the Connection will be set into auto-commit mode.
feb 19, 2026 8:09:08 P. M. org.hibernate.tool.schema.internal.ExceptionHandlerLoggedImpl handleException
WARN: GenerationTarget encountered exception accepting command : Error executing DDL "
    alter table business_document 
       modify column id integer not null auto_increment" via JDBC [Referencing column 'id' and referenced column 'id' in foreign key constraint 'delivery_note_ibfk_1' are incompatible.]
org.hibernate.tool.schema.spi.CommandAcceptanceException: Error executing DDL "
    alter table business_document 
       modify column id integer not null auto_increment" via JDBC [Referencing column 'id' and referenced column 'id' in foreign key constraint 'delivery_note_ibfk_1' are incompatible.]
	at org.hibernate.tool.schema.internal.exec.GenerationTargetToDatabase.accept(GenerationTargetToDatabase.java:94)
	at org.hibernate.tool.schema.internal.AbstractSchemaMigrator.applySqlString(AbstractSchemaMigrator.java:583)
	at org.hibernate.tool.schema.internal.AbstractSchemaMigrator.applySqlStrings(AbstractSchemaMigrator.java:523)
	at org.hibernate.tool.schema.internal.AbstractSchemaMigrator.migrateTable(AbstractSchemaMigrator.java:341)
	at org.hibernate.tool.schema.internal.GroupedSchemaMigratorImpl.performTablesMigration(GroupedSchemaMigratorImpl.java:84)
	at org.hibernate.tool.schema.internal.AbstractSchemaMigrator.performMigration(AbstractSchemaMigrator.java:240)
	at org.hibernate.tool.schema.internal.AbstractSchemaMigrator.doMigration(AbstractSchemaMigrator.java:119)
	at org.hibernate.tool.schema.spi.SchemaManagementToolCoordinator.performDatabaseAction(SchemaManagementToolCoordinator.java:280)
	at org.hibernate.tool.schema.spi.SchemaManagementToolCoordinator.lambda$process$5(SchemaManagementToolCoordinator.java:144)
	at java.base/java.util.HashMap.forEach(HashMap.java:1429)
	at org.hibernate.tool.schema.spi.SchemaManagementToolCoordinator.process(SchemaManagementToolCoordinator.java:141)
	at org.hibernate.boot.internal.SessionFactoryObserverForSchemaExport.sessionFactoryCreated(SessionFactoryObserverForSchemaExport.java:37)
	at org.hibernate.internal.SessionFactoryObserverChain.sessionFactoryCreated(SessionFactoryObserverChain.java:35)
	at org.hibernate.internal.SessionFactoryImpl.<init>(SessionFactoryImpl.java:322)
	at org.hibernate.boot.internal.SessionFactoryBuilderImpl.build(SessionFactoryBuilderImpl.java:457)
	at org.hibernate.cfg.Configuration.buildSessionFactory(Configuration.java:997)
	at org.hibernate.cfg.Configuration.buildSessionFactory(Configuration.java:1016)
	at com.billing.util.HibernateUtil.initializeSessionFactory(HibernateUtil.java:83)
	at com.billing.util.HibernateUtil.getSessionFactory(HibernateUtil.java:32)
	at com.billing.main.MainApplication.main(MainApplication.java:37)
Caused by: java.sql.SQLException: Referencing column 'id' and referenced column 'id' in foreign key constraint 'delivery_note_ibfk_1' are incompatible.
	at com.mysql.cj.jdbc.exceptions.SQLError.createSQLException(SQLError.java:130)
	at com.mysql.cj.jdbc.exceptions.SQLExceptionsMapping.translateException(SQLExceptionsMapping.java:122)
	at com.mysql.cj.jdbc.StatementImpl.executeInternal(StatementImpl.java:767)
	at com.mysql.cj.jdbc.StatementImpl.execute(StatementImpl.java:652)
	at org.hibernate.tool.schema.internal.exec.GenerationTargetToDatabase.accept(GenerationTargetToDatabase.java:80)
	... 19 more

feb 19, 2026 8:09:08 P. M. org.hibernate.tool.schema.internal.ExceptionHandlerLoggedImpl handleException
WARN: GenerationTarget encountered exception accepting command : Error executing DDL "
    alter table business_document 
       modify column party_id integer" via JDBC [Referencing column 'party_id' and referenced column 'id' in foreign key constraint 'business_document_ibfk_1' are incompatible.]
org.hibernate.tool.schema.spi.CommandAcceptanceException: Error executing DDL "
    alter table business_document 
       modify column party_id integer" via JDBC [Referencing column 'party_id' and referenced column 'id' in foreign key constraint 'business_document_ibfk_1' are incompatible.]
	at org.hibernate.tool.schema.internal.exec.GenerationTargetToDatabase.accept(GenerationTargetToDatabase.java:94)
	at org.hibernate.tool.schema.internal.AbstractSchemaMigrator.applySqlString(AbstractSchemaMigrator.java:583)
	at org.hibernate.tool.schema.internal.AbstractSchemaMigrator.applySqlStrings(AbstractSchemaMigrator.java:523)
	at org.hibernate.tool.schema.internal.AbstractSchemaMigrator.migrateTable(AbstractSchemaMigrator.java:341)
	at org.hibernate.tool.schema.internal.GroupedSchemaMigratorImpl.performTablesMigration(GroupedSchemaMigratorImpl.java:84)
	at org.hibernate.tool.schema.internal.AbstractSchemaMigrator.performMigration(AbstractSchemaMigrator.java:240)
	at org.hibernate.tool.schema.internal.AbstractSchemaMigrator.doMigration(AbstractSchemaMigrator.java:119)
	at org.hibernate.tool.schema.spi.SchemaManagementToolCoordinator.performDatabaseAction(SchemaManagementToolCoordinator.java:280)
	at org.hibernate.tool.schema.spi.SchemaManagementToolCoordinator.lambda$process$5(SchemaManagementToolCoordinator.java:144)
	at java.base/java.util.HashMap.forEach(HashMap.java:1429)
	at org.hibernate.tool.schema.spi.SchemaManagementToolCoordinator.process(SchemaManagementToolCoordinator.java:141)
	at org.hibernate.boot.internal.SessionFactoryObserverForSchemaExport.sessionFactoryCreated(SessionFactoryObserverForSchemaExport.java:37)
	at org.hibernate.internal.SessionFactoryObserverChain.sessionFactoryCreated(SessionFactoryObserverChain.java:35)
	at org.hibernate.internal.SessionFactoryImpl.<init>(SessionFactoryImpl.java:322)
	at org.hibernate.boot.internal.SessionFactoryBuilderImpl.build(SessionFactoryBuilderImpl.java:457)
	at org.hibernate.cfg.Configuration.buildSessionFactory(Configuration.java:997)
	at org.hibernate.cfg.Configuration.buildSessionFactory(Configuration.java:1016)
	at com.billing.util.HibernateUtil.initializeSessionFactory(HibernateUtil.java:83)
	at com.billing.util.HibernateUtil.getSessionFactory(HibernateUtil.java:32)
	at com.billing.main.MainApplication.main(MainApplication.java:37)
Caused by: java.sql.SQLException: Referencing column 'party_id' and referenced column 'id' in foreign key constraint 'business_document_ibfk_1' are incompatible.
	at com.mysql.cj.jdbc.exceptions.SQLError.createSQLException(SQLError.java:130)
	at com.mysql.cj.jdbc.exceptions.SQLExceptionsMapping.translateException(SQLExceptionsMapping.java:122)
	at com.mysql.cj.jdbc.StatementImpl.executeInternal(StatementImpl.java:767)
	at com.mysql.cj.jdbc.StatementImpl.execute(StatementImpl.java:652)
	at org.hibernate.tool.schema.internal.exec.GenerationTargetToDatabase.accept(GenerationTargetToDatabase.java:80)
	... 19 more

feb 19, 2026 8:09:08 P. M. org.hibernate.tool.schema.internal.ExceptionHandlerLoggedImpl handleException
WARN: GenerationTarget encountered exception accepting command : Error executing DDL "
    alter table client 
       modify column id integer not null" via JDBC [Referencing column 'id' and referenced column 'id' in foreign key constraint 'client_ibfk_1' are incompatible.]
org.hibernate.tool.schema.spi.CommandAcceptanceException: Error executing DDL "
    alter table client 
       modify column id integer not null" via JDBC [Referencing column 'id' and referenced column 'id' in foreign key constraint 'client_ibfk_1' are incompatible.]
	at org.hibernate.tool.schema.internal.exec.GenerationTargetToDatabase.accept(GenerationTargetToDatabase.java:94)
	at org.hibernate.tool.schema.internal.AbstractSchemaMigrator.applySqlString(AbstractSchemaMigrator.java:583)
	at org.hibernate.tool.schema.internal.AbstractSchemaMigrator.applySqlStrings(AbstractSchemaMigrator.java:523)
	at org.hibernate.tool.schema.internal.AbstractSchemaMigrator.migrateTable(AbstractSchemaMigrator.java:341)
	at org.hibernate.tool.schema.internal.GroupedSchemaMigratorImpl.performTablesMigration(GroupedSchemaMigratorImpl.java:84)
	at org.hibernate.tool.schema.internal.AbstractSchemaMigrator.performMigration(AbstractSchemaMigrator.java:240)
	at org.hibernate.tool.schema.internal.AbstractSchemaMigrator.doMigration(AbstractSchemaMigrator.java:119)
	at org.hibernate.tool.schema.spi.SchemaManagementToolCoordinator.performDatabaseAction(SchemaManagementToolCoordinator.java:280)
	at org.hibernate.tool.schema.spi.SchemaManagementToolCoordinator.lambda$process$5(SchemaManagementToolCoordinator.java:144)
	at java.base/java.util.HashMap.forEach(HashMap.java:1429)
	at org.hibernate.tool.schema.spi.SchemaManagementToolCoordinator.process(SchemaManagementToolCoordinator.java:141)
	at org.hibernate.boot.internal.SessionFactoryObserverForSchemaExport.sessionFactoryCreated(SessionFactoryObserverForSchemaExport.java:37)
	at org.hibernate.internal.SessionFactoryObserverChain.sessionFactoryCreated(SessionFactoryObserverChain.java:35)
	at org.hibernate.internal.SessionFactoryImpl.<init>(SessionFactoryImpl.java:322)
	at org.hibernate.boot.internal.SessionFactoryBuilderImpl.build(SessionFactoryBuilderImpl.java:457)
	at org.hibernate.cfg.Configuration.buildSessionFactory(Configuration.java:997)
	at org.hibernate.cfg.Configuration.buildSessionFactory(Configuration.java:1016)
	at com.billing.util.HibernateUtil.initializeSessionFactory(HibernateUtil.java:83)
	at com.billing.util.HibernateUtil.getSessionFactory(HibernateUtil.java:32)
	at com.billing.main.MainApplication.main(MainApplication.java:37)
Caused by: java.sql.SQLException: Referencing column 'id' and referenced column 'id' in foreign key constraint 'client_ibfk_1' are incompatible.
	at com.mysql.cj.jdbc.exceptions.SQLError.createSQLException(SQLError.java:130)
	at com.mysql.cj.jdbc.exceptions.SQLExceptionsMapping.translateException(SQLExceptionsMapping.java:122)
	at com.mysql.cj.jdbc.StatementImpl.executeInternal(StatementImpl.java:767)
	at com.mysql.cj.jdbc.StatementImpl.execute(StatementImpl.java:652)
	at org.hibernate.tool.schema.internal.exec.GenerationTargetToDatabase.accept(GenerationTargetToDatabase.java:80)
	... 19 more

feb 19, 2026 8:09:08 P. M. org.hibernate.tool.schema.internal.ExceptionHandlerLoggedImpl handleException
WARN: GenerationTarget encountered exception accepting command : Error executing DDL "
    alter table delivery_note 
       modify column id integer not null" via JDBC [Referencing column 'id' and referenced column 'id' in foreign key constraint 'delivery_note_ibfk_1' are incompatible.]
org.hibernate.tool.schema.spi.CommandAcceptanceException: Error executing DDL "
    alter table delivery_note 
       modify column id integer not null" via JDBC [Referencing column 'id' and referenced column 'id' in foreign key constraint 'delivery_note_ibfk_1' are incompatible.]
	at org.hibernate.tool.schema.internal.exec.GenerationTargetToDatabase.accept(GenerationTargetToDatabase.java:94)
	at org.hibernate.tool.schema.internal.AbstractSchemaMigrator.applySqlString(AbstractSchemaMigrator.java:583)
	at org.hibernate.tool.schema.internal.AbstractSchemaMigrator.applySqlStrings(AbstractSchemaMigrator.java:523)
	at org.hibernate.tool.schema.internal.AbstractSchemaMigrator.migrateTable(AbstractSchemaMigrator.java:341)
	at org.hibernate.tool.schema.internal.GroupedSchemaMigratorImpl.performTablesMigration(GroupedSchemaMigratorImpl.java:84)
	at org.hibernate.tool.schema.internal.AbstractSchemaMigrator.performMigration(AbstractSchemaMigrator.java:240)
	at org.hibernate.tool.schema.internal.AbstractSchemaMigrator.doMigration(AbstractSchemaMigrator.java:119)
	at org.hibernate.tool.schema.spi.SchemaManagementToolCoordinator.performDatabaseAction(SchemaManagementToolCoordinator.java:280)
	at org.hibernate.tool.schema.spi.SchemaManagementToolCoordinator.lambda$process$5(SchemaManagementToolCoordinator.java:144)
	at java.base/java.util.HashMap.forEach(HashMap.java:1429)
	at org.hibernate.tool.schema.spi.SchemaManagementToolCoordinator.process(SchemaManagementToolCoordinator.java:141)
	at org.hibernate.boot.internal.SessionFactoryObserverForSchemaExport.sessionFactoryCreated(SessionFactoryObserverForSchemaExport.java:37)
	at org.hibernate.internal.SessionFactoryObserverChain.sessionFactoryCreated(SessionFactoryObserverChain.java:35)
	at org.hibernate.internal.SessionFactoryImpl.<init>(SessionFactoryImpl.java:322)
	at org.hibernate.boot.internal.SessionFactoryBuilderImpl.build(SessionFactoryBuilderImpl.java:457)
	at org.hibernate.cfg.Configuration.buildSessionFactory(Configuration.java:997)
	at org.hibernate.cfg.Configuration.buildSessionFactory(Configuration.java:1016)
	at com.billing.util.HibernateUtil.initializeSessionFactory(HibernateUtil.java:83)
	at com.billing.util.HibernateUtil.getSessionFactory(HibernateUtil.java:32)
	at com.billing.main.MainApplication.main(MainApplication.java:37)
Caused by: java.sql.SQLException: Referencing column 'id' and referenced column 'id' in foreign key constraint 'delivery_note_ibfk_1' are incompatible.
	at com.mysql.cj.jdbc.exceptions.SQLError.createSQLException(SQLError.java:130)
	at com.mysql.cj.jdbc.exceptions.SQLExceptionsMapping.translateException(SQLExceptionsMapping.java:122)
	at com.mysql.cj.jdbc.StatementImpl.executeInternal(StatementImpl.java:767)
	at com.mysql.cj.jdbc.StatementImpl.execute(StatementImpl.java:652)
	at org.hibernate.tool.schema.internal.exec.GenerationTargetToDatabase.accept(GenerationTargetToDatabase.java:80)
	... 19 more

feb 19, 2026 8:09:08 P. M. org.hibernate.tool.schema.internal.ExceptionHandlerLoggedImpl handleException
WARN: GenerationTarget encountered exception accepting command : Error executing DDL "
    alter table document_line 
       modify column document_id integer" via JDBC [Referencing column 'document_id' and referenced column 'id' in foreign key constraint 'document_line_ibfk_1' are incompatible.]
org.hibernate.tool.schema.spi.CommandAcceptanceException: Error executing DDL "
    alter table document_line 
       modify column document_id integer" via JDBC [Referencing column 'document_id' and referenced column 'id' in foreign key constraint 'document_line_ibfk_1' are incompatible.]
	at org.hibernate.tool.schema.internal.exec.GenerationTargetToDatabase.accept(GenerationTargetToDatabase.java:94)
	at org.hibernate.tool.schema.internal.AbstractSchemaMigrator.applySqlString(AbstractSchemaMigrator.java:583)
	at org.hibernate.tool.schema.internal.AbstractSchemaMigrator.applySqlStrings(AbstractSchemaMigrator.java:523)
	at org.hibernate.tool.schema.internal.AbstractSchemaMigrator.migrateTable(AbstractSchemaMigrator.java:341)
	at org.hibernate.tool.schema.internal.GroupedSchemaMigratorImpl.performTablesMigration(GroupedSchemaMigratorImpl.java:84)
	at org.hibernate.tool.schema.internal.AbstractSchemaMigrator.performMigration(AbstractSchemaMigrator.java:240)
	at org.hibernate.tool.schema.internal.AbstractSchemaMigrator.doMigration(AbstractSchemaMigrator.java:119)
	at org.hibernate.tool.schema.spi.SchemaManagementToolCoordinator.performDatabaseAction(SchemaManagementToolCoordinator.java:280)
	at org.hibernate.tool.schema.spi.SchemaManagementToolCoordinator.lambda$process$5(SchemaManagementToolCoordinator.java:144)
	at java.base/java.util.HashMap.forEach(HashMap.java:1429)
	at org.hibernate.tool.schema.spi.SchemaManagementToolCoordinator.process(SchemaManagementToolCoordinator.java:141)
	at org.hibernate.boot.internal.SessionFactoryObserverForSchemaExport.sessionFactoryCreated(SessionFactoryObserverForSchemaExport.java:37)
	at org.hibernate.internal.SessionFactoryObserverChain.sessionFactoryCreated(SessionFactoryObserverChain.java:35)
	at org.hibernate.internal.SessionFactoryImpl.<init>(SessionFactoryImpl.java:322)
	at org.hibernate.boot.internal.SessionFactoryBuilderImpl.build(SessionFactoryBuilderImpl.java:457)
	at org.hibernate.cfg.Configuration.buildSessionFactory(Configuration.java:997)
	at org.hibernate.cfg.Configuration.buildSessionFactory(Configuration.java:1016)
	at com.billing.util.HibernateUtil.initializeSessionFactory(HibernateUtil.java:83)
	at com.billing.util.HibernateUtil.getSessionFactory(HibernateUtil.java:32)
	at com.billing.main.MainApplication.main(MainApplication.java:37)
Caused by: java.sql.SQLException: Referencing column 'document_id' and referenced column 'id' in foreign key constraint 'document_line_ibfk_1' are incompatible.
	at com.mysql.cj.jdbc.exceptions.SQLError.createSQLException(SQLError.java:130)
	at com.mysql.cj.jdbc.exceptions.SQLExceptionsMapping.translateException(SQLExceptionsMapping.java:122)
	at com.mysql.cj.jdbc.StatementImpl.executeInternal(StatementImpl.java:767)
	at com.mysql.cj.jdbc.StatementImpl.execute(StatementImpl.java:652)
	at org.hibernate.tool.schema.internal.exec.GenerationTargetToDatabase.accept(GenerationTargetToDatabase.java:80)
	... 19 more

feb 19, 2026 8:09:08 P. M. org.hibernate.tool.schema.internal.ExceptionHandlerLoggedImpl handleException
WARN: GenerationTarget encountered exception accepting command : Error executing DDL "
    alter table document_line 
       modify column item_id integer" via JDBC [Referencing column 'item_id' and referenced column 'id' in foreign key constraint 'document_line_ibfk_2' are incompatible.]
org.hibernate.tool.schema.spi.CommandAcceptanceException: Error executing DDL "
    alter table document_line 
       modify column item_id integer" via JDBC [Referencing column 'item_id' and referenced column 'id' in foreign key constraint 'document_line_ibfk_2' are incompatible.]
	at org.hibernate.tool.schema.internal.exec.GenerationTargetToDatabase.accept(GenerationTargetToDatabase.java:94)
	at org.hibernate.tool.schema.internal.AbstractSchemaMigrator.applySqlString(AbstractSchemaMigrator.java:583)
	at org.hibernate.tool.schema.internal.AbstractSchemaMigrator.applySqlStrings(AbstractSchemaMigrator.java:523)
	at org.hibernate.tool.schema.internal.AbstractSchemaMigrator.migrateTable(AbstractSchemaMigrator.java:341)
	at org.hibernate.tool.schema.internal.GroupedSchemaMigratorImpl.performTablesMigration(GroupedSchemaMigratorImpl.java:84)
	at org.hibernate.tool.schema.internal.AbstractSchemaMigrator.performMigration(AbstractSchemaMigrator.java:240)
	at org.hibernate.tool.schema.internal.AbstractSchemaMigrator.doMigration(AbstractSchemaMigrator.java:119)
	at org.hibernate.tool.schema.spi.SchemaManagementToolCoordinator.performDatabaseAction(SchemaManagementToolCoordinator.java:280)
	at org.hibernate.tool.schema.spi.SchemaManagementToolCoordinator.lambda$process$5(SchemaManagementToolCoordinator.java:144)
	at java.base/java.util.HashMap.forEach(HashMap.java:1429)
	at org.hibernate.tool.schema.spi.SchemaManagementToolCoordinator.process(SchemaManagementToolCoordinator.java:141)
	at org.hibernate.boot.internal.SessionFactoryObserverForSchemaExport.sessionFactoryCreated(SessionFactoryObserverForSchemaExport.java:37)
	at org.hibernate.internal.SessionFactoryObserverChain.sessionFactoryCreated(SessionFactoryObserverChain.java:35)
	at org.hibernate.internal.SessionFactoryImpl.<init>(SessionFactoryImpl.java:322)
	at org.hibernate.boot.internal.SessionFactoryBuilderImpl.build(SessionFactoryBuilderImpl.java:457)
	at org.hibernate.cfg.Configuration.buildSessionFactory(Configuration.java:997)
	at org.hibernate.cfg.Configuration.buildSessionFactory(Configuration.java:1016)
	at com.billing.util.HibernateUtil.initializeSessionFactory(HibernateUtil.java:83)
	at com.billing.util.HibernateUtil.getSessionFactory(HibernateUtil.java:32)
	at com.billing.main.MainApplication.main(MainApplication.java:37)
Caused by: java.sql.SQLException: Referencing column 'item_id' and referenced column 'id' in foreign key constraint 'document_line_ibfk_2' are incompatible.
	at com.mysql.cj.jdbc.exceptions.SQLError.createSQLException(SQLError.java:130)
	at com.mysql.cj.jdbc.exceptions.SQLExceptionsMapping.translateException(SQLExceptionsMapping.java:122)
	at com.mysql.cj.jdbc.StatementImpl.executeInternal(StatementImpl.java:767)
	at com.mysql.cj.jdbc.StatementImpl.execute(StatementImpl.java:652)
	at org.hibernate.tool.schema.internal.exec.GenerationTargetToDatabase.accept(GenerationTargetToDatabase.java:80)
	... 19 more

feb 19, 2026 8:09:08 P. M. org.hibernate.tool.schema.internal.ExceptionHandlerLoggedImpl handleException
WARN: GenerationTarget encountered exception accepting command : Error executing DDL "
    alter table invoice 
       modify column id integer not null" via JDBC [Referencing column 'id' and referenced column 'id' in foreign key constraint 'invoice_ibfk_1' are incompatible.]
org.hibernate.tool.schema.spi.CommandAcceptanceException: Error executing DDL "
    alter table invoice 
       modify column id integer not null" via JDBC [Referencing column 'id' and referenced column 'id' in foreign key constraint 'invoice_ibfk_1' are incompatible.]
	at org.hibernate.tool.schema.internal.exec.GenerationTargetToDatabase.accept(GenerationTargetToDatabase.java:94)
	at org.hibernate.tool.schema.internal.AbstractSchemaMigrator.applySqlString(AbstractSchemaMigrator.java:583)
	at org.hibernate.tool.schema.internal.AbstractSchemaMigrator.applySqlStrings(AbstractSchemaMigrator.java:523)
	at org.hibernate.tool.schema.internal.AbstractSchemaMigrator.migrateTable(AbstractSchemaMigrator.java:341)
	at org.hibernate.tool.schema.internal.GroupedSchemaMigratorImpl.performTablesMigration(GroupedSchemaMigratorImpl.java:84)
	at org.hibernate.tool.schema.internal.AbstractSchemaMigrator.performMigration(AbstractSchemaMigrator.java:240)
	at org.hibernate.tool.schema.internal.AbstractSchemaMigrator.doMigration(AbstractSchemaMigrator.java:119)
	at org.hibernate.tool.schema.spi.SchemaManagementToolCoordinator.performDatabaseAction(SchemaManagementToolCoordinator.java:280)
	at org.hibernate.tool.schema.spi.SchemaManagementToolCoordinator.lambda$process$5(SchemaManagementToolCoordinator.java:144)
	at java.base/java.util.HashMap.forEach(HashMap.java:1429)
	at org.hibernate.tool.schema.spi.SchemaManagementToolCoordinator.process(SchemaManagementToolCoordinator.java:141)
	at org.hibernate.boot.internal.SessionFactoryObserverForSchemaExport.sessionFactoryCreated(SessionFactoryObserverForSchemaExport.java:37)
	at org.hibernate.internal.SessionFactoryObserverChain.sessionFactoryCreated(SessionFactoryObserverChain.java:35)
	at org.hibernate.internal.SessionFactoryImpl.<init>(SessionFactoryImpl.java:322)
	at org.hibernate.boot.internal.SessionFactoryBuilderImpl.build(SessionFactoryBuilderImpl.java:457)
	at org.hibernate.cfg.Configuration.buildSessionFactory(Configuration.java:997)
	at org.hibernate.cfg.Configuration.buildSessionFactory(Configuration.java:1016)
	at com.billing.util.HibernateUtil.initializeSessionFactory(HibernateUtil.java:83)
	at com.billing.util.HibernateUtil.getSessionFactory(HibernateUtil.java:32)
	at com.billing.main.MainApplication.main(MainApplication.java:37)
Caused by: java.sql.SQLException: Referencing column 'id' and referenced column 'id' in foreign key constraint 'invoice_ibfk_1' are incompatible.
	at com.mysql.cj.jdbc.exceptions.SQLError.createSQLException(SQLError.java:130)
	at com.mysql.cj.jdbc.exceptions.SQLExceptionsMapping.translateException(SQLExceptionsMapping.java:122)
	at com.mysql.cj.jdbc.StatementImpl.executeInternal(StatementImpl.java:767)
	at com.mysql.cj.jdbc.StatementImpl.execute(StatementImpl.java:652)
	at org.hibernate.tool.schema.internal.exec.GenerationTargetToDatabase.accept(GenerationTargetToDatabase.java:80)
	... 19 more

feb 19, 2026 8:09:08 P. M. org.hibernate.tool.schema.internal.ExceptionHandlerLoggedImpl handleException
WARN: GenerationTarget encountered exception accepting command : Error executing DDL "
    alter table item 
       modify column id integer not null auto_increment" via JDBC [Referencing column 'item_id' and referenced column 'id' in foreign key constraint 'document_line_ibfk_2' are incompatible.]
org.hibernate.tool.schema.spi.CommandAcceptanceException: Error executing DDL "
    alter table item 
       modify column id integer not null auto_increment" via JDBC [Referencing column 'item_id' and referenced column 'id' in foreign key constraint 'document_line_ibfk_2' are incompatible.]
	at org.hibernate.tool.schema.internal.exec.GenerationTargetToDatabase.accept(GenerationTargetToDatabase.java:94)
	at org.hibernate.tool.schema.internal.AbstractSchemaMigrator.applySqlString(AbstractSchemaMigrator.java:583)
	at org.hibernate.tool.schema.internal.AbstractSchemaMigrator.applySqlStrings(AbstractSchemaMigrator.java:523)
	at org.hibernate.tool.schema.internal.AbstractSchemaMigrator.migrateTable(AbstractSchemaMigrator.java:341)
	at org.hibernate.tool.schema.internal.GroupedSchemaMigratorImpl.performTablesMigration(GroupedSchemaMigratorImpl.java:84)
	at org.hibernate.tool.schema.internal.AbstractSchemaMigrator.performMigration(AbstractSchemaMigrator.java:240)
	at org.hibernate.tool.schema.internal.AbstractSchemaMigrator.doMigration(AbstractSchemaMigrator.java:119)
	at org.hibernate.tool.schema.spi.SchemaManagementToolCoordinator.performDatabaseAction(SchemaManagementToolCoordinator.java:280)
	at org.hibernate.tool.schema.spi.SchemaManagementToolCoordinator.lambda$process$5(SchemaManagementToolCoordinator.java:144)
	at java.base/java.util.HashMap.forEach(HashMap.java:1429)
	at org.hibernate.tool.schema.spi.SchemaManagementToolCoordinator.process(SchemaManagementToolCoordinator.java:141)
	at org.hibernate.boot.internal.SessionFactoryObserverForSchemaExport.sessionFactoryCreated(SessionFactoryObserverForSchemaExport.java:37)
	at org.hibernate.internal.SessionFactoryObserverChain.sessionFactoryCreated(SessionFactoryObserverChain.java:35)
	at org.hibernate.internal.SessionFactoryImpl.<init>(SessionFactoryImpl.java:322)
	at org.hibernate.boot.internal.SessionFactoryBuilderImpl.build(SessionFactoryBuilderImpl.java:457)
	at org.hibernate.cfg.Configuration.buildSessionFactory(Configuration.java:997)
	at org.hibernate.cfg.Configuration.buildSessionFactory(Configuration.java:1016)
	at com.billing.util.HibernateUtil.initializeSessionFactory(HibernateUtil.java:83)
	at com.billing.util.HibernateUtil.getSessionFactory(HibernateUtil.java:32)
	at com.billing.main.MainApplication.main(MainApplication.java:37)
Caused by: java.sql.SQLException: Referencing column 'item_id' and referenced column 'id' in foreign key constraint 'document_line_ibfk_2' are incompatible.
	at com.mysql.cj.jdbc.exceptions.SQLError.createSQLException(SQLError.java:130)
	at com.mysql.cj.jdbc.exceptions.SQLExceptionsMapping.translateException(SQLExceptionsMapping.java:122)
	at com.mysql.cj.jdbc.StatementImpl.executeInternal(StatementImpl.java:767)
	at com.mysql.cj.jdbc.StatementImpl.execute(StatementImpl.java:652)
	at org.hibernate.tool.schema.internal.exec.GenerationTargetToDatabase.accept(GenerationTargetToDatabase.java:80)
	... 19 more

feb 19, 2026 8:09:08 P. M. org.hibernate.tool.schema.internal.ExceptionHandlerLoggedImpl handleException
WARN: GenerationTarget encountered exception accepting command : Error executing DDL "
    alter table item 
       modify column category_code varchar(10)" via JDBC [Cannot change column 'category_code': used in a foreign key constraint 'item_ibfk_2']
org.hibernate.tool.schema.spi.CommandAcceptanceException: Error executing DDL "
    alter table item 
       modify column category_code varchar(10)" via JDBC [Cannot change column 'category_code': used in a foreign key constraint 'item_ibfk_2']
	at org.hibernate.tool.schema.internal.exec.GenerationTargetToDatabase.accept(GenerationTargetToDatabase.java:94)
	at org.hibernate.tool.schema.internal.AbstractSchemaMigrator.applySqlString(AbstractSchemaMigrator.java:583)
	at org.hibernate.tool.schema.internal.AbstractSchemaMigrator.applySqlStrings(AbstractSchemaMigrator.java:523)
	at org.hibernate.tool.schema.internal.AbstractSchemaMigrator.migrateTable(AbstractSchemaMigrator.java:341)
	at org.hibernate.tool.schema.internal.GroupedSchemaMigratorImpl.performTablesMigration(GroupedSchemaMigratorImpl.java:84)
	at org.hibernate.tool.schema.internal.AbstractSchemaMigrator.performMigration(AbstractSchemaMigrator.java:240)
	at org.hibernate.tool.schema.internal.AbstractSchemaMigrator.doMigration(AbstractSchemaMigrator.java:119)
	at org.hibernate.tool.schema.spi.SchemaManagementToolCoordinator.performDatabaseAction(SchemaManagementToolCoordinator.java:280)
	at org.hibernate.tool.schema.spi.SchemaManagementToolCoordinator.lambda$process$5(SchemaManagementToolCoordinator.java:144)
	at java.base/java.util.HashMap.forEach(HashMap.java:1429)
	at org.hibernate.tool.schema.spi.SchemaManagementToolCoordinator.process(SchemaManagementToolCoordinator.java:141)
	at org.hibernate.boot.internal.SessionFactoryObserverForSchemaExport.sessionFactoryCreated(SessionFactoryObserverForSchemaExport.java:37)
	at org.hibernate.internal.SessionFactoryObserverChain.sessionFactoryCreated(SessionFactoryObserverChain.java:35)
	at org.hibernate.internal.SessionFactoryImpl.<init>(SessionFactoryImpl.java:322)
	at org.hibernate.boot.internal.SessionFactoryBuilderImpl.build(SessionFactoryBuilderImpl.java:457)
	at org.hibernate.cfg.Configuration.buildSessionFactory(Configuration.java:997)
	at org.hibernate.cfg.Configuration.buildSessionFactory(Configuration.java:1016)
	at com.billing.util.HibernateUtil.initializeSessionFactory(HibernateUtil.java:83)
	at com.billing.util.HibernateUtil.getSessionFactory(HibernateUtil.java:32)
	at com.billing.main.MainApplication.main(MainApplication.java:37)
Caused by: java.sql.SQLException: Cannot change column 'category_code': used in a foreign key constraint 'item_ibfk_2'
	at com.mysql.cj.jdbc.exceptions.SQLError.createSQLException(SQLError.java:130)
	at com.mysql.cj.jdbc.exceptions.SQLExceptionsMapping.translateException(SQLExceptionsMapping.java:122)
	at com.mysql.cj.jdbc.StatementImpl.executeInternal(StatementImpl.java:767)
	at com.mysql.cj.jdbc.StatementImpl.execute(StatementImpl.java:652)
	at org.hibernate.tool.schema.internal.exec.GenerationTargetToDatabase.accept(GenerationTargetToDatabase.java:80)
	... 19 more

feb 19, 2026 8:09:08 P. M. org.hibernate.tool.schema.internal.ExceptionHandlerLoggedImpl handleException
WARN: GenerationTarget encountered exception accepting command : Error executing DDL "
    alter table item 
       modify column family_code varchar(10)" via JDBC [Cannot change column 'family_code': used in a foreign key constraint 'item_ibfk_1']
org.hibernate.tool.schema.spi.CommandAcceptanceException: Error executing DDL "
    alter table item 
       modify column family_code varchar(10)" via JDBC [Cannot change column 'family_code': used in a foreign key constraint 'item_ibfk_1']
	at org.hibernate.tool.schema.internal.exec.GenerationTargetToDatabase.accept(GenerationTargetToDatabase.java:94)
	at org.hibernate.tool.schema.internal.AbstractSchemaMigrator.applySqlString(AbstractSchemaMigrator.java:583)
	at org.hibernate.tool.schema.internal.AbstractSchemaMigrator.applySqlStrings(AbstractSchemaMigrator.java:523)
	at org.hibernate.tool.schema.internal.AbstractSchemaMigrator.migrateTable(AbstractSchemaMigrator.java:341)
	at org.hibernate.tool.schema.internal.GroupedSchemaMigratorImpl.performTablesMigration(GroupedSchemaMigratorImpl.java:84)
	at org.hibernate.tool.schema.internal.AbstractSchemaMigrator.performMigration(AbstractSchemaMigrator.java:240)
	at org.hibernate.tool.schema.internal.AbstractSchemaMigrator.doMigration(AbstractSchemaMigrator.java:119)
	at org.hibernate.tool.schema.spi.SchemaManagementToolCoordinator.performDatabaseAction(SchemaManagementToolCoordinator.java:280)
	at org.hibernate.tool.schema.spi.SchemaManagementToolCoordinator.lambda$process$5(SchemaManagementToolCoordinator.java:144)
	at java.base/java.util.HashMap.forEach(HashMap.java:1429)
	at org.hibernate.tool.schema.spi.SchemaManagementToolCoordinator.process(SchemaManagementToolCoordinator.java:141)
	at org.hibernate.boot.internal.SessionFactoryObserverForSchemaExport.sessionFactoryCreated(SessionFactoryObserverForSchemaExport.java:37)
	at org.hibernate.internal.SessionFactoryObserverChain.sessionFactoryCreated(SessionFactoryObserverChain.java:35)
	at org.hibernate.internal.SessionFactoryImpl.<init>(SessionFactoryImpl.java:322)
	at org.hibernate.boot.internal.SessionFactoryBuilderImpl.build(SessionFactoryBuilderImpl.java:457)
	at org.hibernate.cfg.Configuration.buildSessionFactory(Configuration.java:997)
	at org.hibernate.cfg.Configuration.buildSessionFactory(Configuration.java:1016)
	at com.billing.util.HibernateUtil.initializeSessionFactory(HibernateUtil.java:83)
	at com.billing.util.HibernateUtil.getSessionFactory(HibernateUtil.java:32)
	at com.billing.main.MainApplication.main(MainApplication.java:37)
Caused by: java.sql.SQLException: Cannot change column 'family_code': used in a foreign key constraint 'item_ibfk_1'
	at com.mysql.cj.jdbc.exceptions.SQLError.createSQLException(SQLError.java:130)
	at com.mysql.cj.jdbc.exceptions.SQLExceptionsMapping.translateException(SQLExceptionsMapping.java:122)
	at com.mysql.cj.jdbc.StatementImpl.executeInternal(StatementImpl.java:767)
	at com.mysql.cj.jdbc.StatementImpl.execute(StatementImpl.java:652)
	at org.hibernate.tool.schema.internal.exec.GenerationTargetToDatabase.accept(GenerationTargetToDatabase.java:80)
	... 19 more

feb 19, 2026 8:09:08 P. M. org.hibernate.tool.schema.internal.ExceptionHandlerLoggedImpl handleException
WARN: GenerationTarget encountered exception accepting command : Error executing DDL "
    alter table item 
       modify column supplier_id integer" via JDBC [Referencing column 'supplier_id' and referenced column 'id' in foreign key constraint 'item_ibfk_4' are incompatible.]
org.hibernate.tool.schema.spi.CommandAcceptanceException: Error executing DDL "
    alter table item 
       modify column supplier_id integer" via JDBC [Referencing column 'supplier_id' and referenced column 'id' in foreign key constraint 'item_ibfk_4' are incompatible.]
	at org.hibernate.tool.schema.internal.exec.GenerationTargetToDatabase.accept(GenerationTargetToDatabase.java:94)
	at org.hibernate.tool.schema.internal.AbstractSchemaMigrator.applySqlString(AbstractSchemaMigrator.java:583)
	at org.hibernate.tool.schema.internal.AbstractSchemaMigrator.applySqlStrings(AbstractSchemaMigrator.java:523)
	at org.hibernate.tool.schema.internal.AbstractSchemaMigrator.migrateTable(AbstractSchemaMigrator.java:341)
	at org.hibernate.tool.schema.internal.GroupedSchemaMigratorImpl.performTablesMigration(GroupedSchemaMigratorImpl.java:84)
	at org.hibernate.tool.schema.internal.AbstractSchemaMigrator.performMigration(AbstractSchemaMigrator.java:240)
	at org.hibernate.tool.schema.internal.AbstractSchemaMigrator.doMigration(AbstractSchemaMigrator.java:119)
	at org.hibernate.tool.schema.spi.SchemaManagementToolCoordinator.performDatabaseAction(SchemaManagementToolCoordinator.java:280)
	at org.hibernate.tool.schema.spi.SchemaManagementToolCoordinator.lambda$process$5(SchemaManagementToolCoordinator.java:144)
	at java.base/java.util.HashMap.forEach(HashMap.java:1429)
	at org.hibernate.tool.schema.spi.SchemaManagementToolCoordinator.process(SchemaManagementToolCoordinator.java:141)
	at org.hibernate.boot.internal.SessionFactoryObserverForSchemaExport.sessionFactoryCreated(SessionFactoryObserverForSchemaExport.java:37)
	at org.hibernate.internal.SessionFactoryObserverChain.sessionFactoryCreated(SessionFactoryObserverChain.java:35)
	at org.hibernate.internal.SessionFactoryImpl.<init>(SessionFactoryImpl.java:322)
	at org.hibernate.boot.internal.SessionFactoryBuilderImpl.build(SessionFactoryBuilderImpl.java:457)
	at org.hibernate.cfg.Configuration.buildSessionFactory(Configuration.java:997)
	at org.hibernate.cfg.Configuration.buildSessionFactory(Configuration.java:1016)
	at com.billing.util.HibernateUtil.initializeSessionFactory(HibernateUtil.java:83)
	at com.billing.util.HibernateUtil.getSessionFactory(HibernateUtil.java:32)
	at com.billing.main.MainApplication.main(MainApplication.java:37)
Caused by: java.sql.SQLException: Referencing column 'supplier_id' and referenced column 'id' in foreign key constraint 'item_ibfk_4' are incompatible.
	at com.mysql.cj.jdbc.exceptions.SQLError.createSQLException(SQLError.java:130)
	at com.mysql.cj.jdbc.exceptions.SQLExceptionsMapping.translateException(SQLExceptionsMapping.java:122)
	at com.mysql.cj.jdbc.StatementImpl.executeInternal(StatementImpl.java:767)
	at com.mysql.cj.jdbc.StatementImpl.execute(StatementImpl.java:652)
	at org.hibernate.tool.schema.internal.exec.GenerationTargetToDatabase.accept(GenerationTargetToDatabase.java:80)
	... 19 more

feb 19, 2026 8:09:08 P. M. org.hibernate.tool.schema.internal.ExceptionHandlerLoggedImpl handleException
WARN: GenerationTarget encountered exception accepting command : Error executing DDL "
    alter table item_categories 
       modify column code varchar(10) not null" via JDBC [Cannot change column 'code': used in a foreign key constraint 'item_ibfk_2' of table 'facturacio.item']
org.hibernate.tool.schema.spi.CommandAcceptanceException: Error executing DDL "
    alter table item_categories 
       modify column code varchar(10) not null" via JDBC [Cannot change column 'code': used in a foreign key constraint 'item_ibfk_2' of table 'facturacio.item']
	at org.hibernate.tool.schema.internal.exec.GenerationTargetToDatabase.accept(GenerationTargetToDatabase.java:94)
	at org.hibernate.tool.schema.internal.AbstractSchemaMigrator.applySqlString(AbstractSchemaMigrator.java:583)
	at org.hibernate.tool.schema.internal.AbstractSchemaMigrator.applySqlStrings(AbstractSchemaMigrator.java:523)
	at org.hibernate.tool.schema.internal.AbstractSchemaMigrator.migrateTable(AbstractSchemaMigrator.java:341)
	at org.hibernate.tool.schema.internal.GroupedSchemaMigratorImpl.performTablesMigration(GroupedSchemaMigratorImpl.java:84)
	at org.hibernate.tool.schema.internal.AbstractSchemaMigrator.performMigration(AbstractSchemaMigrator.java:240)
	at org.hibernate.tool.schema.internal.AbstractSchemaMigrator.doMigration(AbstractSchemaMigrator.java:119)
	at org.hibernate.tool.schema.spi.SchemaManagementToolCoordinator.performDatabaseAction(SchemaManagementToolCoordinator.java:280)
	at org.hibernate.tool.schema.spi.SchemaManagementToolCoordinator.lambda$process$5(SchemaManagementToolCoordinator.java:144)
	at java.base/java.util.HashMap.forEach(HashMap.java:1429)
	at org.hibernate.tool.schema.spi.SchemaManagementToolCoordinator.process(SchemaManagementToolCoordinator.java:141)
	at org.hibernate.boot.internal.SessionFactoryObserverForSchemaExport.sessionFactoryCreated(SessionFactoryObserverForSchemaExport.java:37)
	at org.hibernate.internal.SessionFactoryObserverChain.sessionFactoryCreated(SessionFactoryObserverChain.java:35)
	at org.hibernate.internal.SessionFactoryImpl.<init>(SessionFactoryImpl.java:322)
	at org.hibernate.boot.internal.SessionFactoryBuilderImpl.build(SessionFactoryBuilderImpl.java:457)
	at org.hibernate.cfg.Configuration.buildSessionFactory(Configuration.java:997)
	at org.hibernate.cfg.Configuration.buildSessionFactory(Configuration.java:1016)
	at com.billing.util.HibernateUtil.initializeSessionFactory(HibernateUtil.java:83)
	at com.billing.util.HibernateUtil.getSessionFactory(HibernateUtil.java:32)
	at com.billing.main.MainApplication.main(MainApplication.java:37)
Caused by: java.sql.SQLException: Cannot change column 'code': used in a foreign key constraint 'item_ibfk_2' of table 'facturacio.item'
	at com.mysql.cj.jdbc.exceptions.SQLError.createSQLException(SQLError.java:130)
	at com.mysql.cj.jdbc.exceptions.SQLExceptionsMapping.translateException(SQLExceptionsMapping.java:122)
	at com.mysql.cj.jdbc.StatementImpl.executeInternal(StatementImpl.java:767)
	at com.mysql.cj.jdbc.StatementImpl.execute(StatementImpl.java:652)
	at org.hibernate.tool.schema.internal.exec.GenerationTargetToDatabase.accept(GenerationTargetToDatabase.java:80)
	... 19 more

feb 19, 2026 8:09:08 P. M. org.hibernate.tool.schema.internal.ExceptionHandlerLoggedImpl handleException
WARN: GenerationTarget encountered exception accepting command : Error executing DDL "
    alter table item_families 
       modify column code varchar(10) not null" via JDBC [Cannot change column 'code': used in a foreign key constraint 'item_ibfk_1' of table 'facturacio.item']
org.hibernate.tool.schema.spi.CommandAcceptanceException: Error executing DDL "
    alter table item_families 
       modify column code varchar(10) not null" via JDBC [Cannot change column 'code': used in a foreign key constraint 'item_ibfk_1' of table 'facturacio.item']
	at org.hibernate.tool.schema.internal.exec.GenerationTargetToDatabase.accept(GenerationTargetToDatabase.java:94)
	at org.hibernate.tool.schema.internal.AbstractSchemaMigrator.applySqlString(AbstractSchemaMigrator.java:583)
	at org.hibernate.tool.schema.internal.AbstractSchemaMigrator.applySqlStrings(AbstractSchemaMigrator.java:523)
	at org.hibernate.tool.schema.internal.AbstractSchemaMigrator.migrateTable(AbstractSchemaMigrator.java:341)
	at org.hibernate.tool.schema.internal.GroupedSchemaMigratorImpl.performTablesMigration(GroupedSchemaMigratorImpl.java:84)
	at org.hibernate.tool.schema.internal.AbstractSchemaMigrator.performMigration(AbstractSchemaMigrator.java:240)
	at org.hibernate.tool.schema.internal.AbstractSchemaMigrator.doMigration(AbstractSchemaMigrator.java:119)
	at org.hibernate.tool.schema.spi.SchemaManagementToolCoordinator.performDatabaseAction(SchemaManagementToolCoordinator.java:280)
	at org.hibernate.tool.schema.spi.SchemaManagementToolCoordinator.lambda$process$5(SchemaManagementToolCoordinator.java:144)
	at java.base/java.util.HashMap.forEach(HashMap.java:1429)
	at org.hibernate.tool.schema.spi.SchemaManagementToolCoordinator.process(SchemaManagementToolCoordinator.java:141)
	at org.hibernate.boot.internal.SessionFactoryObserverForSchemaExport.sessionFactoryCreated(SessionFactoryObserverForSchemaExport.java:37)
	at org.hibernate.internal.SessionFactoryObserverChain.sessionFactoryCreated(SessionFactoryObserverChain.java:35)
	at org.hibernate.internal.SessionFactoryImpl.<init>(SessionFactoryImpl.java:322)
	at org.hibernate.boot.internal.SessionFactoryBuilderImpl.build(SessionFactoryBuilderImpl.java:457)
	at org.hibernate.cfg.Configuration.buildSessionFactory(Configuration.java:997)
	at org.hibernate.cfg.Configuration.buildSessionFactory(Configuration.java:1016)
	at com.billing.util.HibernateUtil.initializeSessionFactory(HibernateUtil.java:83)
	at com.billing.util.HibernateUtil.getSessionFactory(HibernateUtil.java:32)
	at com.billing.main.MainApplication.main(MainApplication.java:37)
Caused by: java.sql.SQLException: Cannot change column 'code': used in a foreign key constraint 'item_ibfk_1' of table 'facturacio.item'
	at com.mysql.cj.jdbc.exceptions.SQLError.createSQLException(SQLError.java:130)
	at com.mysql.cj.jdbc.exceptions.SQLExceptionsMapping.translateException(SQLExceptionsMapping.java:122)
	at com.mysql.cj.jdbc.StatementImpl.executeInternal(StatementImpl.java:767)
	at com.mysql.cj.jdbc.StatementImpl.execute(StatementImpl.java:652)
	at org.hibernate.tool.schema.internal.exec.GenerationTargetToDatabase.accept(GenerationTargetToDatabase.java:80)
	... 19 more

feb 19, 2026 8:09:08 P. M. org.hibernate.tool.schema.internal.ExceptionHandlerLoggedImpl handleException
WARN: GenerationTarget encountered exception accepting command : Error executing DDL "
    alter table party 
       modify column id integer not null auto_increment" via JDBC [Referencing column 'party_id' and referenced column 'id' in foreign key constraint 'business_document_ibfk_1' are incompatible.]
org.hibernate.tool.schema.spi.CommandAcceptanceException: Error executing DDL "
    alter table party 
       modify column id integer not null auto_increment" via JDBC [Referencing column 'party_id' and referenced column 'id' in foreign key constraint 'business_document_ibfk_1' are incompatible.]
	at org.hibernate.tool.schema.internal.exec.GenerationTargetToDatabase.accept(GenerationTargetToDatabase.java:94)
	at org.hibernate.tool.schema.internal.AbstractSchemaMigrator.applySqlString(AbstractSchemaMigrator.java:583)
	at org.hibernate.tool.schema.internal.AbstractSchemaMigrator.applySqlStrings(AbstractSchemaMigrator.java:523)
	at org.hibernate.tool.schema.internal.AbstractSchemaMigrator.migrateTable(AbstractSchemaMigrator.java:341)
	at org.hibernate.tool.schema.internal.GroupedSchemaMigratorImpl.performTablesMigration(GroupedSchemaMigratorImpl.java:84)
	at org.hibernate.tool.schema.internal.AbstractSchemaMigrator.performMigration(AbstractSchemaMigrator.java:240)
	at org.hibernate.tool.schema.internal.AbstractSchemaMigrator.doMigration(AbstractSchemaMigrator.java:119)
	at org.hibernate.tool.schema.spi.SchemaManagementToolCoordinator.performDatabaseAction(SchemaManagementToolCoordinator.java:280)
	at org.hibernate.tool.schema.spi.SchemaManagementToolCoordinator.lambda$process$5(SchemaManagementToolCoordinator.java:144)
	at java.base/java.util.HashMap.forEach(HashMap.java:1429)
	at org.hibernate.tool.schema.spi.SchemaManagementToolCoordinator.process(SchemaManagementToolCoordinator.java:141)
	at org.hibernate.boot.internal.SessionFactoryObserverForSchemaExport.sessionFactoryCreated(SessionFactoryObserverForSchemaExport.java:37)
	at org.hibernate.internal.SessionFactoryObserverChain.sessionFactoryCreated(SessionFactoryObserverChain.java:35)
	at org.hibernate.internal.SessionFactoryImpl.<init>(SessionFactoryImpl.java:322)
	at org.hibernate.boot.internal.SessionFactoryBuilderImpl.build(SessionFactoryBuilderImpl.java:457)
	at org.hibernate.cfg.Configuration.buildSessionFactory(Configuration.java:997)
	at org.hibernate.cfg.Configuration.buildSessionFactory(Configuration.java:1016)
	at com.billing.util.HibernateUtil.initializeSessionFactory(HibernateUtil.java:83)
	at com.billing.util.HibernateUtil.getSessionFactory(HibernateUtil.java:32)
	at com.billing.main.MainApplication.main(MainApplication.java:37)
Caused by: java.sql.SQLException: Referencing column 'party_id' and referenced column 'id' in foreign key constraint 'business_document_ibfk_1' are incompatible.
	at com.mysql.cj.jdbc.exceptions.SQLError.createSQLException(SQLError.java:130)
	at com.mysql.cj.jdbc.exceptions.SQLExceptionsMapping.translateException(SQLExceptionsMapping.java:122)
	at com.mysql.cj.jdbc.StatementImpl.executeInternal(StatementImpl.java:767)
	at com.mysql.cj.jdbc.StatementImpl.execute(StatementImpl.java:652)
	at org.hibernate.tool.schema.internal.exec.GenerationTargetToDatabase.accept(GenerationTargetToDatabase.java:80)
	... 19 more

feb 19, 2026 8:09:08 P. M. org.hibernate.tool.schema.internal.ExceptionHandlerLoggedImpl handleException
WARN: GenerationTarget encountered exception accepting command : Error executing DDL "
    alter table supplier 
       modify column id integer not null" via JDBC [Referencing column 'id' and referenced column 'id' in foreign key constraint 'supplier_ibfk_1' are incompatible.]
org.hibernate.tool.schema.spi.CommandAcceptanceException: Error executing DDL "
    alter table supplier 
       modify column id integer not null" via JDBC [Referencing column 'id' and referenced column 'id' in foreign key constraint 'supplier_ibfk_1' are incompatible.]
	at org.hibernate.tool.schema.internal.exec.GenerationTargetToDatabase.accept(GenerationTargetToDatabase.java:94)
	at org.hibernate.tool.schema.internal.AbstractSchemaMigrator.applySqlString(AbstractSchemaMigrator.java:583)
	at org.hibernate.tool.schema.internal.AbstractSchemaMigrator.applySqlStrings(AbstractSchemaMigrator.java:523)
	at org.hibernate.tool.schema.internal.AbstractSchemaMigrator.migrateTable(AbstractSchemaMigrator.java:341)
	at org.hibernate.tool.schema.internal.GroupedSchemaMigratorImpl.performTablesMigration(GroupedSchemaMigratorImpl.java:84)
	at org.hibernate.tool.schema.internal.AbstractSchemaMigrator.performMigration(AbstractSchemaMigrator.java:240)
	at org.hibernate.tool.schema.internal.AbstractSchemaMigrator.doMigration(AbstractSchemaMigrator.java:119)
	at org.hibernate.tool.schema.spi.SchemaManagementToolCoordinator.performDatabaseAction(SchemaManagementToolCoordinator.java:280)
	at org.hibernate.tool.schema.spi.SchemaManagementToolCoordinator.lambda$process$5(SchemaManagementToolCoordinator.java:144)
	at java.base/java.util.HashMap.forEach(HashMap.java:1429)
	at org.hibernate.tool.schema.spi.SchemaManagementToolCoordinator.process(SchemaManagementToolCoordinator.java:141)
	at org.hibernate.boot.internal.SessionFactoryObserverForSchemaExport.sessionFactoryCreated(SessionFactoryObserverForSchemaExport.java:37)
	at org.hibernate.internal.SessionFactoryObserverChain.sessionFactoryCreated(SessionFactoryObserverChain.java:35)
	at org.hibernate.internal.SessionFactoryImpl.<init>(SessionFactoryImpl.java:322)
	at org.hibernate.boot.internal.SessionFactoryBuilderImpl.build(SessionFactoryBuilderImpl.java:457)
	at org.hibernate.cfg.Configuration.buildSessionFactory(Configuration.java:997)
	at org.hibernate.cfg.Configuration.buildSessionFactory(Configuration.java:1016)
	at com.billing.util.HibernateUtil.initializeSessionFactory(HibernateUtil.java:83)
	at com.billing.util.HibernateUtil.getSessionFactory(HibernateUtil.java:32)
	at com.billing.main.MainApplication.main(MainApplication.java:37)
Caused by: java.sql.SQLException: Referencing column 'id' and referenced column 'id' in foreign key constraint 'supplier_ibfk_1' are incompatible.
	at com.mysql.cj.jdbc.exceptions.SQLError.createSQLException(SQLError.java:130)
	at com.mysql.cj.jdbc.exceptions.SQLExceptionsMapping.translateException(SQLExceptionsMapping.java:122)
	at com.mysql.cj.jdbc.StatementImpl.executeInternal(StatementImpl.java:767)
	at com.mysql.cj.jdbc.StatementImpl.execute(StatementImpl.java:652)
	at org.hibernate.tool.schema.internal.exec.GenerationTargetToDatabase.accept(GenerationTargetToDatabase.java:80)
	... 19 more

feb 19, 2026 8:09:09 P. M. com.billing.util.HibernateUtil initializeSessionFactory
INFO: Hibernate SessionFactory initialized successfully for MySQL database
feb 19, 2026 8:09:09 P. M. com.billing.service.ClientService <init>
INFO: ClientService initialized with PartyRepository
feb 19, 2026 8:09:09 P. M. com.billing.service.SupplierService <init>
INFO: SupplierService initialized with PartyRepository
feb 19, 2026 8:09:12 P. M. com.billing.main.MainApplication lambda$1
INFO: Application started successfully with MySQL database
feb 20, 2026 3:21:54 P. M. com.billing.main.MainApplication main
INFO: Initializing Hibernate with MySQL database...
feb 20, 2026 3:21:54 P. M. com.billing.util.HibernateUtil initializeSessionFactory
INFO: Initializing Hibernate SessionFactory with hibernate.cfg.xml...
feb 20, 2026 3:21:54 P. M. com.billing.util.HibernateUtil initializeSessionFactory
INFO: Configuration file found at: file:/C:/Users/albag/Documents/2o/ACCESO%20DATOS/TEMA%203/Hibernate/target/classes/hibernate.cfg.xml
feb 20, 2026 3:21:54 P. M. org.hibernate.Version logVersion
INFO: HHH000412: Hibernate ORM core version 6.5.3.Final
feb 20, 2026 3:21:55 P. M. org.hibernate.cache.internal.RegionFactoryInitiator initiateService
INFO: HHH000026: Second-level cache disabled
feb 20, 2026 3:21:55 P. M. org.hibernate.engine.jdbc.connections.internal.DriverManagerConnectionProviderImpl configure
WARN: HHH10001002: Using built-in connection pool (not intended for production use)
feb 20, 2026 3:21:55 P. M. org.hibernate.engine.jdbc.connections.internal.DriverManagerConnectionProviderImpl buildCreator
INFO: HHH10001005: Loaded JDBC driver class: com.mysql.cj.jdbc.Driver
feb 20, 2026 3:21:55 P. M. org.hibernate.engine.jdbc.connections.internal.DriverManagerConnectionProviderImpl buildCreator
INFO: HHH10001012: Connecting with JDBC URL [jdbc:mysql://localhost:3306/facturacio?useSSL=false&serverTimezone=UTC&allowPublicKeyRetrieval=true]
feb 20, 2026 3:21:55 P. M. org.hibernate.engine.jdbc.connections.internal.DriverManagerConnectionProviderImpl buildCreator
INFO: HHH10001001: Connection properties: {password=****, user=usuario}
feb 20, 2026 3:21:55 P. M. org.hibernate.engine.jdbc.connections.internal.DriverManagerConnectionProviderImpl buildCreator
INFO: HHH10001003: Autocommit mode: false
feb 20, 2026 3:21:55 P. M. org.hibernate.engine.jdbc.connections.internal.DriverManagerConnectionProviderImpl$PooledConnections <init>
INFO: HHH10001115: Connection pool size: 1 (min=1)
feb 20, 2026 3:21:56 P. M. org.hibernate.engine.jdbc.dialect.internal.DialectFactoryImpl constructDialect
WARN: HHH90000025: MySQL8Dialect does not need to be specified explicitly using 'hibernate.dialect' (remove the property setting and it will be selected by default)
feb 20, 2026 3:21:56 P. M. org.hibernate.engine.jdbc.dialect.internal.DialectFactoryImpl logSelectedDialect
WARN: HHH90000026: MySQL8Dialect has been deprecated; use org.hibernate.dialect.MySQLDialect instead
feb 20, 2026 3:21:58 P. M. org.hibernate.resource.transaction.backend.jdbc.internal.DdlTransactionIsolatorNonJtaImpl getIsolatedConnection
INFO: HHH10001501: Connection obtained from JdbcConnectionAccess [org.hibernate.engine.jdbc.env.internal.JdbcEnvironmentInitiator$ConnectionProviderJdbcConnectionAccess@18db3b3c] for (non-JTA) DDL execution was not in auto-commit mode; the Connection 'local transaction' will be committed and the Connection will be set into auto-commit mode.
feb 20, 2026 3:21:58 P. M. org.hibernate.tool.schema.internal.ExceptionHandlerLoggedImpl handleException
WARN: GenerationTarget encountered exception accepting command : Error executing DDL "
    alter table business_document 
       modify column id integer not null auto_increment" via JDBC [Referencing column 'id' and referenced column 'id' in foreign key constraint 'delivery_note_ibfk_1' are incompatible.]
org.hibernate.tool.schema.spi.CommandAcceptanceException: Error executing DDL "
    alter table business_document 
       modify column id integer not null auto_increment" via JDBC [Referencing column 'id' and referenced column 'id' in foreign key constraint 'delivery_note_ibfk_1' are incompatible.]
	at org.hibernate.tool.schema.internal.exec.GenerationTargetToDatabase.accept(GenerationTargetToDatabase.java:94)
	at org.hibernate.tool.schema.internal.AbstractSchemaMigrator.applySqlString(AbstractSchemaMigrator.java:583)
	at org.hibernate.tool.schema.internal.AbstractSchemaMigrator.applySqlStrings(AbstractSchemaMigrator.java:523)
	at org.hibernate.tool.schema.internal.AbstractSchemaMigrator.migrateTable(AbstractSchemaMigrator.java:341)
	at org.hibernate.tool.schema.internal.GroupedSchemaMigratorImpl.performTablesMigration(GroupedSchemaMigratorImpl.java:84)
	at org.hibernate.tool.schema.internal.AbstractSchemaMigrator.performMigration(AbstractSchemaMigrator.java:240)
	at org.hibernate.tool.schema.internal.AbstractSchemaMigrator.doMigration(AbstractSchemaMigrator.java:119)
	at org.hibernate.tool.schema.spi.SchemaManagementToolCoordinator.performDatabaseAction(SchemaManagementToolCoordinator.java:280)
	at org.hibernate.tool.schema.spi.SchemaManagementToolCoordinator.lambda$process$5(SchemaManagementToolCoordinator.java:144)
	at java.base/java.util.HashMap.forEach(HashMap.java:1429)
	at org.hibernate.tool.schema.spi.SchemaManagementToolCoordinator.process(SchemaManagementToolCoordinator.java:141)
	at org.hibernate.boot.internal.SessionFactoryObserverForSchemaExport.sessionFactoryCreated(SessionFactoryObserverForSchemaExport.java:37)
	at org.hibernate.internal.SessionFactoryObserverChain.sessionFactoryCreated(SessionFactoryObserverChain.java:35)
	at org.hibernate.internal.SessionFactoryImpl.<init>(SessionFactoryImpl.java:322)
	at org.hibernate.boot.internal.SessionFactoryBuilderImpl.build(SessionFactoryBuilderImpl.java:457)
	at org.hibernate.cfg.Configuration.buildSessionFactory(Configuration.java:997)
	at org.hibernate.cfg.Configuration.buildSessionFactory(Configuration.java:1016)
	at com.billing.util.HibernateUtil.initializeSessionFactory(HibernateUtil.java:83)
	at com.billing.util.HibernateUtil.getSessionFactory(HibernateUtil.java:32)
	at com.billing.main.MainApplication.main(MainApplication.java:37)
Caused by: java.sql.SQLException: Referencing column 'id' and referenced column 'id' in foreign key constraint 'delivery_note_ibfk_1' are incompatible.
	at com.mysql.cj.jdbc.exceptions.SQLError.createSQLException(SQLError.java:130)
	at com.mysql.cj.jdbc.exceptions.SQLExceptionsMapping.translateException(SQLExceptionsMapping.java:122)
	at com.mysql.cj.jdbc.StatementImpl.executeInternal(StatementImpl.java:767)
	at com.mysql.cj.jdbc.StatementImpl.execute(StatementImpl.java:652)
	at org.hibernate.tool.schema.internal.exec.GenerationTargetToDatabase.accept(GenerationTargetToDatabase.java:80)
	... 19 more

feb 20, 2026 3:21:58 P. M. org.hibernate.tool.schema.internal.ExceptionHandlerLoggedImpl handleException
WARN: GenerationTarget encountered exception accepting command : Error executing DDL "
    alter table business_document 
       modify column party_id integer" via JDBC [Referencing column 'party_id' and referenced column 'id' in foreign key constraint 'business_document_ibfk_1' are incompatible.]
org.hibernate.tool.schema.spi.CommandAcceptanceException: Error executing DDL "
    alter table business_document 
       modify column party_id integer" via JDBC [Referencing column 'party_id' and referenced column 'id' in foreign key constraint 'business_document_ibfk_1' are incompatible.]
	at org.hibernate.tool.schema.internal.exec.GenerationTargetToDatabase.accept(GenerationTargetToDatabase.java:94)
	at org.hibernate.tool.schema.internal.AbstractSchemaMigrator.applySqlString(AbstractSchemaMigrator.java:583)
	at org.hibernate.tool.schema.internal.AbstractSchemaMigrator.applySqlStrings(AbstractSchemaMigrator.java:523)
	at org.hibernate.tool.schema.internal.AbstractSchemaMigrator.migrateTable(AbstractSchemaMigrator.java:341)
	at org.hibernate.tool.schema.internal.GroupedSchemaMigratorImpl.performTablesMigration(GroupedSchemaMigratorImpl.java:84)
	at org.hibernate.tool.schema.internal.AbstractSchemaMigrator.performMigration(AbstractSchemaMigrator.java:240)
	at org.hibernate.tool.schema.internal.AbstractSchemaMigrator.doMigration(AbstractSchemaMigrator.java:119)
	at org.hibernate.tool.schema.spi.SchemaManagementToolCoordinator.performDatabaseAction(SchemaManagementToolCoordinator.java:280)
	at org.hibernate.tool.schema.spi.SchemaManagementToolCoordinator.lambda$process$5(SchemaManagementToolCoordinator.java:144)
	at java.base/java.util.HashMap.forEach(HashMap.java:1429)
	at org.hibernate.tool.schema.spi.SchemaManagementToolCoordinator.process(SchemaManagementToolCoordinator.java:141)
	at org.hibernate.boot.internal.SessionFactoryObserverForSchemaExport.sessionFactoryCreated(SessionFactoryObserverForSchemaExport.java:37)
	at org.hibernate.internal.SessionFactoryObserverChain.sessionFactoryCreated(SessionFactoryObserverChain.java:35)
	at org.hibernate.internal.SessionFactoryImpl.<init>(SessionFactoryImpl.java:322)
	at org.hibernate.boot.internal.SessionFactoryBuilderImpl.build(SessionFactoryBuilderImpl.java:457)
	at org.hibernate.cfg.Configuration.buildSessionFactory(Configuration.java:997)
	at org.hibernate.cfg.Configuration.buildSessionFactory(Configuration.java:1016)
	at com.billing.util.HibernateUtil.initializeSessionFactory(HibernateUtil.java:83)
	at com.billing.util.HibernateUtil.getSessionFactory(HibernateUtil.java:32)
	at com.billing.main.MainApplication.main(MainApplication.java:37)
Caused by: java.sql.SQLException: Referencing column 'party_id' and referenced column 'id' in foreign key constraint 'business_document_ibfk_1' are incompatible.
	at com.mysql.cj.jdbc.exceptions.SQLError.createSQLException(SQLError.java:130)
	at com.mysql.cj.jdbc.exceptions.SQLExceptionsMapping.translateException(SQLExceptionsMapping.java:122)
	at com.mysql.cj.jdbc.StatementImpl.executeInternal(StatementImpl.java:767)
	at com.mysql.cj.jdbc.StatementImpl.execute(StatementImpl.java:652)
	at org.hibernate.tool.schema.internal.exec.GenerationTargetToDatabase.accept(GenerationTargetToDatabase.java:80)
	... 19 more

feb 20, 2026 3:21:58 P. M. org.hibernate.tool.schema.internal.ExceptionHandlerLoggedImpl handleException
WARN: GenerationTarget encountered exception accepting command : Error executing DDL "
    alter table client 
       modify column id integer not null" via JDBC [Referencing column 'id' and referenced column 'id' in foreign key constraint 'client_ibfk_1' are incompatible.]
org.hibernate.tool.schema.spi.CommandAcceptanceException: Error executing DDL "
    alter table client 
       modify column id integer not null" via JDBC [Referencing column 'id' and referenced column 'id' in foreign key constraint 'client_ibfk_1' are incompatible.]
	at org.hibernate.tool.schema.internal.exec.GenerationTargetToDatabase.accept(GenerationTargetToDatabase.java:94)
	at org.hibernate.tool.schema.internal.AbstractSchemaMigrator.applySqlString(AbstractSchemaMigrator.java:583)
	at org.hibernate.tool.schema.internal.AbstractSchemaMigrator.applySqlStrings(AbstractSchemaMigrator.java:523)
	at org.hibernate.tool.schema.internal.AbstractSchemaMigrator.migrateTable(AbstractSchemaMigrator.java:341)
	at org.hibernate.tool.schema.internal.GroupedSchemaMigratorImpl.performTablesMigration(GroupedSchemaMigratorImpl.java:84)
	at org.hibernate.tool.schema.internal.AbstractSchemaMigrator.performMigration(AbstractSchemaMigrator.java:240)
	at org.hibernate.tool.schema.internal.AbstractSchemaMigrator.doMigration(AbstractSchemaMigrator.java:119)
	at org.hibernate.tool.schema.spi.SchemaManagementToolCoordinator.performDatabaseAction(SchemaManagementToolCoordinator.java:280)
	at org.hibernate.tool.schema.spi.SchemaManagementToolCoordinator.lambda$process$5(SchemaManagementToolCoordinator.java:144)
	at java.base/java.util.HashMap.forEach(HashMap.java:1429)
	at org.hibernate.tool.schema.spi.SchemaManagementToolCoordinator.process(SchemaManagementToolCoordinator.java:141)
	at org.hibernate.boot.internal.SessionFactoryObserverForSchemaExport.sessionFactoryCreated(SessionFactoryObserverForSchemaExport.java:37)
	at org.hibernate.internal.SessionFactoryObserverChain.sessionFactoryCreated(SessionFactoryObserverChain.java:35)
	at org.hibernate.internal.SessionFactoryImpl.<init>(SessionFactoryImpl.java:322)
	at org.hibernate.boot.internal.SessionFactoryBuilderImpl.build(SessionFactoryBuilderImpl.java:457)
	at org.hibernate.cfg.Configuration.buildSessionFactory(Configuration.java:997)
	at org.hibernate.cfg.Configuration.buildSessionFactory(Configuration.java:1016)
	at com.billing.util.HibernateUtil.initializeSessionFactory(HibernateUtil.java:83)
	at com.billing.util.HibernateUtil.getSessionFactory(HibernateUtil.java:32)
	at com.billing.main.MainApplication.main(MainApplication.java:37)
Caused by: java.sql.SQLException: Referencing column 'id' and referenced column 'id' in foreign key constraint 'client_ibfk_1' are incompatible.
	at com.mysql.cj.jdbc.exceptions.SQLError.createSQLException(SQLError.java:130)
	at com.mysql.cj.jdbc.exceptions.SQLExceptionsMapping.translateException(SQLExceptionsMapping.java:122)
	at com.mysql.cj.jdbc.StatementImpl.executeInternal(StatementImpl.java:767)
	at com.mysql.cj.jdbc.StatementImpl.execute(StatementImpl.java:652)
	at org.hibernate.tool.schema.internal.exec.GenerationTargetToDatabase.accept(GenerationTargetToDatabase.java:80)
	... 19 more

feb 20, 2026 3:21:58 P. M. org.hibernate.tool.schema.internal.ExceptionHandlerLoggedImpl handleException
WARN: GenerationTarget encountered exception accepting command : Error executing DDL "
    alter table delivery_note 
       modify column id integer not null" via JDBC [Referencing column 'id' and referenced column 'id' in foreign key constraint 'delivery_note_ibfk_1' are incompatible.]
org.hibernate.tool.schema.spi.CommandAcceptanceException: Error executing DDL "
    alter table delivery_note 
       modify column id integer not null" via JDBC [Referencing column 'id' and referenced column 'id' in foreign key constraint 'delivery_note_ibfk_1' are incompatible.]
	at org.hibernate.tool.schema.internal.exec.GenerationTargetToDatabase.accept(GenerationTargetToDatabase.java:94)
	at org.hibernate.tool.schema.internal.AbstractSchemaMigrator.applySqlString(AbstractSchemaMigrator.java:583)
	at org.hibernate.tool.schema.internal.AbstractSchemaMigrator.applySqlStrings(AbstractSchemaMigrator.java:523)
	at org.hibernate.tool.schema.internal.AbstractSchemaMigrator.migrateTable(AbstractSchemaMigrator.java:341)
	at org.hibernate.tool.schema.internal.GroupedSchemaMigratorImpl.performTablesMigration(GroupedSchemaMigratorImpl.java:84)
	at org.hibernate.tool.schema.internal.AbstractSchemaMigrator.performMigration(AbstractSchemaMigrator.java:240)
	at org.hibernate.tool.schema.internal.AbstractSchemaMigrator.doMigration(AbstractSchemaMigrator.java:119)
	at org.hibernate.tool.schema.spi.SchemaManagementToolCoordinator.performDatabaseAction(SchemaManagementToolCoordinator.java:280)
	at org.hibernate.tool.schema.spi.SchemaManagementToolCoordinator.lambda$process$5(SchemaManagementToolCoordinator.java:144)
	at java.base/java.util.HashMap.forEach(HashMap.java:1429)
	at org.hibernate.tool.schema.spi.SchemaManagementToolCoordinator.process(SchemaManagementToolCoordinator.java:141)
	at org.hibernate.boot.internal.SessionFactoryObserverForSchemaExport.sessionFactoryCreated(SessionFactoryObserverForSchemaExport.java:37)
	at org.hibernate.internal.SessionFactoryObserverChain.sessionFactoryCreated(SessionFactoryObserverChain.java:35)
	at org.hibernate.internal.SessionFactoryImpl.<init>(SessionFactoryImpl.java:322)
	at org.hibernate.boot.internal.SessionFactoryBuilderImpl.build(SessionFactoryBuilderImpl.java:457)
	at org.hibernate.cfg.Configuration.buildSessionFactory(Configuration.java:997)
	at org.hibernate.cfg.Configuration.buildSessionFactory(Configuration.java:1016)
	at com.billing.util.HibernateUtil.initializeSessionFactory(HibernateUtil.java:83)
	at com.billing.util.HibernateUtil.getSessionFactory(HibernateUtil.java:32)
	at com.billing.main.MainApplication.main(MainApplication.java:37)
Caused by: java.sql.SQLException: Referencing column 'id' and referenced column 'id' in foreign key constraint 'delivery_note_ibfk_1' are incompatible.
	at com.mysql.cj.jdbc.exceptions.SQLError.createSQLException(SQLError.java:130)
	at com.mysql.cj.jdbc.exceptions.SQLExceptionsMapping.translateException(SQLExceptionsMapping.java:122)
	at com.mysql.cj.jdbc.StatementImpl.executeInternal(StatementImpl.java:767)
	at com.mysql.cj.jdbc.StatementImpl.execute(StatementImpl.java:652)
	at org.hibernate.tool.schema.internal.exec.GenerationTargetToDatabase.accept(GenerationTargetToDatabase.java:80)
	... 19 more

feb 20, 2026 3:21:58 P. M. org.hibernate.tool.schema.internal.ExceptionHandlerLoggedImpl handleException
WARN: GenerationTarget encountered exception accepting command : Error executing DDL "
    alter table document_line 
       modify column document_id integer" via JDBC [Referencing column 'document_id' and referenced column 'id' in foreign key constraint 'document_line_ibfk_1' are incompatible.]
org.hibernate.tool.schema.spi.CommandAcceptanceException: Error executing DDL "
    alter table document_line 
       modify column document_id integer" via JDBC [Referencing column 'document_id' and referenced column 'id' in foreign key constraint 'document_line_ibfk_1' are incompatible.]
	at org.hibernate.tool.schema.internal.exec.GenerationTargetToDatabase.accept(GenerationTargetToDatabase.java:94)
	at org.hibernate.tool.schema.internal.AbstractSchemaMigrator.applySqlString(AbstractSchemaMigrator.java:583)
	at org.hibernate.tool.schema.internal.AbstractSchemaMigrator.applySqlStrings(AbstractSchemaMigrator.java:523)
	at org.hibernate.tool.schema.internal.AbstractSchemaMigrator.migrateTable(AbstractSchemaMigrator.java:341)
	at org.hibernate.tool.schema.internal.GroupedSchemaMigratorImpl.performTablesMigration(GroupedSchemaMigratorImpl.java:84)
	at org.hibernate.tool.schema.internal.AbstractSchemaMigrator.performMigration(AbstractSchemaMigrator.java:240)
	at org.hibernate.tool.schema.internal.AbstractSchemaMigrator.doMigration(AbstractSchemaMigrator.java:119)
	at org.hibernate.tool.schema.spi.SchemaManagementToolCoordinator.performDatabaseAction(SchemaManagementToolCoordinator.java:280)
	at org.hibernate.tool.schema.spi.SchemaManagementToolCoordinator.lambda$process$5(SchemaManagementToolCoordinator.java:144)
	at java.base/java.util.HashMap.forEach(HashMap.java:1429)
	at org.hibernate.tool.schema.spi.SchemaManagementToolCoordinator.process(SchemaManagementToolCoordinator.java:141)
	at org.hibernate.boot.internal.SessionFactoryObserverForSchemaExport.sessionFactoryCreated(SessionFactoryObserverForSchemaExport.java:37)
	at org.hibernate.internal.SessionFactoryObserverChain.sessionFactoryCreated(SessionFactoryObserverChain.java:35)
	at org.hibernate.internal.SessionFactoryImpl.<init>(SessionFactoryImpl.java:322)
	at org.hibernate.boot.internal.SessionFactoryBuilderImpl.build(SessionFactoryBuilderImpl.java:457)
	at org.hibernate.cfg.Configuration.buildSessionFactory(Configuration.java:997)
	at org.hibernate.cfg.Configuration.buildSessionFactory(Configuration.java:1016)
	at com.billing.util.HibernateUtil.initializeSessionFactory(HibernateUtil.java:83)
	at com.billing.util.HibernateUtil.getSessionFactory(HibernateUtil.java:32)
	at com.billing.main.MainApplication.main(MainApplication.java:37)
Caused by: java.sql.SQLException: Referencing column 'document_id' and referenced column 'id' in foreign key constraint 'document_line_ibfk_1' are incompatible.
	at com.mysql.cj.jdbc.exceptions.SQLError.createSQLException(SQLError.java:130)
	at com.mysql.cj.jdbc.exceptions.SQLExceptionsMapping.translateException(SQLExceptionsMapping.java:122)
	at com.mysql.cj.jdbc.StatementImpl.executeInternal(StatementImpl.java:767)
	at com.mysql.cj.jdbc.StatementImpl.execute(StatementImpl.java:652)
	at org.hibernate.tool.schema.internal.exec.GenerationTargetToDatabase.accept(GenerationTargetToDatabase.java:80)
	... 19 more

feb 20, 2026 3:21:58 P. M. org.hibernate.tool.schema.internal.ExceptionHandlerLoggedImpl handleException
WARN: GenerationTarget encountered exception accepting command : Error executing DDL "
    alter table document_line 
       modify column item_id integer" via JDBC [Referencing column 'item_id' and referenced column 'id' in foreign key constraint 'document_line_ibfk_2' are incompatible.]
org.hibernate.tool.schema.spi.CommandAcceptanceException: Error executing DDL "
    alter table document_line 
       modify column item_id integer" via JDBC [Referencing column 'item_id' and referenced column 'id' in foreign key constraint 'document_line_ibfk_2' are incompatible.]
	at org.hibernate.tool.schema.internal.exec.GenerationTargetToDatabase.accept(GenerationTargetToDatabase.java:94)
	at org.hibernate.tool.schema.internal.AbstractSchemaMigrator.applySqlString(AbstractSchemaMigrator.java:583)
	at org.hibernate.tool.schema.internal.AbstractSchemaMigrator.applySqlStrings(AbstractSchemaMigrator.java:523)
	at org.hibernate.tool.schema.internal.AbstractSchemaMigrator.migrateTable(AbstractSchemaMigrator.java:341)
	at org.hibernate.tool.schema.internal.GroupedSchemaMigratorImpl.performTablesMigration(GroupedSchemaMigratorImpl.java:84)
	at org.hibernate.tool.schema.internal.AbstractSchemaMigrator.performMigration(AbstractSchemaMigrator.java:240)
	at org.hibernate.tool.schema.internal.AbstractSchemaMigrator.doMigration(AbstractSchemaMigrator.java:119)
	at org.hibernate.tool.schema.spi.SchemaManagementToolCoordinator.performDatabaseAction(SchemaManagementToolCoordinator.java:280)
	at org.hibernate.tool.schema.spi.SchemaManagementToolCoordinator.lambda$process$5(SchemaManagementToolCoordinator.java:144)
	at java.base/java.util.HashMap.forEach(HashMap.java:1429)
	at org.hibernate.tool.schema.spi.SchemaManagementToolCoordinator.process(SchemaManagementToolCoordinator.java:141)
	at org.hibernate.boot.internal.SessionFactoryObserverForSchemaExport.sessionFactoryCreated(SessionFactoryObserverForSchemaExport.java:37)
	at org.hibernate.internal.SessionFactoryObserverChain.sessionFactoryCreated(SessionFactoryObserverChain.java:35)
	at org.hibernate.internal.SessionFactoryImpl.<init>(SessionFactoryImpl.java:322)
	at org.hibernate.boot.internal.SessionFactoryBuilderImpl.build(SessionFactoryBuilderImpl.java:457)
	at org.hibernate.cfg.Configuration.buildSessionFactory(Configuration.java:997)
	at org.hibernate.cfg.Configuration.buildSessionFactory(Configuration.java:1016)
	at com.billing.util.HibernateUtil.initializeSessionFactory(HibernateUtil.java:83)
	at com.billing.util.HibernateUtil.getSessionFactory(HibernateUtil.java:32)
	at com.billing.main.MainApplication.main(MainApplication.java:37)
Caused by: java.sql.SQLException: Referencing column 'item_id' and referenced column 'id' in foreign key constraint 'document_line_ibfk_2' are incompatible.
	at com.mysql.cj.jdbc.exceptions.SQLError.createSQLException(SQLError.java:130)
	at com.mysql.cj.jdbc.exceptions.SQLExceptionsMapping.translateException(SQLExceptionsMapping.java:122)
	at com.mysql.cj.jdbc.StatementImpl.executeInternal(StatementImpl.java:767)
	at com.mysql.cj.jdbc.StatementImpl.execute(StatementImpl.java:652)
	at org.hibernate.tool.schema.internal.exec.GenerationTargetToDatabase.accept(GenerationTargetToDatabase.java:80)
	... 19 more

feb 20, 2026 3:21:58 P. M. org.hibernate.tool.schema.internal.ExceptionHandlerLoggedImpl handleException
WARN: GenerationTarget encountered exception accepting command : Error executing DDL "
    alter table invoice 
       modify column id integer not null" via JDBC [Referencing column 'id' and referenced column 'id' in foreign key constraint 'invoice_ibfk_1' are incompatible.]
org.hibernate.tool.schema.spi.CommandAcceptanceException: Error executing DDL "
    alter table invoice 
       modify column id integer not null" via JDBC [Referencing column 'id' and referenced column 'id' in foreign key constraint 'invoice_ibfk_1' are incompatible.]
	at org.hibernate.tool.schema.internal.exec.GenerationTargetToDatabase.accept(GenerationTargetToDatabase.java:94)
	at org.hibernate.tool.schema.internal.AbstractSchemaMigrator.applySqlString(AbstractSchemaMigrator.java:583)
	at org.hibernate.tool.schema.internal.AbstractSchemaMigrator.applySqlStrings(AbstractSchemaMigrator.java:523)
	at org.hibernate.tool.schema.internal.AbstractSchemaMigrator.migrateTable(AbstractSchemaMigrator.java:341)
	at org.hibernate.tool.schema.internal.GroupedSchemaMigratorImpl.performTablesMigration(GroupedSchemaMigratorImpl.java:84)
	at org.hibernate.tool.schema.internal.AbstractSchemaMigrator.performMigration(AbstractSchemaMigrator.java:240)
	at org.hibernate.tool.schema.internal.AbstractSchemaMigrator.doMigration(AbstractSchemaMigrator.java:119)
	at org.hibernate.tool.schema.spi.SchemaManagementToolCoordinator.performDatabaseAction(SchemaManagementToolCoordinator.java:280)
	at org.hibernate.tool.schema.spi.SchemaManagementToolCoordinator.lambda$process$5(SchemaManagementToolCoordinator.java:144)
	at java.base/java.util.HashMap.forEach(HashMap.java:1429)
	at org.hibernate.tool.schema.spi.SchemaManagementToolCoordinator.process(SchemaManagementToolCoordinator.java:141)
	at org.hibernate.boot.internal.SessionFactoryObserverForSchemaExport.sessionFactoryCreated(SessionFactoryObserverForSchemaExport.java:37)
	at org.hibernate.internal.SessionFactoryObserverChain.sessionFactoryCreated(SessionFactoryObserverChain.java:35)
	at org.hibernate.internal.SessionFactoryImpl.<init>(SessionFactoryImpl.java:322)
	at org.hibernate.boot.internal.SessionFactoryBuilderImpl.build(SessionFactoryBuilderImpl.java:457)
	at org.hibernate.cfg.Configuration.buildSessionFactory(Configuration.java:997)
	at org.hibernate.cfg.Configuration.buildSessionFactory(Configuration.java:1016)
	at com.billing.util.HibernateUtil.initializeSessionFactory(HibernateUtil.java:83)
	at com.billing.util.HibernateUtil.getSessionFactory(HibernateUtil.java:32)
	at com.billing.main.MainApplication.main(MainApplication.java:37)
Caused by: java.sql.SQLException: Referencing column 'id' and referenced column 'id' in foreign key constraint 'invoice_ibfk_1' are incompatible.
	at com.mysql.cj.jdbc.exceptions.SQLError.createSQLException(SQLError.java:130)
	at com.mysql.cj.jdbc.exceptions.SQLExceptionsMapping.translateException(SQLExceptionsMapping.java:122)
	at com.mysql.cj.jdbc.StatementImpl.executeInternal(StatementImpl.java:767)
	at com.mysql.cj.jdbc.StatementImpl.execute(StatementImpl.java:652)
	at org.hibernate.tool.schema.internal.exec.GenerationTargetToDatabase.accept(GenerationTargetToDatabase.java:80)
	... 19 more

feb 20, 2026 3:21:58 P. M. org.hibernate.tool.schema.internal.ExceptionHandlerLoggedImpl handleException
WARN: GenerationTarget encountered exception accepting command : Error executing DDL "
    alter table item 
       modify column id integer not null auto_increment" via JDBC [Referencing column 'item_id' and referenced column 'id' in foreign key constraint 'document_line_ibfk_2' are incompatible.]
org.hibernate.tool.schema.spi.CommandAcceptanceException: Error executing DDL "
    alter table item 
       modify column id integer not null auto_increment" via JDBC [Referencing column 'item_id' and referenced column 'id' in foreign key constraint 'document_line_ibfk_2' are incompatible.]
	at org.hibernate.tool.schema.internal.exec.GenerationTargetToDatabase.accept(GenerationTargetToDatabase.java:94)
	at org.hibernate.tool.schema.internal.AbstractSchemaMigrator.applySqlString(AbstractSchemaMigrator.java:583)
	at org.hibernate.tool.schema.internal.AbstractSchemaMigrator.applySqlStrings(AbstractSchemaMigrator.java:523)
	at org.hibernate.tool.schema.internal.AbstractSchemaMigrator.migrateTable(AbstractSchemaMigrator.java:341)
	at org.hibernate.tool.schema.internal.GroupedSchemaMigratorImpl.performTablesMigration(GroupedSchemaMigratorImpl.java:84)
	at org.hibernate.tool.schema.internal.AbstractSchemaMigrator.performMigration(AbstractSchemaMigrator.java:240)
	at org.hibernate.tool.schema.internal.AbstractSchemaMigrator.doMigration(AbstractSchemaMigrator.java:119)
	at org.hibernate.tool.schema.spi.SchemaManagementToolCoordinator.performDatabaseAction(SchemaManagementToolCoordinator.java:280)
	at org.hibernate.tool.schema.spi.SchemaManagementToolCoordinator.lambda$process$5(SchemaManagementToolCoordinator.java:144)
	at java.base/java.util.HashMap.forEach(HashMap.java:1429)
	at org.hibernate.tool.schema.spi.SchemaManagementToolCoordinator.process(SchemaManagementToolCoordinator.java:141)
	at org.hibernate.boot.internal.SessionFactoryObserverForSchemaExport.sessionFactoryCreated(SessionFactoryObserverForSchemaExport.java:37)
	at org.hibernate.internal.SessionFactoryObserverChain.sessionFactoryCreated(SessionFactoryObserverChain.java:35)
	at org.hibernate.internal.SessionFactoryImpl.<init>(SessionFactoryImpl.java:322)
	at org.hibernate.boot.internal.SessionFactoryBuilderImpl.build(SessionFactoryBuilderImpl.java:457)
	at org.hibernate.cfg.Configuration.buildSessionFactory(Configuration.java:997)
	at org.hibernate.cfg.Configuration.buildSessionFactory(Configuration.java:1016)
	at com.billing.util.HibernateUtil.initializeSessionFactory(HibernateUtil.java:83)
	at com.billing.util.HibernateUtil.getSessionFactory(HibernateUtil.java:32)
	at com.billing.main.MainApplication.main(MainApplication.java:37)
Caused by: java.sql.SQLException: Referencing column 'item_id' and referenced column 'id' in foreign key constraint 'document_line_ibfk_2' are incompatible.
	at com.mysql.cj.jdbc.exceptions.SQLError.createSQLException(SQLError.java:130)
	at com.mysql.cj.jdbc.exceptions.SQLExceptionsMapping.translateException(SQLExceptionsMapping.java:122)
	at com.mysql.cj.jdbc.StatementImpl.executeInternal(StatementImpl.java:767)
	at com.mysql.cj.jdbc.StatementImpl.execute(StatementImpl.java:652)
	at org.hibernate.tool.schema.internal.exec.GenerationTargetToDatabase.accept(GenerationTargetToDatabase.java:80)
	... 19 more

feb 20, 2026 3:21:58 P. M. org.hibernate.tool.schema.internal.ExceptionHandlerLoggedImpl handleException
WARN: GenerationTarget encountered exception accepting command : Error executing DDL "
    alter table item 
       modify column category_code varchar(10)" via JDBC [Cannot change column 'category_code': used in a foreign key constraint 'item_ibfk_2']
org.hibernate.tool.schema.spi.CommandAcceptanceException: Error executing DDL "
    alter table item 
       modify column category_code varchar(10)" via JDBC [Cannot change column 'category_code': used in a foreign key constraint 'item_ibfk_2']
	at org.hibernate.tool.schema.internal.exec.GenerationTargetToDatabase.accept(GenerationTargetToDatabase.java:94)
	at org.hibernate.tool.schema.internal.AbstractSchemaMigrator.applySqlString(AbstractSchemaMigrator.java:583)
	at org.hibernate.tool.schema.internal.AbstractSchemaMigrator.applySqlStrings(AbstractSchemaMigrator.java:523)
	at org.hibernate.tool.schema.internal.AbstractSchemaMigrator.migrateTable(AbstractSchemaMigrator.java:341)
	at org.hibernate.tool.schema.internal.GroupedSchemaMigratorImpl.performTablesMigration(GroupedSchemaMigratorImpl.java:84)
	at org.hibernate.tool.schema.internal.AbstractSchemaMigrator.performMigration(AbstractSchemaMigrator.java:240)
	at org.hibernate.tool.schema.internal.AbstractSchemaMigrator.doMigration(AbstractSchemaMigrator.java:119)
	at org.hibernate.tool.schema.spi.SchemaManagementToolCoordinator.performDatabaseAction(SchemaManagementToolCoordinator.java:280)
	at org.hibernate.tool.schema.spi.SchemaManagementToolCoordinator.lambda$process$5(SchemaManagementToolCoordinator.java:144)
	at java.base/java.util.HashMap.forEach(HashMap.java:1429)
	at org.hibernate.tool.schema.spi.SchemaManagementToolCoordinator.process(SchemaManagementToolCoordinator.java:141)
	at org.hibernate.boot.internal.SessionFactoryObserverForSchemaExport.sessionFactoryCreated(SessionFactoryObserverForSchemaExport.java:37)
	at org.hibernate.internal.SessionFactoryObserverChain.sessionFactoryCreated(SessionFactoryObserverChain.java:35)
	at org.hibernate.internal.SessionFactoryImpl.<init>(SessionFactoryImpl.java:322)
	at org.hibernate.boot.internal.SessionFactoryBuilderImpl.build(SessionFactoryBuilderImpl.java:457)
	at org.hibernate.cfg.Configuration.buildSessionFactory(Configuration.java:997)
	at org.hibernate.cfg.Configuration.buildSessionFactory(Configuration.java:1016)
	at com.billing.util.HibernateUtil.initializeSessionFactory(HibernateUtil.java:83)
	at com.billing.util.HibernateUtil.getSessionFactory(HibernateUtil.java:32)
	at com.billing.main.MainApplication.main(MainApplication.java:37)
Caused by: java.sql.SQLException: Cannot change column 'category_code': used in a foreign key constraint 'item_ibfk_2'
	at com.mysql.cj.jdbc.exceptions.SQLError.createSQLException(SQLError.java:130)
	at com.mysql.cj.jdbc.exceptions.SQLExceptionsMapping.translateException(SQLExceptionsMapping.java:122)
	at com.mysql.cj.jdbc.StatementImpl.executeInternal(StatementImpl.java:767)
	at com.mysql.cj.jdbc.StatementImpl.execute(StatementImpl.java:652)
	at org.hibernate.tool.schema.internal.exec.GenerationTargetToDatabase.accept(GenerationTargetToDatabase.java:80)
	... 19 more

feb 20, 2026 3:21:58 P. M. org.hibernate.tool.schema.internal.ExceptionHandlerLoggedImpl handleException
WARN: GenerationTarget encountered exception accepting command : Error executing DDL "
    alter table item 
       modify column family_code varchar(10)" via JDBC [Cannot change column 'family_code': used in a foreign key constraint 'item_ibfk_1']
org.hibernate.tool.schema.spi.CommandAcceptanceException: Error executing DDL "
    alter table item 
       modify column family_code varchar(10)" via JDBC [Cannot change column 'family_code': used in a foreign key constraint 'item_ibfk_1']
	at org.hibernate.tool.schema.internal.exec.GenerationTargetToDatabase.accept(GenerationTargetToDatabase.java:94)
	at org.hibernate.tool.schema.internal.AbstractSchemaMigrator.applySqlString(AbstractSchemaMigrator.java:583)
	at org.hibernate.tool.schema.internal.AbstractSchemaMigrator.applySqlStrings(AbstractSchemaMigrator.java:523)
	at org.hibernate.tool.schema.internal.AbstractSchemaMigrator.migrateTable(AbstractSchemaMigrator.java:341)
	at org.hibernate.tool.schema.internal.GroupedSchemaMigratorImpl.performTablesMigration(GroupedSchemaMigratorImpl.java:84)
	at org.hibernate.tool.schema.internal.AbstractSchemaMigrator.performMigration(AbstractSchemaMigrator.java:240)
	at org.hibernate.tool.schema.internal.AbstractSchemaMigrator.doMigration(AbstractSchemaMigrator.java:119)
	at org.hibernate.tool.schema.spi.SchemaManagementToolCoordinator.performDatabaseAction(SchemaManagementToolCoordinator.java:280)
	at org.hibernate.tool.schema.spi.SchemaManagementToolCoordinator.lambda$process$5(SchemaManagementToolCoordinator.java:144)
	at java.base/java.util.HashMap.forEach(HashMap.java:1429)
	at org.hibernate.tool.schema.spi.SchemaManagementToolCoordinator.process(SchemaManagementToolCoordinator.java:141)
	at org.hibernate.boot.internal.SessionFactoryObserverForSchemaExport.sessionFactoryCreated(SessionFactoryObserverForSchemaExport.java:37)
	at org.hibernate.internal.SessionFactoryObserverChain.sessionFactoryCreated(SessionFactoryObserverChain.java:35)
	at org.hibernate.internal.SessionFactoryImpl.<init>(SessionFactoryImpl.java:322)
	at org.hibernate.boot.internal.SessionFactoryBuilderImpl.build(SessionFactoryBuilderImpl.java:457)
	at org.hibernate.cfg.Configuration.buildSessionFactory(Configuration.java:997)
	at org.hibernate.cfg.Configuration.buildSessionFactory(Configuration.java:1016)
	at com.billing.util.HibernateUtil.initializeSessionFactory(HibernateUtil.java:83)
	at com.billing.util.HibernateUtil.getSessionFactory(HibernateUtil.java:32)
	at com.billing.main.MainApplication.main(MainApplication.java:37)
Caused by: java.sql.SQLException: Cannot change column 'family_code': used in a foreign key constraint 'item_ibfk_1'
	at com.mysql.cj.jdbc.exceptions.SQLError.createSQLException(SQLError.java:130)
	at com.mysql.cj.jdbc.exceptions.SQLExceptionsMapping.translateException(SQLExceptionsMapping.java:122)
	at com.mysql.cj.jdbc.StatementImpl.executeInternal(StatementImpl.java:767)
	at com.mysql.cj.jdbc.StatementImpl.execute(StatementImpl.java:652)
	at org.hibernate.tool.schema.internal.exec.GenerationTargetToDatabase.accept(GenerationTargetToDatabase.java:80)
	... 19 more

feb 20, 2026 3:21:58 P. M. org.hibernate.tool.schema.internal.ExceptionHandlerLoggedImpl handleException
WARN: GenerationTarget encountered exception accepting command : Error executing DDL "
    alter table item 
       modify column supplier_id integer" via JDBC [Referencing column 'supplier_id' and referenced column 'id' in foreign key constraint 'item_ibfk_4' are incompatible.]
org.hibernate.tool.schema.spi.CommandAcceptanceException: Error executing DDL "
    alter table item 
       modify column supplier_id integer" via JDBC [Referencing column 'supplier_id' and referenced column 'id' in foreign key constraint 'item_ibfk_4' are incompatible.]
	at org.hibernate.tool.schema.internal.exec.GenerationTargetToDatabase.accept(GenerationTargetToDatabase.java:94)
	at org.hibernate.tool.schema.internal.AbstractSchemaMigrator.applySqlString(AbstractSchemaMigrator.java:583)
	at org.hibernate.tool.schema.internal.AbstractSchemaMigrator.applySqlStrings(AbstractSchemaMigrator.java:523)
	at org.hibernate.tool.schema.internal.AbstractSchemaMigrator.migrateTable(AbstractSchemaMigrator.java:341)
	at org.hibernate.tool.schema.internal.GroupedSchemaMigratorImpl.performTablesMigration(GroupedSchemaMigratorImpl.java:84)
	at org.hibernate.tool.schema.internal.AbstractSchemaMigrator.performMigration(AbstractSchemaMigrator.java:240)
	at org.hibernate.tool.schema.internal.AbstractSchemaMigrator.doMigration(AbstractSchemaMigrator.java:119)
	at org.hibernate.tool.schema.spi.SchemaManagementToolCoordinator.performDatabaseAction(SchemaManagementToolCoordinator.java:280)
	at org.hibernate.tool.schema.spi.SchemaManagementToolCoordinator.lambda$process$5(SchemaManagementToolCoordinator.java:144)
	at java.base/java.util.HashMap.forEach(HashMap.java:1429)
	at org.hibernate.tool.schema.spi.SchemaManagementToolCoordinator.process(SchemaManagementToolCoordinator.java:141)
	at org.hibernate.boot.internal.SessionFactoryObserverForSchemaExport.sessionFactoryCreated(SessionFactoryObserverForSchemaExport.java:37)
	at org.hibernate.internal.SessionFactoryObserverChain.sessionFactoryCreated(SessionFactoryObserverChain.java:35)
	at org.hibernate.internal.SessionFactoryImpl.<init>(SessionFactoryImpl.java:322)
	at org.hibernate.boot.internal.SessionFactoryBuilderImpl.build(SessionFactoryBuilderImpl.java:457)
	at org.hibernate.cfg.Configuration.buildSessionFactory(Configuration.java:997)
	at org.hibernate.cfg.Configuration.buildSessionFactory(Configuration.java:1016)
	at com.billing.util.HibernateUtil.initializeSessionFactory(HibernateUtil.java:83)
	at com.billing.util.HibernateUtil.getSessionFactory(HibernateUtil.java:32)
	at com.billing.main.MainApplication.main(MainApplication.java:37)
Caused by: java.sql.SQLException: Referencing column 'supplier_id' and referenced column 'id' in foreign key constraint 'item_ibfk_4' are incompatible.
	at com.mysql.cj.jdbc.exceptions.SQLError.createSQLException(SQLError.java:130)
	at com.mysql.cj.jdbc.exceptions.SQLExceptionsMapping.translateException(SQLExceptionsMapping.java:122)
	at com.mysql.cj.jdbc.StatementImpl.executeInternal(StatementImpl.java:767)
	at com.mysql.cj.jdbc.StatementImpl.execute(StatementImpl.java:652)
	at org.hibernate.tool.schema.internal.exec.GenerationTargetToDatabase.accept(GenerationTargetToDatabase.java:80)
	... 19 more

feb 20, 2026 3:21:58 P. M. org.hibernate.tool.schema.internal.ExceptionHandlerLoggedImpl handleException
WARN: GenerationTarget encountered exception accepting command : Error executing DDL "
    alter table item_categories 
       modify column code varchar(10) not null" via JDBC [Cannot change column 'code': used in a foreign key constraint 'item_ibfk_2' of table 'facturacio.item']
org.hibernate.tool.schema.spi.CommandAcceptanceException: Error executing DDL "
    alter table item_categories 
       modify column code varchar(10) not null" via JDBC [Cannot change column 'code': used in a foreign key constraint 'item_ibfk_2' of table 'facturacio.item']
	at org.hibernate.tool.schema.internal.exec.GenerationTargetToDatabase.accept(GenerationTargetToDatabase.java:94)
	at org.hibernate.tool.schema.internal.AbstractSchemaMigrator.applySqlString(AbstractSchemaMigrator.java:583)
	at org.hibernate.tool.schema.internal.AbstractSchemaMigrator.applySqlStrings(AbstractSchemaMigrator.java:523)
	at org.hibernate.tool.schema.internal.AbstractSchemaMigrator.migrateTable(AbstractSchemaMigrator.java:341)
	at org.hibernate.tool.schema.internal.GroupedSchemaMigratorImpl.performTablesMigration(GroupedSchemaMigratorImpl.java:84)
	at org.hibernate.tool.schema.internal.AbstractSchemaMigrator.performMigration(AbstractSchemaMigrator.java:240)
	at org.hibernate.tool.schema.internal.AbstractSchemaMigrator.doMigration(AbstractSchemaMigrator.java:119)
	at org.hibernate.tool.schema.spi.SchemaManagementToolCoordinator.performDatabaseAction(SchemaManagementToolCoordinator.java:280)
	at org.hibernate.tool.schema.spi.SchemaManagementToolCoordinator.lambda$process$5(SchemaManagementToolCoordinator.java:144)
	at java.base/java.util.HashMap.forEach(HashMap.java:1429)
	at org.hibernate.tool.schema.spi.SchemaManagementToolCoordinator.process(SchemaManagementToolCoordinator.java:141)
	at org.hibernate.boot.internal.SessionFactoryObserverForSchemaExport.sessionFactoryCreated(SessionFactoryObserverForSchemaExport.java:37)
	at org.hibernate.internal.SessionFactoryObserverChain.sessionFactoryCreated(SessionFactoryObserverChain.java:35)
	at org.hibernate.internal.SessionFactoryImpl.<init>(SessionFactoryImpl.java:322)
	at org.hibernate.boot.internal.SessionFactoryBuilderImpl.build(SessionFactoryBuilderImpl.java:457)
	at org.hibernate.cfg.Configuration.buildSessionFactory(Configuration.java:997)
	at org.hibernate.cfg.Configuration.buildSessionFactory(Configuration.java:1016)
	at com.billing.util.HibernateUtil.initializeSessionFactory(HibernateUtil.java:83)
	at com.billing.util.HibernateUtil.getSessionFactory(HibernateUtil.java:32)
	at com.billing.main.MainApplication.main(MainApplication.java:37)
Caused by: java.sql.SQLException: Cannot change column 'code': used in a foreign key constraint 'item_ibfk_2' of table 'facturacio.item'
	at com.mysql.cj.jdbc.exceptions.SQLError.createSQLException(SQLError.java:130)
	at com.mysql.cj.jdbc.exceptions.SQLExceptionsMapping.translateException(SQLExceptionsMapping.java:122)
	at com.mysql.cj.jdbc.StatementImpl.executeInternal(StatementImpl.java:767)
	at com.mysql.cj.jdbc.StatementImpl.execute(StatementImpl.java:652)
	at org.hibernate.tool.schema.internal.exec.GenerationTargetToDatabase.accept(GenerationTargetToDatabase.java:80)
	... 19 more

feb 20, 2026 3:21:58 P. M. org.hibernate.tool.schema.internal.ExceptionHandlerLoggedImpl handleException
WARN: GenerationTarget encountered exception accepting command : Error executing DDL "
    alter table item_families 
       modify column code varchar(10) not null" via JDBC [Cannot change column 'code': used in a foreign key constraint 'item_ibfk_1' of table 'facturacio.item']
org.hibernate.tool.schema.spi.CommandAcceptanceException: Error executing DDL "
    alter table item_families 
       modify column code varchar(10) not null" via JDBC [Cannot change column 'code': used in a foreign key constraint 'item_ibfk_1' of table 'facturacio.item']
	at org.hibernate.tool.schema.internal.exec.GenerationTargetToDatabase.accept(GenerationTargetToDatabase.java:94)
	at org.hibernate.tool.schema.internal.AbstractSchemaMigrator.applySqlString(AbstractSchemaMigrator.java:583)
	at org.hibernate.tool.schema.internal.AbstractSchemaMigrator.applySqlStrings(AbstractSchemaMigrator.java:523)
	at org.hibernate.tool.schema.internal.AbstractSchemaMigrator.migrateTable(AbstractSchemaMigrator.java:341)
	at org.hibernate.tool.schema.internal.GroupedSchemaMigratorImpl.performTablesMigration(GroupedSchemaMigratorImpl.java:84)
	at org.hibernate.tool.schema.internal.AbstractSchemaMigrator.performMigration(AbstractSchemaMigrator.java:240)
	at org.hibernate.tool.schema.internal.AbstractSchemaMigrator.doMigration(AbstractSchemaMigrator.java:119)
	at org.hibernate.tool.schema.spi.SchemaManagementToolCoordinator.performDatabaseAction(SchemaManagementToolCoordinator.java:280)
	at org.hibernate.tool.schema.spi.SchemaManagementToolCoordinator.lambda$process$5(SchemaManagementToolCoordinator.java:144)
	at java.base/java.util.HashMap.forEach(HashMap.java:1429)
	at org.hibernate.tool.schema.spi.SchemaManagementToolCoordinator.process(SchemaManagementToolCoordinator.java:141)
	at org.hibernate.boot.internal.SessionFactoryObserverForSchemaExport.sessionFactoryCreated(SessionFactoryObserverForSchemaExport.java:37)
	at org.hibernate.internal.SessionFactoryObserverChain.sessionFactoryCreated(SessionFactoryObserverChain.java:35)
	at org.hibernate.internal.SessionFactoryImpl.<init>(SessionFactoryImpl.java:322)
	at org.hibernate.boot.internal.SessionFactoryBuilderImpl.build(SessionFactoryBuilderImpl.java:457)
	at org.hibernate.cfg.Configuration.buildSessionFactory(Configuration.java:997)
	at org.hibernate.cfg.Configuration.buildSessionFactory(Configuration.java:1016)
	at com.billing.util.HibernateUtil.initializeSessionFactory(HibernateUtil.java:83)
	at com.billing.util.HibernateUtil.getSessionFactory(HibernateUtil.java:32)
	at com.billing.main.MainApplication.main(MainApplication.java:37)
Caused by: java.sql.SQLException: Cannot change column 'code': used in a foreign key constraint 'item_ibfk_1' of table 'facturacio.item'
	at com.mysql.cj.jdbc.exceptions.SQLError.createSQLException(SQLError.java:130)
	at com.mysql.cj.jdbc.exceptions.SQLExceptionsMapping.translateException(SQLExceptionsMapping.java:122)
	at com.mysql.cj.jdbc.StatementImpl.executeInternal(StatementImpl.java:767)
	at com.mysql.cj.jdbc.StatementImpl.execute(StatementImpl.java:652)
	at org.hibernate.tool.schema.internal.exec.GenerationTargetToDatabase.accept(GenerationTargetToDatabase.java:80)
	... 19 more

feb 20, 2026 3:21:58 P. M. org.hibernate.tool.schema.internal.ExceptionHandlerLoggedImpl handleException
WARN: GenerationTarget encountered exception accepting command : Error executing DDL "
    alter table party 
       modify column id integer not null auto_increment" via JDBC [Referencing column 'party_id' and referenced column 'id' in foreign key constraint 'business_document_ibfk_1' are incompatible.]
org.hibernate.tool.schema.spi.CommandAcceptanceException: Error executing DDL "
    alter table party 
       modify column id integer not null auto_increment" via JDBC [Referencing column 'party_id' and referenced column 'id' in foreign key constraint 'business_document_ibfk_1' are incompatible.]
	at org.hibernate.tool.schema.internal.exec.GenerationTargetToDatabase.accept(GenerationTargetToDatabase.java:94)
	at org.hibernate.tool.schema.internal.AbstractSchemaMigrator.applySqlString(AbstractSchemaMigrator.java:583)
	at org.hibernate.tool.schema.internal.AbstractSchemaMigrator.applySqlStrings(AbstractSchemaMigrator.java:523)
	at org.hibernate.tool.schema.internal.AbstractSchemaMigrator.migrateTable(AbstractSchemaMigrator.java:341)
	at org.hibernate.tool.schema.internal.GroupedSchemaMigratorImpl.performTablesMigration(GroupedSchemaMigratorImpl.java:84)
	at org.hibernate.tool.schema.internal.AbstractSchemaMigrator.performMigration(AbstractSchemaMigrator.java:240)
	at org.hibernate.tool.schema.internal.AbstractSchemaMigrator.doMigration(AbstractSchemaMigrator.java:119)
	at org.hibernate.tool.schema.spi.SchemaManagementToolCoordinator.performDatabaseAction(SchemaManagementToolCoordinator.java:280)
	at org.hibernate.tool.schema.spi.SchemaManagementToolCoordinator.lambda$process$5(SchemaManagementToolCoordinator.java:144)
	at java.base/java.util.HashMap.forEach(HashMap.java:1429)
	at org.hibernate.tool.schema.spi.SchemaManagementToolCoordinator.process(SchemaManagementToolCoordinator.java:141)
	at org.hibernate.boot.internal.SessionFactoryObserverForSchemaExport.sessionFactoryCreated(SessionFactoryObserverForSchemaExport.java:37)
	at org.hibernate.internal.SessionFactoryObserverChain.sessionFactoryCreated(SessionFactoryObserverChain.java:35)
	at org.hibernate.internal.SessionFactoryImpl.<init>(SessionFactoryImpl.java:322)
	at org.hibernate.boot.internal.SessionFactoryBuilderImpl.build(SessionFactoryBuilderImpl.java:457)
	at org.hibernate.cfg.Configuration.buildSessionFactory(Configuration.java:997)
	at org.hibernate.cfg.Configuration.buildSessionFactory(Configuration.java:1016)
	at com.billing.util.HibernateUtil.initializeSessionFactory(HibernateUtil.java:83)
	at com.billing.util.HibernateUtil.getSessionFactory(HibernateUtil.java:32)
	at com.billing.main.MainApplication.main(MainApplication.java:37)
Caused by: java.sql.SQLException: Referencing column 'party_id' and referenced column 'id' in foreign key constraint 'business_document_ibfk_1' are incompatible.
	at com.mysql.cj.jdbc.exceptions.SQLError.createSQLException(SQLError.java:130)
	at com.mysql.cj.jdbc.exceptions.SQLExceptionsMapping.translateException(SQLExceptionsMapping.java:122)
	at com.mysql.cj.jdbc.StatementImpl.executeInternal(StatementImpl.java:767)
	at com.mysql.cj.jdbc.StatementImpl.execute(StatementImpl.java:652)
	at org.hibernate.tool.schema.internal.exec.GenerationTargetToDatabase.accept(GenerationTargetToDatabase.java:80)
	... 19 more

feb 20, 2026 3:21:58 P. M. org.hibernate.tool.schema.internal.ExceptionHandlerLoggedImpl handleException
WARN: GenerationTarget encountered exception accepting command : Error executing DDL "
    alter table supplier 
       modify column id integer not null" via JDBC [Referencing column 'id' and referenced column 'id' in foreign key constraint 'supplier_ibfk_1' are incompatible.]
org.hibernate.tool.schema.spi.CommandAcceptanceException: Error executing DDL "
    alter table supplier 
       modify column id integer not null" via JDBC [Referencing column 'id' and referenced column 'id' in foreign key constraint 'supplier_ibfk_1' are incompatible.]
	at org.hibernate.tool.schema.internal.exec.GenerationTargetToDatabase.accept(GenerationTargetToDatabase.java:94)
	at org.hibernate.tool.schema.internal.AbstractSchemaMigrator.applySqlString(AbstractSchemaMigrator.java:583)
	at org.hibernate.tool.schema.internal.AbstractSchemaMigrator.applySqlStrings(AbstractSchemaMigrator.java:523)
	at org.hibernate.tool.schema.internal.AbstractSchemaMigrator.migrateTable(AbstractSchemaMigrator.java:341)
	at org.hibernate.tool.schema.internal.GroupedSchemaMigratorImpl.performTablesMigration(GroupedSchemaMigratorImpl.java:84)
	at org.hibernate.tool.schema.internal.AbstractSchemaMigrator.performMigration(AbstractSchemaMigrator.java:240)
	at org.hibernate.tool.schema.internal.AbstractSchemaMigrator.doMigration(AbstractSchemaMigrator.java:119)
	at org.hibernate.tool.schema.spi.SchemaManagementToolCoordinator.performDatabaseAction(SchemaManagementToolCoordinator.java:280)
	at org.hibernate.tool.schema.spi.SchemaManagementToolCoordinator.lambda$process$5(SchemaManagementToolCoordinator.java:144)
	at java.base/java.util.HashMap.forEach(HashMap.java:1429)
	at org.hibernate.tool.schema.spi.SchemaManagementToolCoordinator.process(SchemaManagementToolCoordinator.java:141)
	at org.hibernate.boot.internal.SessionFactoryObserverForSchemaExport.sessionFactoryCreated(SessionFactoryObserverForSchemaExport.java:37)
	at org.hibernate.internal.SessionFactoryObserverChain.sessionFactoryCreated(SessionFactoryObserverChain.java:35)
	at org.hibernate.internal.SessionFactoryImpl.<init>(SessionFactoryImpl.java:322)
	at org.hibernate.boot.internal.SessionFactoryBuilderImpl.build(SessionFactoryBuilderImpl.java:457)
	at org.hibernate.cfg.Configuration.buildSessionFactory(Configuration.java:997)
	at org.hibernate.cfg.Configuration.buildSessionFactory(Configuration.java:1016)
	at com.billing.util.HibernateUtil.initializeSessionFactory(HibernateUtil.java:83)
	at com.billing.util.HibernateUtil.getSessionFactory(HibernateUtil.java:32)
	at com.billing.main.MainApplication.main(MainApplication.java:37)
Caused by: java.sql.SQLException: Referencing column 'id' and referenced column 'id' in foreign key constraint 'supplier_ibfk_1' are incompatible.
	at com.mysql.cj.jdbc.exceptions.SQLError.createSQLException(SQLError.java:130)
	at com.mysql.cj.jdbc.exceptions.SQLExceptionsMapping.translateException(SQLExceptionsMapping.java:122)
	at com.mysql.cj.jdbc.StatementImpl.executeInternal(StatementImpl.java:767)
	at com.mysql.cj.jdbc.StatementImpl.execute(StatementImpl.java:652)
	at org.hibernate.tool.schema.internal.exec.GenerationTargetToDatabase.accept(GenerationTargetToDatabase.java:80)
	... 19 more

feb 20, 2026 3:21:59 P. M. com.billing.util.HibernateUtil initializeSessionFactory
INFO: Hibernate SessionFactory initialized successfully for MySQL database
feb 20, 2026 3:21:59 P. M. com.billing.service.ClientService <init>
INFO: ClientService initialized with PartyRepository
feb 20, 2026 3:21:59 P. M. com.billing.service.SupplierService <init>
INFO: SupplierService initialized with PartyRepository
feb 20, 2026 3:22:01 P. M. com.billing.main.MainApplication lambda$1
INFO: Application started successfully with MySQL database
feb 20, 2026 3:34:51 P. M. com.billing.main.MainApplication main
INFO: Initializing Hibernate with MySQL database...
feb 20, 2026 3:34:51 P. M. com.billing.util.HibernateUtil initializeSessionFactory
INFO: Initializing Hibernate SessionFactory with hibernate.cfg.xml...
feb 20, 2026 3:34:51 P. M. com.billing.util.HibernateUtil initializeSessionFactory
INFO: Configuration file found at: file:/C:/Users/albag/Documents/2o/ACCESO%20DATOS/TEMA%203/Hibernate/target/classes/hibernate.cfg.xml
feb 20, 2026 3:34:51 P. M. org.hibernate.Version logVersion
INFO: HHH000412: Hibernate ORM core version 6.5.3.Final
feb 20, 2026 3:34:51 P. M. org.hibernate.cache.internal.RegionFactoryInitiator initiateService
INFO: HHH000026: Second-level cache disabled
feb 20, 2026 3:34:51 P. M. org.hibernate.engine.jdbc.connections.internal.DriverManagerConnectionProviderImpl configure
WARN: HHH10001002: Using built-in connection pool (not intended for production use)
feb 20, 2026 3:34:51 P. M. org.hibernate.engine.jdbc.connections.internal.DriverManagerConnectionProviderImpl buildCreator
INFO: HHH10001005: Loaded JDBC driver class: com.mysql.cj.jdbc.Driver
feb 20, 2026 3:34:51 P. M. org.hibernate.engine.jdbc.connections.internal.DriverManagerConnectionProviderImpl buildCreator
INFO: HHH10001012: Connecting with JDBC URL [jdbc:mysql://localhost:3306/facturacio?useSSL=false&serverTimezone=UTC&allowPublicKeyRetrieval=true]
feb 20, 2026 3:34:51 P. M. org.hibernate.engine.jdbc.connections.internal.DriverManagerConnectionProviderImpl buildCreator
INFO: HHH10001001: Connection properties: {password=****, user=usuario}
feb 20, 2026 3:34:51 P. M. org.hibernate.engine.jdbc.connections.internal.DriverManagerConnectionProviderImpl buildCreator
INFO: HHH10001003: Autocommit mode: false
feb 20, 2026 3:34:51 P. M. org.hibernate.engine.jdbc.connections.internal.DriverManagerConnectionProviderImpl$PooledConnections <init>
INFO: HHH10001115: Connection pool size: 1 (min=1)
feb 20, 2026 3:34:52 P. M. org.hibernate.engine.jdbc.dialect.internal.DialectFactoryImpl constructDialect
WARN: HHH90000025: MySQL8Dialect does not need to be specified explicitly using 'hibernate.dialect' (remove the property setting and it will be selected by default)
feb 20, 2026 3:34:52 P. M. org.hibernate.engine.jdbc.dialect.internal.DialectFactoryImpl logSelectedDialect
WARN: HHH90000026: MySQL8Dialect has been deprecated; use org.hibernate.dialect.MySQLDialect instead
feb 20, 2026 3:34:53 P. M. org.hibernate.resource.transaction.backend.jdbc.internal.DdlTransactionIsolatorNonJtaImpl getIsolatedConnection
INFO: HHH10001501: Connection obtained from JdbcConnectionAccess [org.hibernate.engine.jdbc.env.internal.JdbcEnvironmentInitiator$ConnectionProviderJdbcConnectionAccess@68a5aadd] for (non-JTA) DDL execution was not in auto-commit mode; the Connection 'local transaction' will be committed and the Connection will be set into auto-commit mode.
feb 20, 2026 3:34:53 P. M. org.hibernate.tool.schema.internal.ExceptionHandlerLoggedImpl handleException
WARN: GenerationTarget encountered exception accepting command : Error executing DDL "
    alter table business_document 
       modify column id integer not null auto_increment" via JDBC [Referencing column 'id' and referenced column 'id' in foreign key constraint 'delivery_note_ibfk_1' are incompatible.]
org.hibernate.tool.schema.spi.CommandAcceptanceException: Error executing DDL "
    alter table business_document 
       modify column id integer not null auto_increment" via JDBC [Referencing column 'id' and referenced column 'id' in foreign key constraint 'delivery_note_ibfk_1' are incompatible.]
	at org.hibernate.tool.schema.internal.exec.GenerationTargetToDatabase.accept(GenerationTargetToDatabase.java:94)
	at org.hibernate.tool.schema.internal.AbstractSchemaMigrator.applySqlString(AbstractSchemaMigrator.java:583)
	at org.hibernate.tool.schema.internal.AbstractSchemaMigrator.applySqlStrings(AbstractSchemaMigrator.java:523)
	at org.hibernate.tool.schema.internal.AbstractSchemaMigrator.migrateTable(AbstractSchemaMigrator.java:341)
	at org.hibernate.tool.schema.internal.GroupedSchemaMigratorImpl.performTablesMigration(GroupedSchemaMigratorImpl.java:84)
	at org.hibernate.tool.schema.internal.AbstractSchemaMigrator.performMigration(AbstractSchemaMigrator.java:240)
	at org.hibernate.tool.schema.internal.AbstractSchemaMigrator.doMigration(AbstractSchemaMigrator.java:119)
	at org.hibernate.tool.schema.spi.SchemaManagementToolCoordinator.performDatabaseAction(SchemaManagementToolCoordinator.java:280)
	at org.hibernate.tool.schema.spi.SchemaManagementToolCoordinator.lambda$process$5(SchemaManagementToolCoordinator.java:144)
	at java.base/java.util.HashMap.forEach(HashMap.java:1429)
	at org.hibernate.tool.schema.spi.SchemaManagementToolCoordinator.process(SchemaManagementToolCoordinator.java:141)
	at org.hibernate.boot.internal.SessionFactoryObserverForSchemaExport.sessionFactoryCreated(SessionFactoryObserverForSchemaExport.java:37)
	at org.hibernate.internal.SessionFactoryObserverChain.sessionFactoryCreated(SessionFactoryObserverChain.java:35)
	at org.hibernate.internal.SessionFactoryImpl.<init>(SessionFactoryImpl.java:322)
	at org.hibernate.boot.internal.SessionFactoryBuilderImpl.build(SessionFactoryBuilderImpl.java:457)
	at org.hibernate.cfg.Configuration.buildSessionFactory(Configuration.java:997)
	at org.hibernate.cfg.Configuration.buildSessionFactory(Configuration.java:1016)
	at com.billing.util.HibernateUtil.initializeSessionFactory(HibernateUtil.java:83)
	at com.billing.util.HibernateUtil.getSessionFactory(HibernateUtil.java:32)
	at com.billing.main.MainApplication.main(MainApplication.java:37)
Caused by: java.sql.SQLException: Referencing column 'id' and referenced column 'id' in foreign key constraint 'delivery_note_ibfk_1' are incompatible.
	at com.mysql.cj.jdbc.exceptions.SQLError.createSQLException(SQLError.java:130)
	at com.mysql.cj.jdbc.exceptions.SQLExceptionsMapping.translateException(SQLExceptionsMapping.java:122)
	at com.mysql.cj.jdbc.StatementImpl.executeInternal(StatementImpl.java:767)
	at com.mysql.cj.jdbc.StatementImpl.execute(StatementImpl.java:652)
	at org.hibernate.tool.schema.internal.exec.GenerationTargetToDatabase.accept(GenerationTargetToDatabase.java:80)
	... 19 more

feb 20, 2026 3:34:53 P. M. org.hibernate.tool.schema.internal.ExceptionHandlerLoggedImpl handleException
WARN: GenerationTarget encountered exception accepting command : Error executing DDL "
    alter table business_document 
       modify column party_id integer" via JDBC [Referencing column 'party_id' and referenced column 'id' in foreign key constraint 'business_document_ibfk_1' are incompatible.]
org.hibernate.tool.schema.spi.CommandAcceptanceException: Error executing DDL "
    alter table business_document 
       modify column party_id integer" via JDBC [Referencing column 'party_id' and referenced column 'id' in foreign key constraint 'business_document_ibfk_1' are incompatible.]
	at org.hibernate.tool.schema.internal.exec.GenerationTargetToDatabase.accept(GenerationTargetToDatabase.java:94)
	at org.hibernate.tool.schema.internal.AbstractSchemaMigrator.applySqlString(AbstractSchemaMigrator.java:583)
	at org.hibernate.tool.schema.internal.AbstractSchemaMigrator.applySqlStrings(AbstractSchemaMigrator.java:523)
	at org.hibernate.tool.schema.internal.AbstractSchemaMigrator.migrateTable(AbstractSchemaMigrator.java:341)
	at org.hibernate.tool.schema.internal.GroupedSchemaMigratorImpl.performTablesMigration(GroupedSchemaMigratorImpl.java:84)
	at org.hibernate.tool.schema.internal.AbstractSchemaMigrator.performMigration(AbstractSchemaMigrator.java:240)
	at org.hibernate.tool.schema.internal.AbstractSchemaMigrator.doMigration(AbstractSchemaMigrator.java:119)
	at org.hibernate.tool.schema.spi.SchemaManagementToolCoordinator.performDatabaseAction(SchemaManagementToolCoordinator.java:280)
	at org.hibernate.tool.schema.spi.SchemaManagementToolCoordinator.lambda$process$5(SchemaManagementToolCoordinator.java:144)
	at java.base/java.util.HashMap.forEach(HashMap.java:1429)
	at org.hibernate.tool.schema.spi.SchemaManagementToolCoordinator.process(SchemaManagementToolCoordinator.java:141)
	at org.hibernate.boot.internal.SessionFactoryObserverForSchemaExport.sessionFactoryCreated(SessionFactoryObserverForSchemaExport.java:37)
	at org.hibernate.internal.SessionFactoryObserverChain.sessionFactoryCreated(SessionFactoryObserverChain.java:35)
	at org.hibernate.internal.SessionFactoryImpl.<init>(SessionFactoryImpl.java:322)
	at org.hibernate.boot.internal.SessionFactoryBuilderImpl.build(SessionFactoryBuilderImpl.java:457)
	at org.hibernate.cfg.Configuration.buildSessionFactory(Configuration.java:997)
	at org.hibernate.cfg.Configuration.buildSessionFactory(Configuration.java:1016)
	at com.billing.util.HibernateUtil.initializeSessionFactory(HibernateUtil.java:83)
	at com.billing.util.HibernateUtil.getSessionFactory(HibernateUtil.java:32)
	at com.billing.main.MainApplication.main(MainApplication.java:37)
Caused by: java.sql.SQLException: Referencing column 'party_id' and referenced column 'id' in foreign key constraint 'business_document_ibfk_1' are incompatible.
	at com.mysql.cj.jdbc.exceptions.SQLError.createSQLException(SQLError.java:130)
	at com.mysql.cj.jdbc.exceptions.SQLExceptionsMapping.translateException(SQLExceptionsMapping.java:122)
	at com.mysql.cj.jdbc.StatementImpl.executeInternal(StatementImpl.java:767)
	at com.mysql.cj.jdbc.StatementImpl.execute(StatementImpl.java:652)
	at org.hibernate.tool.schema.internal.exec.GenerationTargetToDatabase.accept(GenerationTargetToDatabase.java:80)
	... 19 more

feb 20, 2026 3:34:53 P. M. org.hibernate.tool.schema.internal.ExceptionHandlerLoggedImpl handleException
WARN: GenerationTarget encountered exception accepting command : Error executing DDL "
    alter table client 
       modify column id integer not null" via JDBC [Referencing column 'id' and referenced column 'id' in foreign key constraint 'client_ibfk_1' are incompatible.]
org.hibernate.tool.schema.spi.CommandAcceptanceException: Error executing DDL "
    alter table client 
       modify column id integer not null" via JDBC [Referencing column 'id' and referenced column 'id' in foreign key constraint 'client_ibfk_1' are incompatible.]
	at org.hibernate.tool.schema.internal.exec.GenerationTargetToDatabase.accept(GenerationTargetToDatabase.java:94)
	at org.hibernate.tool.schema.internal.AbstractSchemaMigrator.applySqlString(AbstractSchemaMigrator.java:583)
	at org.hibernate.tool.schema.internal.AbstractSchemaMigrator.applySqlStrings(AbstractSchemaMigrator.java:523)
	at org.hibernate.tool.schema.internal.AbstractSchemaMigrator.migrateTable(AbstractSchemaMigrator.java:341)
	at org.hibernate.tool.schema.internal.GroupedSchemaMigratorImpl.performTablesMigration(GroupedSchemaMigratorImpl.java:84)
	at org.hibernate.tool.schema.internal.AbstractSchemaMigrator.performMigration(AbstractSchemaMigrator.java:240)
	at org.hibernate.tool.schema.internal.AbstractSchemaMigrator.doMigration(AbstractSchemaMigrator.java:119)
	at org.hibernate.tool.schema.spi.SchemaManagementToolCoordinator.performDatabaseAction(SchemaManagementToolCoordinator.java:280)
	at org.hibernate.tool.schema.spi.SchemaManagementToolCoordinator.lambda$process$5(SchemaManagementToolCoordinator.java:144)
	at java.base/java.util.HashMap.forEach(HashMap.java:1429)
	at org.hibernate.tool.schema.spi.SchemaManagementToolCoordinator.process(SchemaManagementToolCoordinator.java:141)
	at org.hibernate.boot.internal.SessionFactoryObserverForSchemaExport.sessionFactoryCreated(SessionFactoryObserverForSchemaExport.java:37)
	at org.hibernate.internal.SessionFactoryObserverChain.sessionFactoryCreated(SessionFactoryObserverChain.java:35)
	at org.hibernate.internal.SessionFactoryImpl.<init>(SessionFactoryImpl.java:322)
	at org.hibernate.boot.internal.SessionFactoryBuilderImpl.build(SessionFactoryBuilderImpl.java:457)
	at org.hibernate.cfg.Configuration.buildSessionFactory(Configuration.java:997)
	at org.hibernate.cfg.Configuration.buildSessionFactory(Configuration.java:1016)
	at com.billing.util.HibernateUtil.initializeSessionFactory(HibernateUtil.java:83)
	at com.billing.util.HibernateUtil.getSessionFactory(HibernateUtil.java:32)
	at com.billing.main.MainApplication.main(MainApplication.java:37)
Caused by: java.sql.SQLException: Referencing column 'id' and referenced column 'id' in foreign key constraint 'client_ibfk_1' are incompatible.
	at com.mysql.cj.jdbc.exceptions.SQLError.createSQLException(SQLError.java:130)
	at com.mysql.cj.jdbc.exceptions.SQLExceptionsMapping.translateException(SQLExceptionsMapping.java:122)
	at com.mysql.cj.jdbc.StatementImpl.executeInternal(StatementImpl.java:767)
	at com.mysql.cj.jdbc.StatementImpl.execute(StatementImpl.java:652)
	at org.hibernate.tool.schema.internal.exec.GenerationTargetToDatabase.accept(GenerationTargetToDatabase.java:80)
	... 19 more

feb 20, 2026 3:34:53 P. M. org.hibernate.tool.schema.internal.ExceptionHandlerLoggedImpl handleException
WARN: GenerationTarget encountered exception accepting command : Error executing DDL "
    alter table delivery_note 
       modify column id integer not null" via JDBC [Referencing column 'id' and referenced column 'id' in foreign key constraint 'delivery_note_ibfk_1' are incompatible.]
org.hibernate.tool.schema.spi.CommandAcceptanceException: Error executing DDL "
    alter table delivery_note 
       modify column id integer not null" via JDBC [Referencing column 'id' and referenced column 'id' in foreign key constraint 'delivery_note_ibfk_1' are incompatible.]
	at org.hibernate.tool.schema.internal.exec.GenerationTargetToDatabase.accept(GenerationTargetToDatabase.java:94)
	at org.hibernate.tool.schema.internal.AbstractSchemaMigrator.applySqlString(AbstractSchemaMigrator.java:583)
	at org.hibernate.tool.schema.internal.AbstractSchemaMigrator.applySqlStrings(AbstractSchemaMigrator.java:523)
	at org.hibernate.tool.schema.internal.AbstractSchemaMigrator.migrateTable(AbstractSchemaMigrator.java:341)
	at org.hibernate.tool.schema.internal.GroupedSchemaMigratorImpl.performTablesMigration(GroupedSchemaMigratorImpl.java:84)
	at org.hibernate.tool.schema.internal.AbstractSchemaMigrator.performMigration(AbstractSchemaMigrator.java:240)
	at org.hibernate.tool.schema.internal.AbstractSchemaMigrator.doMigration(AbstractSchemaMigrator.java:119)
	at org.hibernate.tool.schema.spi.SchemaManagementToolCoordinator.performDatabaseAction(SchemaManagementToolCoordinator.java:280)
	at org.hibernate.tool.schema.spi.SchemaManagementToolCoordinator.lambda$process$5(SchemaManagementToolCoordinator.java:144)
	at java.base/java.util.HashMap.forEach(HashMap.java:1429)
	at org.hibernate.tool.schema.spi.SchemaManagementToolCoordinator.process(SchemaManagementToolCoordinator.java:141)
	at org.hibernate.boot.internal.SessionFactoryObserverForSchemaExport.sessionFactoryCreated(SessionFactoryObserverForSchemaExport.java:37)
	at org.hibernate.internal.SessionFactoryObserverChain.sessionFactoryCreated(SessionFactoryObserverChain.java:35)
	at org.hibernate.internal.SessionFactoryImpl.<init>(SessionFactoryImpl.java:322)
	at org.hibernate.boot.internal.SessionFactoryBuilderImpl.build(SessionFactoryBuilderImpl.java:457)
	at org.hibernate.cfg.Configuration.buildSessionFactory(Configuration.java:997)
	at org.hibernate.cfg.Configuration.buildSessionFactory(Configuration.java:1016)
	at com.billing.util.HibernateUtil.initializeSessionFactory(HibernateUtil.java:83)
	at com.billing.util.HibernateUtil.getSessionFactory(HibernateUtil.java:32)
	at com.billing.main.MainApplication.main(MainApplication.java:37)
Caused by: java.sql.SQLException: Referencing column 'id' and referenced column 'id' in foreign key constraint 'delivery_note_ibfk_1' are incompatible.
	at com.mysql.cj.jdbc.exceptions.SQLError.createSQLException(SQLError.java:130)
	at com.mysql.cj.jdbc.exceptions.SQLExceptionsMapping.translateException(SQLExceptionsMapping.java:122)
	at com.mysql.cj.jdbc.StatementImpl.executeInternal(StatementImpl.java:767)
	at com.mysql.cj.jdbc.StatementImpl.execute(StatementImpl.java:652)
	at org.hibernate.tool.schema.internal.exec.GenerationTargetToDatabase.accept(GenerationTargetToDatabase.java:80)
	... 19 more

feb 20, 2026 3:34:53 P. M. org.hibernate.tool.schema.internal.ExceptionHandlerLoggedImpl handleException
WARN: GenerationTarget encountered exception accepting command : Error executing DDL "
    alter table document_line 
       modify column document_id integer" via JDBC [Referencing column 'document_id' and referenced column 'id' in foreign key constraint 'document_line_ibfk_1' are incompatible.]
org.hibernate.tool.schema.spi.CommandAcceptanceException: Error executing DDL "
    alter table document_line 
       modify column document_id integer" via JDBC [Referencing column 'document_id' and referenced column 'id' in foreign key constraint 'document_line_ibfk_1' are incompatible.]
	at org.hibernate.tool.schema.internal.exec.GenerationTargetToDatabase.accept(GenerationTargetToDatabase.java:94)
	at org.hibernate.tool.schema.internal.AbstractSchemaMigrator.applySqlString(AbstractSchemaMigrator.java:583)
	at org.hibernate.tool.schema.internal.AbstractSchemaMigrator.applySqlStrings(AbstractSchemaMigrator.java:523)
	at org.hibernate.tool.schema.internal.AbstractSchemaMigrator.migrateTable(AbstractSchemaMigrator.java:341)
	at org.hibernate.tool.schema.internal.GroupedSchemaMigratorImpl.performTablesMigration(GroupedSchemaMigratorImpl.java:84)
	at org.hibernate.tool.schema.internal.AbstractSchemaMigrator.performMigration(AbstractSchemaMigrator.java:240)
	at org.hibernate.tool.schema.internal.AbstractSchemaMigrator.doMigration(AbstractSchemaMigrator.java:119)
	at org.hibernate.tool.schema.spi.SchemaManagementToolCoordinator.performDatabaseAction(SchemaManagementToolCoordinator.java:280)
	at org.hibernate.tool.schema.spi.SchemaManagementToolCoordinator.lambda$process$5(SchemaManagementToolCoordinator.java:144)
	at java.base/java.util.HashMap.forEach(HashMap.java:1429)
	at org.hibernate.tool.schema.spi.SchemaManagementToolCoordinator.process(SchemaManagementToolCoordinator.java:141)
	at org.hibernate.boot.internal.SessionFactoryObserverForSchemaExport.sessionFactoryCreated(SessionFactoryObserverForSchemaExport.java:37)
	at org.hibernate.internal.SessionFactoryObserverChain.sessionFactoryCreated(SessionFactoryObserverChain.java:35)
	at org.hibernate.internal.SessionFactoryImpl.<init>(SessionFactoryImpl.java:322)
	at org.hibernate.boot.internal.SessionFactoryBuilderImpl.build(SessionFactoryBuilderImpl.java:457)
	at org.hibernate.cfg.Configuration.buildSessionFactory(Configuration.java:997)
	at org.hibernate.cfg.Configuration.buildSessionFactory(Configuration.java:1016)
	at com.billing.util.HibernateUtil.initializeSessionFactory(HibernateUtil.java:83)
	at com.billing.util.HibernateUtil.getSessionFactory(HibernateUtil.java:32)
	at com.billing.main.MainApplication.main(MainApplication.java:37)
Caused by: java.sql.SQLException: Referencing column 'document_id' and referenced column 'id' in foreign key constraint 'document_line_ibfk_1' are incompatible.
	at com.mysql.cj.jdbc.exceptions.SQLError.createSQLException(SQLError.java:130)
	at com.mysql.cj.jdbc.exceptions.SQLExceptionsMapping.translateException(SQLExceptionsMapping.java:122)
	at com.mysql.cj.jdbc.StatementImpl.executeInternal(StatementImpl.java:767)
	at com.mysql.cj.jdbc.StatementImpl.execute(StatementImpl.java:652)
	at org.hibernate.tool.schema.internal.exec.GenerationTargetToDatabase.accept(GenerationTargetToDatabase.java:80)
	... 19 more

feb 20, 2026 3:34:53 P. M. org.hibernate.tool.schema.internal.ExceptionHandlerLoggedImpl handleException
WARN: GenerationTarget encountered exception accepting command : Error executing DDL "
    alter table document_line 
       modify column item_id integer" via JDBC [Referencing column 'item_id' and referenced column 'id' in foreign key constraint 'document_line_ibfk_2' are incompatible.]
org.hibernate.tool.schema.spi.CommandAcceptanceException: Error executing DDL "
    alter table document_line 
       modify column item_id integer" via JDBC [Referencing column 'item_id' and referenced column 'id' in foreign key constraint 'document_line_ibfk_2' are incompatible.]
	at org.hibernate.tool.schema.internal.exec.GenerationTargetToDatabase.accept(GenerationTargetToDatabase.java:94)
	at org.hibernate.tool.schema.internal.AbstractSchemaMigrator.applySqlString(AbstractSchemaMigrator.java:583)
	at org.hibernate.tool.schema.internal.AbstractSchemaMigrator.applySqlStrings(AbstractSchemaMigrator.java:523)
	at org.hibernate.tool.schema.internal.AbstractSchemaMigrator.migrateTable(AbstractSchemaMigrator.java:341)
	at org.hibernate.tool.schema.internal.GroupedSchemaMigratorImpl.performTablesMigration(GroupedSchemaMigratorImpl.java:84)
	at org.hibernate.tool.schema.internal.AbstractSchemaMigrator.performMigration(AbstractSchemaMigrator.java:240)
	at org.hibernate.tool.schema.internal.AbstractSchemaMigrator.doMigration(AbstractSchemaMigrator.java:119)
	at org.hibernate.tool.schema.spi.SchemaManagementToolCoordinator.performDatabaseAction(SchemaManagementToolCoordinator.java:280)
	at org.hibernate.tool.schema.spi.SchemaManagementToolCoordinator.lambda$process$5(SchemaManagementToolCoordinator.java:144)
	at java.base/java.util.HashMap.forEach(HashMap.java:1429)
	at org.hibernate.tool.schema.spi.SchemaManagementToolCoordinator.process(SchemaManagementToolCoordinator.java:141)
	at org.hibernate.boot.internal.SessionFactoryObserverForSchemaExport.sessionFactoryCreated(SessionFactoryObserverForSchemaExport.java:37)
	at org.hibernate.internal.SessionFactoryObserverChain.sessionFactoryCreated(SessionFactoryObserverChain.java:35)
	at org.hibernate.internal.SessionFactoryImpl.<init>(SessionFactoryImpl.java:322)
	at org.hibernate.boot.internal.SessionFactoryBuilderImpl.build(SessionFactoryBuilderImpl.java:457)
	at org.hibernate.cfg.Configuration.buildSessionFactory(Configuration.java:997)
	at org.hibernate.cfg.Configuration.buildSessionFactory(Configuration.java:1016)
	at com.billing.util.HibernateUtil.initializeSessionFactory(HibernateUtil.java:83)
	at com.billing.util.HibernateUtil.getSessionFactory(HibernateUtil.java:32)
	at com.billing.main.MainApplication.main(MainApplication.java:37)
Caused by: java.sql.SQLException: Referencing column 'item_id' and referenced column 'id' in foreign key constraint 'document_line_ibfk_2' are incompatible.
	at com.mysql.cj.jdbc.exceptions.SQLError.createSQLException(SQLError.java:130)
	at com.mysql.cj.jdbc.exceptions.SQLExceptionsMapping.translateException(SQLExceptionsMapping.java:122)
	at com.mysql.cj.jdbc.StatementImpl.executeInternal(StatementImpl.java:767)
	at com.mysql.cj.jdbc.StatementImpl.execute(StatementImpl.java:652)
	at org.hibernate.tool.schema.internal.exec.GenerationTargetToDatabase.accept(GenerationTargetToDatabase.java:80)
	... 19 more

feb 20, 2026 3:34:54 P. M. org.hibernate.tool.schema.internal.ExceptionHandlerLoggedImpl handleException
WARN: GenerationTarget encountered exception accepting command : Error executing DDL "
    alter table invoice 
       modify column id integer not null" via JDBC [Referencing column 'id' and referenced column 'id' in foreign key constraint 'invoice_ibfk_1' are incompatible.]
org.hibernate.tool.schema.spi.CommandAcceptanceException: Error executing DDL "
    alter table invoice 
       modify column id integer not null" via JDBC [Referencing column 'id' and referenced column 'id' in foreign key constraint 'invoice_ibfk_1' are incompatible.]
	at org.hibernate.tool.schema.internal.exec.GenerationTargetToDatabase.accept(GenerationTargetToDatabase.java:94)
	at org.hibernate.tool.schema.internal.AbstractSchemaMigrator.applySqlString(AbstractSchemaMigrator.java:583)
	at org.hibernate.tool.schema.internal.AbstractSchemaMigrator.applySqlStrings(AbstractSchemaMigrator.java:523)
	at org.hibernate.tool.schema.internal.AbstractSchemaMigrator.migrateTable(AbstractSchemaMigrator.java:341)
	at org.hibernate.tool.schema.internal.GroupedSchemaMigratorImpl.performTablesMigration(GroupedSchemaMigratorImpl.java:84)
	at org.hibernate.tool.schema.internal.AbstractSchemaMigrator.performMigration(AbstractSchemaMigrator.java:240)
	at org.hibernate.tool.schema.internal.AbstractSchemaMigrator.doMigration(AbstractSchemaMigrator.java:119)
	at org.hibernate.tool.schema.spi.SchemaManagementToolCoordinator.performDatabaseAction(SchemaManagementToolCoordinator.java:280)
	at org.hibernate.tool.schema.spi.SchemaManagementToolCoordinator.lambda$process$5(SchemaManagementToolCoordinator.java:144)
	at java.base/java.util.HashMap.forEach(HashMap.java:1429)
	at org.hibernate.tool.schema.spi.SchemaManagementToolCoordinator.process(SchemaManagementToolCoordinator.java:141)
	at org.hibernate.boot.internal.SessionFactoryObserverForSchemaExport.sessionFactoryCreated(SessionFactoryObserverForSchemaExport.java:37)
	at org.hibernate.internal.SessionFactoryObserverChain.sessionFactoryCreated(SessionFactoryObserverChain.java:35)
	at org.hibernate.internal.SessionFactoryImpl.<init>(SessionFactoryImpl.java:322)
	at org.hibernate.boot.internal.SessionFactoryBuilderImpl.build(SessionFactoryBuilderImpl.java:457)
	at org.hibernate.cfg.Configuration.buildSessionFactory(Configuration.java:997)
	at org.hibernate.cfg.Configuration.buildSessionFactory(Configuration.java:1016)
	at com.billing.util.HibernateUtil.initializeSessionFactory(HibernateUtil.java:83)
	at com.billing.util.HibernateUtil.getSessionFactory(HibernateUtil.java:32)
	at com.billing.main.MainApplication.main(MainApplication.java:37)
Caused by: java.sql.SQLException: Referencing column 'id' and referenced column 'id' in foreign key constraint 'invoice_ibfk_1' are incompatible.
	at com.mysql.cj.jdbc.exceptions.SQLError.createSQLException(SQLError.java:130)
	at com.mysql.cj.jdbc.exceptions.SQLExceptionsMapping.translateException(SQLExceptionsMapping.java:122)
	at com.mysql.cj.jdbc.StatementImpl.executeInternal(StatementImpl.java:767)
	at com.mysql.cj.jdbc.StatementImpl.execute(StatementImpl.java:652)
	at org.hibernate.tool.schema.internal.exec.GenerationTargetToDatabase.accept(GenerationTargetToDatabase.java:80)
	... 19 more

feb 20, 2026 3:34:54 P. M. org.hibernate.tool.schema.internal.ExceptionHandlerLoggedImpl handleException
WARN: GenerationTarget encountered exception accepting command : Error executing DDL "
    alter table item 
       modify column id integer not null auto_increment" via JDBC [Referencing column 'item_id' and referenced column 'id' in foreign key constraint 'document_line_ibfk_2' are incompatible.]
org.hibernate.tool.schema.spi.CommandAcceptanceException: Error executing DDL "
    alter table item 
       modify column id integer not null auto_increment" via JDBC [Referencing column 'item_id' and referenced column 'id' in foreign key constraint 'document_line_ibfk_2' are incompatible.]
	at org.hibernate.tool.schema.internal.exec.GenerationTargetToDatabase.accept(GenerationTargetToDatabase.java:94)
	at org.hibernate.tool.schema.internal.AbstractSchemaMigrator.applySqlString(AbstractSchemaMigrator.java:583)
	at org.hibernate.tool.schema.internal.AbstractSchemaMigrator.applySqlStrings(AbstractSchemaMigrator.java:523)
	at org.hibernate.tool.schema.internal.AbstractSchemaMigrator.migrateTable(AbstractSchemaMigrator.java:341)
	at org.hibernate.tool.schema.internal.GroupedSchemaMigratorImpl.performTablesMigration(GroupedSchemaMigratorImpl.java:84)
	at org.hibernate.tool.schema.internal.AbstractSchemaMigrator.performMigration(AbstractSchemaMigrator.java:240)
	at org.hibernate.tool.schema.internal.AbstractSchemaMigrator.doMigration(AbstractSchemaMigrator.java:119)
	at org.hibernate.tool.schema.spi.SchemaManagementToolCoordinator.performDatabaseAction(SchemaManagementToolCoordinator.java:280)
	at org.hibernate.tool.schema.spi.SchemaManagementToolCoordinator.lambda$process$5(SchemaManagementToolCoordinator.java:144)
	at java.base/java.util.HashMap.forEach(HashMap.java:1429)
	at org.hibernate.tool.schema.spi.SchemaManagementToolCoordinator.process(SchemaManagementToolCoordinator.java:141)
	at org.hibernate.boot.internal.SessionFactoryObserverForSchemaExport.sessionFactoryCreated(SessionFactoryObserverForSchemaExport.java:37)
	at org.hibernate.internal.SessionFactoryObserverChain.sessionFactoryCreated(SessionFactoryObserverChain.java:35)
	at org.hibernate.internal.SessionFactoryImpl.<init>(SessionFactoryImpl.java:322)
	at org.hibernate.boot.internal.SessionFactoryBuilderImpl.build(SessionFactoryBuilderImpl.java:457)
	at org.hibernate.cfg.Configuration.buildSessionFactory(Configuration.java:997)
	at org.hibernate.cfg.Configuration.buildSessionFactory(Configuration.java:1016)
	at com.billing.util.HibernateUtil.initializeSessionFactory(HibernateUtil.java:83)
	at com.billing.util.HibernateUtil.getSessionFactory(HibernateUtil.java:32)
	at com.billing.main.MainApplication.main(MainApplication.java:37)
Caused by: java.sql.SQLException: Referencing column 'item_id' and referenced column 'id' in foreign key constraint 'document_line_ibfk_2' are incompatible.
	at com.mysql.cj.jdbc.exceptions.SQLError.createSQLException(SQLError.java:130)
	at com.mysql.cj.jdbc.exceptions.SQLExceptionsMapping.translateException(SQLExceptionsMapping.java:122)
	at com.mysql.cj.jdbc.StatementImpl.executeInternal(StatementImpl.java:767)
	at com.mysql.cj.jdbc.StatementImpl.execute(StatementImpl.java:652)
	at org.hibernate.tool.schema.internal.exec.GenerationTargetToDatabase.accept(GenerationTargetToDatabase.java:80)
	... 19 more

feb 20, 2026 3:34:54 P. M. org.hibernate.tool.schema.internal.ExceptionHandlerLoggedImpl handleException
WARN: GenerationTarget encountered exception accepting command : Error executing DDL "
    alter table item 
       modify column category_code varchar(10)" via JDBC [Cannot change column 'category_code': used in a foreign key constraint 'item_ibfk_2']
org.hibernate.tool.schema.spi.CommandAcceptanceException: Error executing DDL "
    alter table item 
       modify column category_code varchar(10)" via JDBC [Cannot change column 'category_code': used in a foreign key constraint 'item_ibfk_2']
	at org.hibernate.tool.schema.internal.exec.GenerationTargetToDatabase.accept(GenerationTargetToDatabase.java:94)
	at org.hibernate.tool.schema.internal.AbstractSchemaMigrator.applySqlString(AbstractSchemaMigrator.java:583)
	at org.hibernate.tool.schema.internal.AbstractSchemaMigrator.applySqlStrings(AbstractSchemaMigrator.java:523)
	at org.hibernate.tool.schema.internal.AbstractSchemaMigrator.migrateTable(AbstractSchemaMigrator.java:341)
	at org.hibernate.tool.schema.internal.GroupedSchemaMigratorImpl.performTablesMigration(GroupedSchemaMigratorImpl.java:84)
	at org.hibernate.tool.schema.internal.AbstractSchemaMigrator.performMigration(AbstractSchemaMigrator.java:240)
	at org.hibernate.tool.schema.internal.AbstractSchemaMigrator.doMigration(AbstractSchemaMigrator.java:119)
	at org.hibernate.tool.schema.spi.SchemaManagementToolCoordinator.performDatabaseAction(SchemaManagementToolCoordinator.java:280)
	at org.hibernate.tool.schema.spi.SchemaManagementToolCoordinator.lambda$process$5(SchemaManagementToolCoordinator.java:144)
	at java.base/java.util.HashMap.forEach(HashMap.java:1429)
	at org.hibernate.tool.schema.spi.SchemaManagementToolCoordinator.process(SchemaManagementToolCoordinator.java:141)
	at org.hibernate.boot.internal.SessionFactoryObserverForSchemaExport.sessionFactoryCreated(SessionFactoryObserverForSchemaExport.java:37)
	at org.hibernate.internal.SessionFactoryObserverChain.sessionFactoryCreated(SessionFactoryObserverChain.java:35)
	at org.hibernate.internal.SessionFactoryImpl.<init>(SessionFactoryImpl.java:322)
	at org.hibernate.boot.internal.SessionFactoryBuilderImpl.build(SessionFactoryBuilderImpl.java:457)
	at org.hibernate.cfg.Configuration.buildSessionFactory(Configuration.java:997)
	at org.hibernate.cfg.Configuration.buildSessionFactory(Configuration.java:1016)
	at com.billing.util.HibernateUtil.initializeSessionFactory(HibernateUtil.java:83)
	at com.billing.util.HibernateUtil.getSessionFactory(HibernateUtil.java:32)
	at com.billing.main.MainApplication.main(MainApplication.java:37)
Caused by: java.sql.SQLException: Cannot change column 'category_code': used in a foreign key constraint 'item_ibfk_2'
	at com.mysql.cj.jdbc.exceptions.SQLError.createSQLException(SQLError.java:130)
	at com.mysql.cj.jdbc.exceptions.SQLExceptionsMapping.translateException(SQLExceptionsMapping.java:122)
	at com.mysql.cj.jdbc.StatementImpl.executeInternal(StatementImpl.java:767)
	at com.mysql.cj.jdbc.StatementImpl.execute(StatementImpl.java:652)
	at org.hibernate.tool.schema.internal.exec.GenerationTargetToDatabase.accept(GenerationTargetToDatabase.java:80)
	... 19 more

feb 20, 2026 3:34:54 P. M. org.hibernate.tool.schema.internal.ExceptionHandlerLoggedImpl handleException
WARN: GenerationTarget encountered exception accepting command : Error executing DDL "
    alter table item 
       modify column family_code varchar(10)" via JDBC [Cannot change column 'family_code': used in a foreign key constraint 'item_ibfk_1']
org.hibernate.tool.schema.spi.CommandAcceptanceException: Error executing DDL "
    alter table item 
       modify column family_code varchar(10)" via JDBC [Cannot change column 'family_code': used in a foreign key constraint 'item_ibfk_1']
	at org.hibernate.tool.schema.internal.exec.GenerationTargetToDatabase.accept(GenerationTargetToDatabase.java:94)
	at org.hibernate.tool.schema.internal.AbstractSchemaMigrator.applySqlString(AbstractSchemaMigrator.java:583)
	at org.hibernate.tool.schema.internal.AbstractSchemaMigrator.applySqlStrings(AbstractSchemaMigrator.java:523)
	at org.hibernate.tool.schema.internal.AbstractSchemaMigrator.migrateTable(AbstractSchemaMigrator.java:341)
	at org.hibernate.tool.schema.internal.GroupedSchemaMigratorImpl.performTablesMigration(GroupedSchemaMigratorImpl.java:84)
	at org.hibernate.tool.schema.internal.AbstractSchemaMigrator.performMigration(AbstractSchemaMigrator.java:240)
	at org.hibernate.tool.schema.internal.AbstractSchemaMigrator.doMigration(AbstractSchemaMigrator.java:119)
	at org.hibernate.tool.schema.spi.SchemaManagementToolCoordinator.performDatabaseAction(SchemaManagementToolCoordinator.java:280)
	at org.hibernate.tool.schema.spi.SchemaManagementToolCoordinator.lambda$process$5(SchemaManagementToolCoordinator.java:144)
	at java.base/java.util.HashMap.forEach(HashMap.java:1429)
	at org.hibernate.tool.schema.spi.SchemaManagementToolCoordinator.process(SchemaManagementToolCoordinator.java:141)
	at org.hibernate.boot.internal.SessionFactoryObserverForSchemaExport.sessionFactoryCreated(SessionFactoryObserverForSchemaExport.java:37)
	at org.hibernate.internal.SessionFactoryObserverChain.sessionFactoryCreated(SessionFactoryObserverChain.java:35)
	at org.hibernate.internal.SessionFactoryImpl.<init>(SessionFactoryImpl.java:322)
	at org.hibernate.boot.internal.SessionFactoryBuilderImpl.build(SessionFactoryBuilderImpl.java:457)
	at org.hibernate.cfg.Configuration.buildSessionFactory(Configuration.java:997)
	at org.hibernate.cfg.Configuration.buildSessionFactory(Configuration.java:1016)
	at com.billing.util.HibernateUtil.initializeSessionFactory(HibernateUtil.java:83)
	at com.billing.util.HibernateUtil.getSessionFactory(HibernateUtil.java:32)
	at com.billing.main.MainApplication.main(MainApplication.java:37)
Caused by: java.sql.SQLException: Cannot change column 'family_code': used in a foreign key constraint 'item_ibfk_1'
	at com.mysql.cj.jdbc.exceptions.SQLError.createSQLException(SQLError.java:130)
	at com.mysql.cj.jdbc.exceptions.SQLExceptionsMapping.translateException(SQLExceptionsMapping.java:122)
	at com.mysql.cj.jdbc.StatementImpl.executeInternal(StatementImpl.java:767)
	at com.mysql.cj.jdbc.StatementImpl.execute(StatementImpl.java:652)
	at org.hibernate.tool.schema.internal.exec.GenerationTargetToDatabase.accept(GenerationTargetToDatabase.java:80)
	... 19 more

feb 20, 2026 3:34:54 P. M. org.hibernate.tool.schema.internal.ExceptionHandlerLoggedImpl handleException
WARN: GenerationTarget encountered exception accepting command : Error executing DDL "
    alter table item 
       modify column supplier_id integer" via JDBC [Referencing column 'supplier_id' and referenced column 'id' in foreign key constraint 'item_ibfk_4' are incompatible.]
org.hibernate.tool.schema.spi.CommandAcceptanceException: Error executing DDL "
    alter table item 
       modify column supplier_id integer" via JDBC [Referencing column 'supplier_id' and referenced column 'id' in foreign key constraint 'item_ibfk_4' are incompatible.]
	at org.hibernate.tool.schema.internal.exec.GenerationTargetToDatabase.accept(GenerationTargetToDatabase.java:94)
	at org.hibernate.tool.schema.internal.AbstractSchemaMigrator.applySqlString(AbstractSchemaMigrator.java:583)
	at org.hibernate.tool.schema.internal.AbstractSchemaMigrator.applySqlStrings(AbstractSchemaMigrator.java:523)
	at org.hibernate.tool.schema.internal.AbstractSchemaMigrator.migrateTable(AbstractSchemaMigrator.java:341)
	at org.hibernate.tool.schema.internal.GroupedSchemaMigratorImpl.performTablesMigration(GroupedSchemaMigratorImpl.java:84)
	at org.hibernate.tool.schema.internal.AbstractSchemaMigrator.performMigration(AbstractSchemaMigrator.java:240)
	at org.hibernate.tool.schema.internal.AbstractSchemaMigrator.doMigration(AbstractSchemaMigrator.java:119)
	at org.hibernate.tool.schema.spi.SchemaManagementToolCoordinator.performDatabaseAction(SchemaManagementToolCoordinator.java:280)
	at org.hibernate.tool.schema.spi.SchemaManagementToolCoordinator.lambda$process$5(SchemaManagementToolCoordinator.java:144)
	at java.base/java.util.HashMap.forEach(HashMap.java:1429)
	at org.hibernate.tool.schema.spi.SchemaManagementToolCoordinator.process(SchemaManagementToolCoordinator.java:141)
	at org.hibernate.boot.internal.SessionFactoryObserverForSchemaExport.sessionFactoryCreated(SessionFactoryObserverForSchemaExport.java:37)
	at org.hibernate.internal.SessionFactoryObserverChain.sessionFactoryCreated(SessionFactoryObserverChain.java:35)
	at org.hibernate.internal.SessionFactoryImpl.<init>(SessionFactoryImpl.java:322)
	at org.hibernate.boot.internal.SessionFactoryBuilderImpl.build(SessionFactoryBuilderImpl.java:457)
	at org.hibernate.cfg.Configuration.buildSessionFactory(Configuration.java:997)
	at org.hibernate.cfg.Configuration.buildSessionFactory(Configuration.java:1016)
	at com.billing.util.HibernateUtil.initializeSessionFactory(HibernateUtil.java:83)
	at com.billing.util.HibernateUtil.getSessionFactory(HibernateUtil.java:32)
	at com.billing.main.MainApplication.main(MainApplication.java:37)
Caused by: java.sql.SQLException: Referencing column 'supplier_id' and referenced column 'id' in foreign key constraint 'item_ibfk_4' are incompatible.
	at com.mysql.cj.jdbc.exceptions.SQLError.createSQLException(SQLError.java:130)
	at com.mysql.cj.jdbc.exceptions.SQLExceptionsMapping.translateException(SQLExceptionsMapping.java:122)
	at com.mysql.cj.jdbc.StatementImpl.executeInternal(StatementImpl.java:767)
	at com.mysql.cj.jdbc.StatementImpl.execute(StatementImpl.java:652)
	at org.hibernate.tool.schema.internal.exec.GenerationTargetToDatabase.accept(GenerationTargetToDatabase.java:80)
	... 19 more

feb 20, 2026 3:34:54 P. M. org.hibernate.tool.schema.internal.ExceptionHandlerLoggedImpl handleException
WARN: GenerationTarget encountered exception accepting command : Error executing DDL "
    alter table item_categories 
       modify column code varchar(10) not null" via JDBC [Cannot change column 'code': used in a foreign key constraint 'item_ibfk_2' of table 'facturacio.item']
org.hibernate.tool.schema.spi.CommandAcceptanceException: Error executing DDL "
    alter table item_categories 
       modify column code varchar(10) not null" via JDBC [Cannot change column 'code': used in a foreign key constraint 'item_ibfk_2' of table 'facturacio.item']
	at org.hibernate.tool.schema.internal.exec.GenerationTargetToDatabase.accept(GenerationTargetToDatabase.java:94)
	at org.hibernate.tool.schema.internal.AbstractSchemaMigrator.applySqlString(AbstractSchemaMigrator.java:583)
	at org.hibernate.tool.schema.internal.AbstractSchemaMigrator.applySqlStrings(AbstractSchemaMigrator.java:523)
	at org.hibernate.tool.schema.internal.AbstractSchemaMigrator.migrateTable(AbstractSchemaMigrator.java:341)
	at org.hibernate.tool.schema.internal.GroupedSchemaMigratorImpl.performTablesMigration(GroupedSchemaMigratorImpl.java:84)
	at org.hibernate.tool.schema.internal.AbstractSchemaMigrator.performMigration(AbstractSchemaMigrator.java:240)
	at org.hibernate.tool.schema.internal.AbstractSchemaMigrator.doMigration(AbstractSchemaMigrator.java:119)
	at org.hibernate.tool.schema.spi.SchemaManagementToolCoordinator.performDatabaseAction(SchemaManagementToolCoordinator.java:280)
	at org.hibernate.tool.schema.spi.SchemaManagementToolCoordinator.lambda$process$5(SchemaManagementToolCoordinator.java:144)
	at java.base/java.util.HashMap.forEach(HashMap.java:1429)
	at org.hibernate.tool.schema.spi.SchemaManagementToolCoordinator.process(SchemaManagementToolCoordinator.java:141)
	at org.hibernate.boot.internal.SessionFactoryObserverForSchemaExport.sessionFactoryCreated(SessionFactoryObserverForSchemaExport.java:37)
	at org.hibernate.internal.SessionFactoryObserverChain.sessionFactoryCreated(SessionFactoryObserverChain.java:35)
	at org.hibernate.internal.SessionFactoryImpl.<init>(SessionFactoryImpl.java:322)
	at org.hibernate.boot.internal.SessionFactoryBuilderImpl.build(SessionFactoryBuilderImpl.java:457)
	at org.hibernate.cfg.Configuration.buildSessionFactory(Configuration.java:997)
	at org.hibernate.cfg.Configuration.buildSessionFactory(Configuration.java:1016)
	at com.billing.util.HibernateUtil.initializeSessionFactory(HibernateUtil.java:83)
	at com.billing.util.HibernateUtil.getSessionFactory(HibernateUtil.java:32)
	at com.billing.main.MainApplication.main(MainApplication.java:37)
Caused by: java.sql.SQLException: Cannot change column 'code': used in a foreign key constraint 'item_ibfk_2' of table 'facturacio.item'
	at com.mysql.cj.jdbc.exceptions.SQLError.createSQLException(SQLError.java:130)
	at com.mysql.cj.jdbc.exceptions.SQLExceptionsMapping.translateException(SQLExceptionsMapping.java:122)
	at com.mysql.cj.jdbc.StatementImpl.executeInternal(StatementImpl.java:767)
	at com.mysql.cj.jdbc.StatementImpl.execute(StatementImpl.java:652)
	at org.hibernate.tool.schema.internal.exec.GenerationTargetToDatabase.accept(GenerationTargetToDatabase.java:80)
	... 19 more

feb 20, 2026 3:34:54 P. M. org.hibernate.tool.schema.internal.ExceptionHandlerLoggedImpl handleException
WARN: GenerationTarget encountered exception accepting command : Error executing DDL "
    alter table item_families 
       modify column code varchar(10) not null" via JDBC [Cannot change column 'code': used in a foreign key constraint 'item_ibfk_1' of table 'facturacio.item']
org.hibernate.tool.schema.spi.CommandAcceptanceException: Error executing DDL "
    alter table item_families 
       modify column code varchar(10) not null" via JDBC [Cannot change column 'code': used in a foreign key constraint 'item_ibfk_1' of table 'facturacio.item']
	at org.hibernate.tool.schema.internal.exec.GenerationTargetToDatabase.accept(GenerationTargetToDatabase.java:94)
	at org.hibernate.tool.schema.internal.AbstractSchemaMigrator.applySqlString(AbstractSchemaMigrator.java:583)
	at org.hibernate.tool.schema.internal.AbstractSchemaMigrator.applySqlStrings(AbstractSchemaMigrator.java:523)
	at org.hibernate.tool.schema.internal.AbstractSchemaMigrator.migrateTable(AbstractSchemaMigrator.java:341)
	at org.hibernate.tool.schema.internal.GroupedSchemaMigratorImpl.performTablesMigration(GroupedSchemaMigratorImpl.java:84)
	at org.hibernate.tool.schema.internal.AbstractSchemaMigrator.performMigration(AbstractSchemaMigrator.java:240)
	at org.hibernate.tool.schema.internal.AbstractSchemaMigrator.doMigration(AbstractSchemaMigrator.java:119)
	at org.hibernate.tool.schema.spi.SchemaManagementToolCoordinator.performDatabaseAction(SchemaManagementToolCoordinator.java:280)
	at org.hibernate.tool.schema.spi.SchemaManagementToolCoordinator.lambda$process$5(SchemaManagementToolCoordinator.java:144)
	at java.base/java.util.HashMap.forEach(HashMap.java:1429)
	at org.hibernate.tool.schema.spi.SchemaManagementToolCoordinator.process(SchemaManagementToolCoordinator.java:141)
	at org.hibernate.boot.internal.SessionFactoryObserverForSchemaExport.sessionFactoryCreated(SessionFactoryObserverForSchemaExport.java:37)
	at org.hibernate.internal.SessionFactoryObserverChain.sessionFactoryCreated(SessionFactoryObserverChain.java:35)
	at org.hibernate.internal.SessionFactoryImpl.<init>(SessionFactoryImpl.java:322)
	at org.hibernate.boot.internal.SessionFactoryBuilderImpl.build(SessionFactoryBuilderImpl.java:457)
	at org.hibernate.cfg.Configuration.buildSessionFactory(Configuration.java:997)
	at org.hibernate.cfg.Configuration.buildSessionFactory(Configuration.java:1016)
	at com.billing.util.HibernateUtil.initializeSessionFactory(HibernateUtil.java:83)
	at com.billing.util.HibernateUtil.getSessionFactory(HibernateUtil.java:32)
	at com.billing.main.MainApplication.main(MainApplication.java:37)
Caused by: java.sql.SQLException: Cannot change column 'code': used in a foreign key constraint 'item_ibfk_1' of table 'facturacio.item'
	at com.mysql.cj.jdbc.exceptions.SQLError.createSQLException(SQLError.java:130)
	at com.mysql.cj.jdbc.exceptions.SQLExceptionsMapping.translateException(SQLExceptionsMapping.java:122)
	at com.mysql.cj.jdbc.StatementImpl.executeInternal(StatementImpl.java:767)
	at com.mysql.cj.jdbc.StatementImpl.execute(StatementImpl.java:652)
	at org.hibernate.tool.schema.internal.exec.GenerationTargetToDatabase.accept(GenerationTargetToDatabase.java:80)
	... 19 more

feb 20, 2026 3:34:54 P. M. org.hibernate.tool.schema.internal.ExceptionHandlerLoggedImpl handleException
WARN: GenerationTarget encountered exception accepting command : Error executing DDL "
    alter table party 
       modify column id integer not null auto_increment" via JDBC [Referencing column 'party_id' and referenced column 'id' in foreign key constraint 'business_document_ibfk_1' are incompatible.]
org.hibernate.tool.schema.spi.CommandAcceptanceException: Error executing DDL "
    alter table party 
       modify column id integer not null auto_increment" via JDBC [Referencing column 'party_id' and referenced column 'id' in foreign key constraint 'business_document_ibfk_1' are incompatible.]
	at org.hibernate.tool.schema.internal.exec.GenerationTargetToDatabase.accept(GenerationTargetToDatabase.java:94)
	at org.hibernate.tool.schema.internal.AbstractSchemaMigrator.applySqlString(AbstractSchemaMigrator.java:583)
	at org.hibernate.tool.schema.internal.AbstractSchemaMigrator.applySqlStrings(AbstractSchemaMigrator.java:523)
	at org.hibernate.tool.schema.internal.AbstractSchemaMigrator.migrateTable(AbstractSchemaMigrator.java:341)
	at org.hibernate.tool.schema.internal.GroupedSchemaMigratorImpl.performTablesMigration(GroupedSchemaMigratorImpl.java:84)
	at org.hibernate.tool.schema.internal.AbstractSchemaMigrator.performMigration(AbstractSchemaMigrator.java:240)
	at org.hibernate.tool.schema.internal.AbstractSchemaMigrator.doMigration(AbstractSchemaMigrator.java:119)
	at org.hibernate.tool.schema.spi.SchemaManagementToolCoordinator.performDatabaseAction(SchemaManagementToolCoordinator.java:280)
	at org.hibernate.tool.schema.spi.SchemaManagementToolCoordinator.lambda$process$5(SchemaManagementToolCoordinator.java:144)
	at java.base/java.util.HashMap.forEach(HashMap.java:1429)
	at org.hibernate.tool.schema.spi.SchemaManagementToolCoordinator.process(SchemaManagementToolCoordinator.java:141)
	at org.hibernate.boot.internal.SessionFactoryObserverForSchemaExport.sessionFactoryCreated(SessionFactoryObserverForSchemaExport.java:37)
	at org.hibernate.internal.SessionFactoryObserverChain.sessionFactoryCreated(SessionFactoryObserverChain.java:35)
	at org.hibernate.internal.SessionFactoryImpl.<init>(SessionFactoryImpl.java:322)
	at org.hibernate.boot.internal.SessionFactoryBuilderImpl.build(SessionFactoryBuilderImpl.java:457)
	at org.hibernate.cfg.Configuration.buildSessionFactory(Configuration.java:997)
	at org.hibernate.cfg.Configuration.buildSessionFactory(Configuration.java:1016)
	at com.billing.util.HibernateUtil.initializeSessionFactory(HibernateUtil.java:83)
	at com.billing.util.HibernateUtil.getSessionFactory(HibernateUtil.java:32)
	at com.billing.main.MainApplication.main(MainApplication.java:37)
Caused by: java.sql.SQLException: Referencing column 'party_id' and referenced column 'id' in foreign key constraint 'business_document_ibfk_1' are incompatible.
	at com.mysql.cj.jdbc.exceptions.SQLError.createSQLException(SQLError.java:130)
	at com.mysql.cj.jdbc.exceptions.SQLExceptionsMapping.translateException(SQLExceptionsMapping.java:122)
	at com.mysql.cj.jdbc.StatementImpl.executeInternal(StatementImpl.java:767)
	at com.mysql.cj.jdbc.StatementImpl.execute(StatementImpl.java:652)
	at org.hibernate.tool.schema.internal.exec.GenerationTargetToDatabase.accept(GenerationTargetToDatabase.java:80)
	... 19 more

feb 20, 2026 3:34:54 P. M. org.hibernate.tool.schema.internal.ExceptionHandlerLoggedImpl handleException
WARN: GenerationTarget encountered exception accepting command : Error executing DDL "
    alter table supplier 
       modify column id integer not null" via JDBC [Referencing column 'id' and referenced column 'id' in foreign key constraint 'supplier_ibfk_1' are incompatible.]
org.hibernate.tool.schema.spi.CommandAcceptanceException: Error executing DDL "
    alter table supplier 
       modify column id integer not null" via JDBC [Referencing column 'id' and referenced column 'id' in foreign key constraint 'supplier_ibfk_1' are incompatible.]
	at org.hibernate.tool.schema.internal.exec.GenerationTargetToDatabase.accept(GenerationTargetToDatabase.java:94)
	at org.hibernate.tool.schema.internal.AbstractSchemaMigrator.applySqlString(AbstractSchemaMigrator.java:583)
	at org.hibernate.tool.schema.internal.AbstractSchemaMigrator.applySqlStrings(AbstractSchemaMigrator.java:523)
	at org.hibernate.tool.schema.internal.AbstractSchemaMigrator.migrateTable(AbstractSchemaMigrator.java:341)
	at org.hibernate.tool.schema.internal.GroupedSchemaMigratorImpl.performTablesMigration(GroupedSchemaMigratorImpl.java:84)
	at org.hibernate.tool.schema.internal.AbstractSchemaMigrator.performMigration(AbstractSchemaMigrator.java:240)
	at org.hibernate.tool.schema.internal.AbstractSchemaMigrator.doMigration(AbstractSchemaMigrator.java:119)
	at org.hibernate.tool.schema.spi.SchemaManagementToolCoordinator.performDatabaseAction(SchemaManagementToolCoordinator.java:280)
	at org.hibernate.tool.schema.spi.SchemaManagementToolCoordinator.lambda$process$5(SchemaManagementToolCoordinator.java:144)
	at java.base/java.util.HashMap.forEach(HashMap.java:1429)
	at org.hibernate.tool.schema.spi.SchemaManagementToolCoordinator.process(SchemaManagementToolCoordinator.java:141)
	at org.hibernate.boot.internal.SessionFactoryObserverForSchemaExport.sessionFactoryCreated(SessionFactoryObserverForSchemaExport.java:37)
	at org.hibernate.internal.SessionFactoryObserverChain.sessionFactoryCreated(SessionFactoryObserverChain.java:35)
	at org.hibernate.internal.SessionFactoryImpl.<init>(SessionFactoryImpl.java:322)
	at org.hibernate.boot.internal.SessionFactoryBuilderImpl.build(SessionFactoryBuilderImpl.java:457)
	at org.hibernate.cfg.Configuration.buildSessionFactory(Configuration.java:997)
	at org.hibernate.cfg.Configuration.buildSessionFactory(Configuration.java:1016)
	at com.billing.util.HibernateUtil.initializeSessionFactory(HibernateUtil.java:83)
	at com.billing.util.HibernateUtil.getSessionFactory(HibernateUtil.java:32)
	at com.billing.main.MainApplication.main(MainApplication.java:37)
Caused by: java.sql.SQLException: Referencing column 'id' and referenced column 'id' in foreign key constraint 'supplier_ibfk_1' are incompatible.
	at com.mysql.cj.jdbc.exceptions.SQLError.createSQLException(SQLError.java:130)
	at com.mysql.cj.jdbc.exceptions.SQLExceptionsMapping.translateException(SQLExceptionsMapping.java:122)
	at com.mysql.cj.jdbc.StatementImpl.executeInternal(StatementImpl.java:767)
	at com.mysql.cj.jdbc.StatementImpl.execute(StatementImpl.java:652)
	at org.hibernate.tool.schema.internal.exec.GenerationTargetToDatabase.accept(GenerationTargetToDatabase.java:80)
	... 19 more

feb 20, 2026 3:34:54 P. M. com.billing.util.HibernateUtil initializeSessionFactory
INFO: Hibernate SessionFactory initialized successfully for MySQL database
feb 20, 2026 3:34:54 P. M. com.billing.service.ClientService <init>
INFO: ClientService initialized with PartyRepository
feb 20, 2026 3:34:54 P. M. com.billing.service.SupplierService <init>
INFO: SupplierService initialized with PartyRepository
feb 20, 2026 3:34:55 P. M. com.billing.main.MainApplication lambda$main$2
INFO: Application started successfully with MySQL database
feb 20, 2026 3:36:23 P. M. com.billing.main.MainApplication main
INFO: Initializing Hibernate with MySQL database...
feb 20, 2026 3:36:23 P. M. com.billing.util.HibernateUtil initializeSessionFactory
INFO: Initializing Hibernate SessionFactory with hibernate.cfg.xml...
feb 20, 2026 3:36:23 P. M. com.billing.util.HibernateUtil initializeSessionFactory
INFO: Configuration file found at: file:/C:/Users/albag/Documents/2o/ACCESO%20DATOS/TEMA%203/Hibernate/target/classes/hibernate.cfg.xml
feb 20, 2026 3:36:23 P. M. org.hibernate.Version logVersion
INFO: HHH000412: Hibernate ORM core version 6.5.3.Final
feb 20, 2026 3:36:24 P. M. org.hibernate.cache.internal.RegionFactoryInitiator initiateService
INFO: HHH000026: Second-level cache disabled
feb 20, 2026 3:36:24 P. M. org.hibernate.engine.jdbc.connections.internal.DriverManagerConnectionProviderImpl configure
WARN: HHH10001002: Using built-in connection pool (not intended for production use)
feb 20, 2026 3:36:24 P. M. org.hibernate.engine.jdbc.connections.internal.DriverManagerConnectionProviderImpl buildCreator
INFO: HHH10001005: Loaded JDBC driver class: com.mysql.cj.jdbc.Driver
feb 20, 2026 3:36:24 P. M. org.hibernate.engine.jdbc.connections.internal.DriverManagerConnectionProviderImpl buildCreator
INFO: HHH10001012: Connecting with JDBC URL [jdbc:mysql://localhost:3306/facturacio?useSSL=false&serverTimezone=UTC&allowPublicKeyRetrieval=true]
feb 20, 2026 3:36:24 P. M. org.hibernate.engine.jdbc.connections.internal.DriverManagerConnectionProviderImpl buildCreator
INFO: HHH10001001: Connection properties: {password=****, user=usuario}
feb 20, 2026 3:36:24 P. M. org.hibernate.engine.jdbc.connections.internal.DriverManagerConnectionProviderImpl buildCreator
INFO: HHH10001003: Autocommit mode: false
feb 20, 2026 3:36:24 P. M. org.hibernate.engine.jdbc.connections.internal.DriverManagerConnectionProviderImpl$PooledConnections <init>
INFO: HHH10001115: Connection pool size: 1 (min=1)
feb 20, 2026 3:36:24 P. M. org.hibernate.engine.jdbc.dialect.internal.DialectFactoryImpl constructDialect
WARN: HHH90000025: MySQL8Dialect does not need to be specified explicitly using 'hibernate.dialect' (remove the property setting and it will be selected by default)
feb 20, 2026 3:36:24 P. M. org.hibernate.engine.jdbc.dialect.internal.DialectFactoryImpl logSelectedDialect
WARN: HHH90000026: MySQL8Dialect has been deprecated; use org.hibernate.dialect.MySQLDialect instead
feb 20, 2026 3:36:26 P. M. org.hibernate.resource.transaction.backend.jdbc.internal.DdlTransactionIsolatorNonJtaImpl getIsolatedConnection
INFO: HHH10001501: Connection obtained from JdbcConnectionAccess [org.hibernate.engine.jdbc.env.internal.JdbcEnvironmentInitiator$ConnectionProviderJdbcConnectionAccess@18db3b3c] for (non-JTA) DDL execution was not in auto-commit mode; the Connection 'local transaction' will be committed and the Connection will be set into auto-commit mode.
feb 20, 2026 3:36:26 P. M. org.hibernate.tool.schema.internal.ExceptionHandlerLoggedImpl handleException
WARN: GenerationTarget encountered exception accepting command : Error executing DDL "
    alter table business_document 
       modify column id integer not null auto_increment" via JDBC [Referencing column 'id' and referenced column 'id' in foreign key constraint 'delivery_note_ibfk_1' are incompatible.]
org.hibernate.tool.schema.spi.CommandAcceptanceException: Error executing DDL "
    alter table business_document 
       modify column id integer not null auto_increment" via JDBC [Referencing column 'id' and referenced column 'id' in foreign key constraint 'delivery_note_ibfk_1' are incompatible.]
	at org.hibernate.tool.schema.internal.exec.GenerationTargetToDatabase.accept(GenerationTargetToDatabase.java:94)
	at org.hibernate.tool.schema.internal.AbstractSchemaMigrator.applySqlString(AbstractSchemaMigrator.java:583)
	at org.hibernate.tool.schema.internal.AbstractSchemaMigrator.applySqlStrings(AbstractSchemaMigrator.java:523)
	at org.hibernate.tool.schema.internal.AbstractSchemaMigrator.migrateTable(AbstractSchemaMigrator.java:341)
	at org.hibernate.tool.schema.internal.GroupedSchemaMigratorImpl.performTablesMigration(GroupedSchemaMigratorImpl.java:84)
	at org.hibernate.tool.schema.internal.AbstractSchemaMigrator.performMigration(AbstractSchemaMigrator.java:240)
	at org.hibernate.tool.schema.internal.AbstractSchemaMigrator.doMigration(AbstractSchemaMigrator.java:119)
	at org.hibernate.tool.schema.spi.SchemaManagementToolCoordinator.performDatabaseAction(SchemaManagementToolCoordinator.java:280)
	at org.hibernate.tool.schema.spi.SchemaManagementToolCoordinator.lambda$process$5(SchemaManagementToolCoordinator.java:144)
	at java.base/java.util.HashMap.forEach(HashMap.java:1429)
	at org.hibernate.tool.schema.spi.SchemaManagementToolCoordinator.process(SchemaManagementToolCoordinator.java:141)
	at org.hibernate.boot.internal.SessionFactoryObserverForSchemaExport.sessionFactoryCreated(SessionFactoryObserverForSchemaExport.java:37)
	at org.hibernate.internal.SessionFactoryObserverChain.sessionFactoryCreated(SessionFactoryObserverChain.java:35)
	at org.hibernate.internal.SessionFactoryImpl.<init>(SessionFactoryImpl.java:322)
	at org.hibernate.boot.internal.SessionFactoryBuilderImpl.build(SessionFactoryBuilderImpl.java:457)
	at org.hibernate.cfg.Configuration.buildSessionFactory(Configuration.java:997)
	at org.hibernate.cfg.Configuration.buildSessionFactory(Configuration.java:1016)
	at com.billing.util.HibernateUtil.initializeSessionFactory(HibernateUtil.java:83)
	at com.billing.util.HibernateUtil.getSessionFactory(HibernateUtil.java:32)
	at com.billing.main.MainApplication.main(MainApplication.java:37)
Caused by: java.sql.SQLException: Referencing column 'id' and referenced column 'id' in foreign key constraint 'delivery_note_ibfk_1' are incompatible.
	at com.mysql.cj.jdbc.exceptions.SQLError.createSQLException(SQLError.java:130)
	at com.mysql.cj.jdbc.exceptions.SQLExceptionsMapping.translateException(SQLExceptionsMapping.java:122)
	at com.mysql.cj.jdbc.StatementImpl.executeInternal(StatementImpl.java:767)
	at com.mysql.cj.jdbc.StatementImpl.execute(StatementImpl.java:652)
	at org.hibernate.tool.schema.internal.exec.GenerationTargetToDatabase.accept(GenerationTargetToDatabase.java:80)
	... 19 more

feb 20, 2026 3:36:26 P. M. org.hibernate.tool.schema.internal.ExceptionHandlerLoggedImpl handleException
WARN: GenerationTarget encountered exception accepting command : Error executing DDL "
    alter table business_document 
       modify column party_id integer" via JDBC [Referencing column 'party_id' and referenced column 'id' in foreign key constraint 'business_document_ibfk_1' are incompatible.]
org.hibernate.tool.schema.spi.CommandAcceptanceException: Error executing DDL "
    alter table business_document 
       modify column party_id integer" via JDBC [Referencing column 'party_id' and referenced column 'id' in foreign key constraint 'business_document_ibfk_1' are incompatible.]
	at org.hibernate.tool.schema.internal.exec.GenerationTargetToDatabase.accept(GenerationTargetToDatabase.java:94)
	at org.hibernate.tool.schema.internal.AbstractSchemaMigrator.applySqlString(AbstractSchemaMigrator.java:583)
	at org.hibernate.tool.schema.internal.AbstractSchemaMigrator.applySqlStrings(AbstractSchemaMigrator.java:523)
	at org.hibernate.tool.schema.internal.AbstractSchemaMigrator.migrateTable(AbstractSchemaMigrator.java:341)
	at org.hibernate.tool.schema.internal.GroupedSchemaMigratorImpl.performTablesMigration(GroupedSchemaMigratorImpl.java:84)
	at org.hibernate.tool.schema.internal.AbstractSchemaMigrator.performMigration(AbstractSchemaMigrator.java:240)
	at org.hibernate.tool.schema.internal.AbstractSchemaMigrator.doMigration(AbstractSchemaMigrator.java:119)
	at org.hibernate.tool.schema.spi.SchemaManagementToolCoordinator.performDatabaseAction(SchemaManagementToolCoordinator.java:280)
	at org.hibernate.tool.schema.spi.SchemaManagementToolCoordinator.lambda$process$5(SchemaManagementToolCoordinator.java:144)
	at java.base/java.util.HashMap.forEach(HashMap.java:1429)
	at org.hibernate.tool.schema.spi.SchemaManagementToolCoordinator.process(SchemaManagementToolCoordinator.java:141)
	at org.hibernate.boot.internal.SessionFactoryObserverForSchemaExport.sessionFactoryCreated(SessionFactoryObserverForSchemaExport.java:37)
	at org.hibernate.internal.SessionFactoryObserverChain.sessionFactoryCreated(SessionFactoryObserverChain.java:35)
	at org.hibernate.internal.SessionFactoryImpl.<init>(SessionFactoryImpl.java:322)
	at org.hibernate.boot.internal.SessionFactoryBuilderImpl.build(SessionFactoryBuilderImpl.java:457)
	at org.hibernate.cfg.Configuration.buildSessionFactory(Configuration.java:997)
	at org.hibernate.cfg.Configuration.buildSessionFactory(Configuration.java:1016)
	at com.billing.util.HibernateUtil.initializeSessionFactory(HibernateUtil.java:83)
	at com.billing.util.HibernateUtil.getSessionFactory(HibernateUtil.java:32)
	at com.billing.main.MainApplication.main(MainApplication.java:37)
Caused by: java.sql.SQLException: Referencing column 'party_id' and referenced column 'id' in foreign key constraint 'business_document_ibfk_1' are incompatible.
	at com.mysql.cj.jdbc.exceptions.SQLError.createSQLException(SQLError.java:130)
	at com.mysql.cj.jdbc.exceptions.SQLExceptionsMapping.translateException(SQLExceptionsMapping.java:122)
	at com.mysql.cj.jdbc.StatementImpl.executeInternal(StatementImpl.java:767)
	at com.mysql.cj.jdbc.StatementImpl.execute(StatementImpl.java:652)
	at org.hibernate.tool.schema.internal.exec.GenerationTargetToDatabase.accept(GenerationTargetToDatabase.java:80)
	... 19 more

feb 20, 2026 3:36:26 P. M. org.hibernate.tool.schema.internal.ExceptionHandlerLoggedImpl handleException
WARN: GenerationTarget encountered exception accepting command : Error executing DDL "
    alter table client 
       modify column id integer not null" via JDBC [Referencing column 'id' and referenced column 'id' in foreign key constraint 'client_ibfk_1' are incompatible.]
org.hibernate.tool.schema.spi.CommandAcceptanceException: Error executing DDL "
    alter table client 
       modify column id integer not null" via JDBC [Referencing column 'id' and referenced column 'id' in foreign key constraint 'client_ibfk_1' are incompatible.]
	at org.hibernate.tool.schema.internal.exec.GenerationTargetToDatabase.accept(GenerationTargetToDatabase.java:94)
	at org.hibernate.tool.schema.internal.AbstractSchemaMigrator.applySqlString(AbstractSchemaMigrator.java:583)
	at org.hibernate.tool.schema.internal.AbstractSchemaMigrator.applySqlStrings(AbstractSchemaMigrator.java:523)
	at org.hibernate.tool.schema.internal.AbstractSchemaMigrator.migrateTable(AbstractSchemaMigrator.java:341)
	at org.hibernate.tool.schema.internal.GroupedSchemaMigratorImpl.performTablesMigration(GroupedSchemaMigratorImpl.java:84)
	at org.hibernate.tool.schema.internal.AbstractSchemaMigrator.performMigration(AbstractSchemaMigrator.java:240)
	at org.hibernate.tool.schema.internal.AbstractSchemaMigrator.doMigration(AbstractSchemaMigrator.java:119)
	at org.hibernate.tool.schema.spi.SchemaManagementToolCoordinator.performDatabaseAction(SchemaManagementToolCoordinator.java:280)
	at org.hibernate.tool.schema.spi.SchemaManagementToolCoordinator.lambda$process$5(SchemaManagementToolCoordinator.java:144)
	at java.base/java.util.HashMap.forEach(HashMap.java:1429)
	at org.hibernate.tool.schema.spi.SchemaManagementToolCoordinator.process(SchemaManagementToolCoordinator.java:141)
	at org.hibernate.boot.internal.SessionFactoryObserverForSchemaExport.sessionFactoryCreated(SessionFactoryObserverForSchemaExport.java:37)
	at org.hibernate.internal.SessionFactoryObserverChain.sessionFactoryCreated(SessionFactoryObserverChain.java:35)
	at org.hibernate.internal.SessionFactoryImpl.<init>(SessionFactoryImpl.java:322)
	at org.hibernate.boot.internal.SessionFactoryBuilderImpl.build(SessionFactoryBuilderImpl.java:457)
	at org.hibernate.cfg.Configuration.buildSessionFactory(Configuration.java:997)
	at org.hibernate.cfg.Configuration.buildSessionFactory(Configuration.java:1016)
	at com.billing.util.HibernateUtil.initializeSessionFactory(HibernateUtil.java:83)
	at com.billing.util.HibernateUtil.getSessionFactory(HibernateUtil.java:32)
	at com.billing.main.MainApplication.main(MainApplication.java:37)
Caused by: java.sql.SQLException: Referencing column 'id' and referenced column 'id' in foreign key constraint 'client_ibfk_1' are incompatible.
	at com.mysql.cj.jdbc.exceptions.SQLError.createSQLException(SQLError.java:130)
	at com.mysql.cj.jdbc.exceptions.SQLExceptionsMapping.translateException(SQLExceptionsMapping.java:122)
	at com.mysql.cj.jdbc.StatementImpl.executeInternal(StatementImpl.java:767)
	at com.mysql.cj.jdbc.StatementImpl.execute(StatementImpl.java:652)
	at org.hibernate.tool.schema.internal.exec.GenerationTargetToDatabase.accept(GenerationTargetToDatabase.java:80)
	... 19 more

feb 20, 2026 3:36:26 P. M. org.hibernate.tool.schema.internal.ExceptionHandlerLoggedImpl handleException
WARN: GenerationTarget encountered exception accepting command : Error executing DDL "
    alter table delivery_note 
       modify column id integer not null" via JDBC [Referencing column 'id' and referenced column 'id' in foreign key constraint 'delivery_note_ibfk_1' are incompatible.]
org.hibernate.tool.schema.spi.CommandAcceptanceException: Error executing DDL "
    alter table delivery_note 
       modify column id integer not null" via JDBC [Referencing column 'id' and referenced column 'id' in foreign key constraint 'delivery_note_ibfk_1' are incompatible.]
	at org.hibernate.tool.schema.internal.exec.GenerationTargetToDatabase.accept(GenerationTargetToDatabase.java:94)
	at org.hibernate.tool.schema.internal.AbstractSchemaMigrator.applySqlString(AbstractSchemaMigrator.java:583)
	at org.hibernate.tool.schema.internal.AbstractSchemaMigrator.applySqlStrings(AbstractSchemaMigrator.java:523)
	at org.hibernate.tool.schema.internal.AbstractSchemaMigrator.migrateTable(AbstractSchemaMigrator.java:341)
	at org.hibernate.tool.schema.internal.GroupedSchemaMigratorImpl.performTablesMigration(GroupedSchemaMigratorImpl.java:84)
	at org.hibernate.tool.schema.internal.AbstractSchemaMigrator.performMigration(AbstractSchemaMigrator.java:240)
	at org.hibernate.tool.schema.internal.AbstractSchemaMigrator.doMigration(AbstractSchemaMigrator.java:119)
	at org.hibernate.tool.schema.spi.SchemaManagementToolCoordinator.performDatabaseAction(SchemaManagementToolCoordinator.java:280)
	at org.hibernate.tool.schema.spi.SchemaManagementToolCoordinator.lambda$process$5(SchemaManagementToolCoordinator.java:144)
	at java.base/java.util.HashMap.forEach(HashMap.java:1429)
	at org.hibernate.tool.schema.spi.SchemaManagementToolCoordinator.process(SchemaManagementToolCoordinator.java:141)
	at org.hibernate.boot.internal.SessionFactoryObserverForSchemaExport.sessionFactoryCreated(SessionFactoryObserverForSchemaExport.java:37)
	at org.hibernate.internal.SessionFactoryObserverChain.sessionFactoryCreated(SessionFactoryObserverChain.java:35)
	at org.hibernate.internal.SessionFactoryImpl.<init>(SessionFactoryImpl.java:322)
	at org.hibernate.boot.internal.SessionFactoryBuilderImpl.build(SessionFactoryBuilderImpl.java:457)
	at org.hibernate.cfg.Configuration.buildSessionFactory(Configuration.java:997)
	at org.hibernate.cfg.Configuration.buildSessionFactory(Configuration.java:1016)
	at com.billing.util.HibernateUtil.initializeSessionFactory(HibernateUtil.java:83)
	at com.billing.util.HibernateUtil.getSessionFactory(HibernateUtil.java:32)
	at com.billing.main.MainApplication.main(MainApplication.java:37)
Caused by: java.sql.SQLException: Referencing column 'id' and referenced column 'id' in foreign key constraint 'delivery_note_ibfk_1' are incompatible.
	at com.mysql.cj.jdbc.exceptions.SQLError.createSQLException(SQLError.java:130)
	at com.mysql.cj.jdbc.exceptions.SQLExceptionsMapping.translateException(SQLExceptionsMapping.java:122)
	at com.mysql.cj.jdbc.StatementImpl.executeInternal(StatementImpl.java:767)
	at com.mysql.cj.jdbc.StatementImpl.execute(StatementImpl.java:652)
	at org.hibernate.tool.schema.internal.exec.GenerationTargetToDatabase.accept(GenerationTargetToDatabase.java:80)
	... 19 more

feb 20, 2026 3:36:26 P. M. org.hibernate.tool.schema.internal.ExceptionHandlerLoggedImpl handleException
WARN: GenerationTarget encountered exception accepting command : Error executing DDL "
    alter table document_line 
       modify column document_id integer" via JDBC [Referencing column 'document_id' and referenced column 'id' in foreign key constraint 'document_line_ibfk_1' are incompatible.]
org.hibernate.tool.schema.spi.CommandAcceptanceException: Error executing DDL "
    alter table document_line 
       modify column document_id integer" via JDBC [Referencing column 'document_id' and referenced column 'id' in foreign key constraint 'document_line_ibfk_1' are incompatible.]
	at org.hibernate.tool.schema.internal.exec.GenerationTargetToDatabase.accept(GenerationTargetToDatabase.java:94)
	at org.hibernate.tool.schema.internal.AbstractSchemaMigrator.applySqlString(AbstractSchemaMigrator.java:583)
	at org.hibernate.tool.schema.internal.AbstractSchemaMigrator.applySqlStrings(AbstractSchemaMigrator.java:523)
	at org.hibernate.tool.schema.internal.AbstractSchemaMigrator.migrateTable(AbstractSchemaMigrator.java:341)
	at org.hibernate.tool.schema.internal.GroupedSchemaMigratorImpl.performTablesMigration(GroupedSchemaMigratorImpl.java:84)
	at org.hibernate.tool.schema.internal.AbstractSchemaMigrator.performMigration(AbstractSchemaMigrator.java:240)
	at org.hibernate.tool.schema.internal.AbstractSchemaMigrator.doMigration(AbstractSchemaMigrator.java:119)
	at org.hibernate.tool.schema.spi.SchemaManagementToolCoordinator.performDatabaseAction(SchemaManagementToolCoordinator.java:280)
	at org.hibernate.tool.schema.spi.SchemaManagementToolCoordinator.lambda$process$5(SchemaManagementToolCoordinator.java:144)
	at java.base/java.util.HashMap.forEach(HashMap.java:1429)
	at org.hibernate.tool.schema.spi.SchemaManagementToolCoordinator.process(SchemaManagementToolCoordinator.java:141)
	at org.hibernate.boot.internal.SessionFactoryObserverForSchemaExport.sessionFactoryCreated(SessionFactoryObserverForSchemaExport.java:37)
	at org.hibernate.internal.SessionFactoryObserverChain.sessionFactoryCreated(SessionFactoryObserverChain.java:35)
	at org.hibernate.internal.SessionFactoryImpl.<init>(SessionFactoryImpl.java:322)
	at org.hibernate.boot.internal.SessionFactoryBuilderImpl.build(SessionFactoryBuilderImpl.java:457)
	at org.hibernate.cfg.Configuration.buildSessionFactory(Configuration.java:997)
	at org.hibernate.cfg.Configuration.buildSessionFactory(Configuration.java:1016)
	at com.billing.util.HibernateUtil.initializeSessionFactory(HibernateUtil.java:83)
	at com.billing.util.HibernateUtil.getSessionFactory(HibernateUtil.java:32)
	at com.billing.main.MainApplication.main(MainApplication.java:37)
Caused by: java.sql.SQLException: Referencing column 'document_id' and referenced column 'id' in foreign key constraint 'document_line_ibfk_1' are incompatible.
	at com.mysql.cj.jdbc.exceptions.SQLError.createSQLException(SQLError.java:130)
	at com.mysql.cj.jdbc.exceptions.SQLExceptionsMapping.translateException(SQLExceptionsMapping.java:122)
	at com.mysql.cj.jdbc.StatementImpl.executeInternal(StatementImpl.java:767)
	at com.mysql.cj.jdbc.StatementImpl.execute(StatementImpl.java:652)
	at org.hibernate.tool.schema.internal.exec.GenerationTargetToDatabase.accept(GenerationTargetToDatabase.java:80)
	... 19 more

feb 20, 2026 3:36:26 P. M. org.hibernate.tool.schema.internal.ExceptionHandlerLoggedImpl handleException
WARN: GenerationTarget encountered exception accepting command : Error executing DDL "
    alter table document_line 
       modify column item_id integer" via JDBC [Referencing column 'item_id' and referenced column 'id' in foreign key constraint 'document_line_ibfk_2' are incompatible.]
org.hibernate.tool.schema.spi.CommandAcceptanceException: Error executing DDL "
    alter table document_line 
       modify column item_id integer" via JDBC [Referencing column 'item_id' and referenced column 'id' in foreign key constraint 'document_line_ibfk_2' are incompatible.]
	at org.hibernate.tool.schema.internal.exec.GenerationTargetToDatabase.accept(GenerationTargetToDatabase.java:94)
	at org.hibernate.tool.schema.internal.AbstractSchemaMigrator.applySqlString(AbstractSchemaMigrator.java:583)
	at org.hibernate.tool.schema.internal.AbstractSchemaMigrator.applySqlStrings(AbstractSchemaMigrator.java:523)
	at org.hibernate.tool.schema.internal.AbstractSchemaMigrator.migrateTable(AbstractSchemaMigrator.java:341)
	at org.hibernate.tool.schema.internal.GroupedSchemaMigratorImpl.performTablesMigration(GroupedSchemaMigratorImpl.java:84)
	at org.hibernate.tool.schema.internal.AbstractSchemaMigrator.performMigration(AbstractSchemaMigrator.java:240)
	at org.hibernate.tool.schema.internal.AbstractSchemaMigrator.doMigration(AbstractSchemaMigrator.java:119)
	at org.hibernate.tool.schema.spi.SchemaManagementToolCoordinator.performDatabaseAction(SchemaManagementToolCoordinator.java:280)
	at org.hibernate.tool.schema.spi.SchemaManagementToolCoordinator.lambda$process$5(SchemaManagementToolCoordinator.java:144)
	at java.base/java.util.HashMap.forEach(HashMap.java:1429)
	at org.hibernate.tool.schema.spi.SchemaManagementToolCoordinator.process(SchemaManagementToolCoordinator.java:141)
	at org.hibernate.boot.internal.SessionFactoryObserverForSchemaExport.sessionFactoryCreated(SessionFactoryObserverForSchemaExport.java:37)
	at org.hibernate.internal.SessionFactoryObserverChain.sessionFactoryCreated(SessionFactoryObserverChain.java:35)
	at org.hibernate.internal.SessionFactoryImpl.<init>(SessionFactoryImpl.java:322)
	at org.hibernate.boot.internal.SessionFactoryBuilderImpl.build(SessionFactoryBuilderImpl.java:457)
	at org.hibernate.cfg.Configuration.buildSessionFactory(Configuration.java:997)
	at org.hibernate.cfg.Configuration.buildSessionFactory(Configuration.java:1016)
	at com.billing.util.HibernateUtil.initializeSessionFactory(HibernateUtil.java:83)
	at com.billing.util.HibernateUtil.getSessionFactory(HibernateUtil.java:32)
	at com.billing.main.MainApplication.main(MainApplication.java:37)
Caused by: java.sql.SQLException: Referencing column 'item_id' and referenced column 'id' in foreign key constraint 'document_line_ibfk_2' are incompatible.
	at com.mysql.cj.jdbc.exceptions.SQLError.createSQLException(SQLError.java:130)
	at com.mysql.cj.jdbc.exceptions.SQLExceptionsMapping.translateException(SQLExceptionsMapping.java:122)
	at com.mysql.cj.jdbc.StatementImpl.executeInternal(StatementImpl.java:767)
	at com.mysql.cj.jdbc.StatementImpl.execute(StatementImpl.java:652)
	at org.hibernate.tool.schema.internal.exec.GenerationTargetToDatabase.accept(GenerationTargetToDatabase.java:80)
	... 19 more

feb 20, 2026 3:36:26 P. M. org.hibernate.tool.schema.internal.ExceptionHandlerLoggedImpl handleException
WARN: GenerationTarget encountered exception accepting command : Error executing DDL "
    alter table invoice 
       modify column id integer not null" via JDBC [Referencing column 'id' and referenced column 'id' in foreign key constraint 'invoice_ibfk_1' are incompatible.]
org.hibernate.tool.schema.spi.CommandAcceptanceException: Error executing DDL "
    alter table invoice 
       modify column id integer not null" via JDBC [Referencing column 'id' and referenced column 'id' in foreign key constraint 'invoice_ibfk_1' are incompatible.]
	at org.hibernate.tool.schema.internal.exec.GenerationTargetToDatabase.accept(GenerationTargetToDatabase.java:94)
	at org.hibernate.tool.schema.internal.AbstractSchemaMigrator.applySqlString(AbstractSchemaMigrator.java:583)
	at org.hibernate.tool.schema.internal.AbstractSchemaMigrator.applySqlStrings(AbstractSchemaMigrator.java:523)
	at org.hibernate.tool.schema.internal.AbstractSchemaMigrator.migrateTable(AbstractSchemaMigrator.java:341)
	at org.hibernate.tool.schema.internal.GroupedSchemaMigratorImpl.performTablesMigration(GroupedSchemaMigratorImpl.java:84)
	at org.hibernate.tool.schema.internal.AbstractSchemaMigrator.performMigration(AbstractSchemaMigrator.java:240)
	at org.hibernate.tool.schema.internal.AbstractSchemaMigrator.doMigration(AbstractSchemaMigrator.java:119)
	at org.hibernate.tool.schema.spi.SchemaManagementToolCoordinator.performDatabaseAction(SchemaManagementToolCoordinator.java:280)
	at org.hibernate.tool.schema.spi.SchemaManagementToolCoordinator.lambda$process$5(SchemaManagementToolCoordinator.java:144)
	at java.base/java.util.HashMap.forEach(HashMap.java:1429)
	at org.hibernate.tool.schema.spi.SchemaManagementToolCoordinator.process(SchemaManagementToolCoordinator.java:141)
	at org.hibernate.boot.internal.SessionFactoryObserverForSchemaExport.sessionFactoryCreated(SessionFactoryObserverForSchemaExport.java:37)
	at org.hibernate.internal.SessionFactoryObserverChain.sessionFactoryCreated(SessionFactoryObserverChain.java:35)
	at org.hibernate.internal.SessionFactoryImpl.<init>(SessionFactoryImpl.java:322)
	at org.hibernate.boot.internal.SessionFactoryBuilderImpl.build(SessionFactoryBuilderImpl.java:457)
	at org.hibernate.cfg.Configuration.buildSessionFactory(Configuration.java:997)
	at org.hibernate.cfg.Configuration.buildSessionFactory(Configuration.java:1016)
	at com.billing.util.HibernateUtil.initializeSessionFactory(HibernateUtil.java:83)
	at com.billing.util.HibernateUtil.getSessionFactory(HibernateUtil.java:32)
	at com.billing.main.MainApplication.main(MainApplication.java:37)
Caused by: java.sql.SQLException: Referencing column 'id' and referenced column 'id' in foreign key constraint 'invoice_ibfk_1' are incompatible.
	at com.mysql.cj.jdbc.exceptions.SQLError.createSQLException(SQLError.java:130)
	at com.mysql.cj.jdbc.exceptions.SQLExceptionsMapping.translateException(SQLExceptionsMapping.java:122)
	at com.mysql.cj.jdbc.StatementImpl.executeInternal(StatementImpl.java:767)
	at com.mysql.cj.jdbc.StatementImpl.execute(StatementImpl.java:652)
	at org.hibernate.tool.schema.internal.exec.GenerationTargetToDatabase.accept(GenerationTargetToDatabase.java:80)
	... 19 more

feb 20, 2026 3:36:26 P. M. org.hibernate.tool.schema.internal.ExceptionHandlerLoggedImpl handleException
WARN: GenerationTarget encountered exception accepting command : Error executing DDL "
    alter table item 
       modify column id integer not null auto_increment" via JDBC [Referencing column 'item_id' and referenced column 'id' in foreign key constraint 'document_line_ibfk_2' are incompatible.]
org.hibernate.tool.schema.spi.CommandAcceptanceException: Error executing DDL "
    alter table item 
       modify column id integer not null auto_increment" via JDBC [Referencing column 'item_id' and referenced column 'id' in foreign key constraint 'document_line_ibfk_2' are incompatible.]
	at org.hibernate.tool.schema.internal.exec.GenerationTargetToDatabase.accept(GenerationTargetToDatabase.java:94)
	at org.hibernate.tool.schema.internal.AbstractSchemaMigrator.applySqlString(AbstractSchemaMigrator.java:583)
	at org.hibernate.tool.schema.internal.AbstractSchemaMigrator.applySqlStrings(AbstractSchemaMigrator.java:523)
	at org.hibernate.tool.schema.internal.AbstractSchemaMigrator.migrateTable(AbstractSchemaMigrator.java:341)
	at org.hibernate.tool.schema.internal.GroupedSchemaMigratorImpl.performTablesMigration(GroupedSchemaMigratorImpl.java:84)
	at org.hibernate.tool.schema.internal.AbstractSchemaMigrator.performMigration(AbstractSchemaMigrator.java:240)
	at org.hibernate.tool.schema.internal.AbstractSchemaMigrator.doMigration(AbstractSchemaMigrator.java:119)
	at org.hibernate.tool.schema.spi.SchemaManagementToolCoordinator.performDatabaseAction(SchemaManagementToolCoordinator.java:280)
	at org.hibernate.tool.schema.spi.SchemaManagementToolCoordinator.lambda$process$5(SchemaManagementToolCoordinator.java:144)
	at java.base/java.util.HashMap.forEach(HashMap.java:1429)
	at org.hibernate.tool.schema.spi.SchemaManagementToolCoordinator.process(SchemaManagementToolCoordinator.java:141)
	at org.hibernate.boot.internal.SessionFactoryObserverForSchemaExport.sessionFactoryCreated(SessionFactoryObserverForSchemaExport.java:37)
	at org.hibernate.internal.SessionFactoryObserverChain.sessionFactoryCreated(SessionFactoryObserverChain.java:35)
	at org.hibernate.internal.SessionFactoryImpl.<init>(SessionFactoryImpl.java:322)
	at org.hibernate.boot.internal.SessionFactoryBuilderImpl.build(SessionFactoryBuilderImpl.java:457)
	at org.hibernate.cfg.Configuration.buildSessionFactory(Configuration.java:997)
	at org.hibernate.cfg.Configuration.buildSessionFactory(Configuration.java:1016)
	at com.billing.util.HibernateUtil.initializeSessionFactory(HibernateUtil.java:83)
	at com.billing.util.HibernateUtil.getSessionFactory(HibernateUtil.java:32)
	at com.billing.main.MainApplication.main(MainApplication.java:37)
Caused by: java.sql.SQLException: Referencing column 'item_id' and referenced column 'id' in foreign key constraint 'document_line_ibfk_2' are incompatible.
	at com.mysql.cj.jdbc.exceptions.SQLError.createSQLException(SQLError.java:130)
	at com.mysql.cj.jdbc.exceptions.SQLExceptionsMapping.translateException(SQLExceptionsMapping.java:122)
	at com.mysql.cj.jdbc.StatementImpl.executeInternal(StatementImpl.java:767)
	at com.mysql.cj.jdbc.StatementImpl.execute(StatementImpl.java:652)
	at org.hibernate.tool.schema.internal.exec.GenerationTargetToDatabase.accept(GenerationTargetToDatabase.java:80)
	... 19 more

feb 20, 2026 3:36:26 P. M. org.hibernate.tool.schema.internal.ExceptionHandlerLoggedImpl handleException
WARN: GenerationTarget encountered exception accepting command : Error executing DDL "
    alter table item 
       modify column category_code varchar(10)" via JDBC [Cannot change column 'category_code': used in a foreign key constraint 'item_ibfk_2']
org.hibernate.tool.schema.spi.CommandAcceptanceException: Error executing DDL "
    alter table item 
       modify column category_code varchar(10)" via JDBC [Cannot change column 'category_code': used in a foreign key constraint 'item_ibfk_2']
	at org.hibernate.tool.schema.internal.exec.GenerationTargetToDatabase.accept(GenerationTargetToDatabase.java:94)
	at org.hibernate.tool.schema.internal.AbstractSchemaMigrator.applySqlString(AbstractSchemaMigrator.java:583)
	at org.hibernate.tool.schema.internal.AbstractSchemaMigrator.applySqlStrings(AbstractSchemaMigrator.java:523)
	at org.hibernate.tool.schema.internal.AbstractSchemaMigrator.migrateTable(AbstractSchemaMigrator.java:341)
	at org.hibernate.tool.schema.internal.GroupedSchemaMigratorImpl.performTablesMigration(GroupedSchemaMigratorImpl.java:84)
	at org.hibernate.tool.schema.internal.AbstractSchemaMigrator.performMigration(AbstractSchemaMigrator.java:240)
	at org.hibernate.tool.schema.internal.AbstractSchemaMigrator.doMigration(AbstractSchemaMigrator.java:119)
	at org.hibernate.tool.schema.spi.SchemaManagementToolCoordinator.performDatabaseAction(SchemaManagementToolCoordinator.java:280)
	at org.hibernate.tool.schema.spi.SchemaManagementToolCoordinator.lambda$process$5(SchemaManagementToolCoordinator.java:144)
	at java.base/java.util.HashMap.forEach(HashMap.java:1429)
	at org.hibernate.tool.schema.spi.SchemaManagementToolCoordinator.process(SchemaManagementToolCoordinator.java:141)
	at org.hibernate.boot.internal.SessionFactoryObserverForSchemaExport.sessionFactoryCreated(SessionFactoryObserverForSchemaExport.java:37)
	at org.hibernate.internal.SessionFactoryObserverChain.sessionFactoryCreated(SessionFactoryObserverChain.java:35)
	at org.hibernate.internal.SessionFactoryImpl.<init>(SessionFactoryImpl.java:322)
	at org.hibernate.boot.internal.SessionFactoryBuilderImpl.build(SessionFactoryBuilderImpl.java:457)
	at org.hibernate.cfg.Configuration.buildSessionFactory(Configuration.java:997)
	at org.hibernate.cfg.Configuration.buildSessionFactory(Configuration.java:1016)
	at com.billing.util.HibernateUtil.initializeSessionFactory(HibernateUtil.java:83)
	at com.billing.util.HibernateUtil.getSessionFactory(HibernateUtil.java:32)
	at com.billing.main.MainApplication.main(MainApplication.java:37)
Caused by: java.sql.SQLException: Cannot change column 'category_code': used in a foreign key constraint 'item_ibfk_2'
	at com.mysql.cj.jdbc.exceptions.SQLError.createSQLException(SQLError.java:130)
	at com.mysql.cj.jdbc.exceptions.SQLExceptionsMapping.translateException(SQLExceptionsMapping.java:122)
	at com.mysql.cj.jdbc.StatementImpl.executeInternal(StatementImpl.java:767)
	at com.mysql.cj.jdbc.StatementImpl.execute(StatementImpl.java:652)
	at org.hibernate.tool.schema.internal.exec.GenerationTargetToDatabase.accept(GenerationTargetToDatabase.java:80)
	... 19 more

feb 20, 2026 3:36:26 P. M. org.hibernate.tool.schema.internal.ExceptionHandlerLoggedImpl handleException
WARN: GenerationTarget encountered exception accepting command : Error executing DDL "
    alter table item 
       modify column family_code varchar(10)" via JDBC [Cannot change column 'family_code': used in a foreign key constraint 'item_ibfk_1']
org.hibernate.tool.schema.spi.CommandAcceptanceException: Error executing DDL "
    alter table item 
       modify column family_code varchar(10)" via JDBC [Cannot change column 'family_code': used in a foreign key constraint 'item_ibfk_1']
	at org.hibernate.tool.schema.internal.exec.GenerationTargetToDatabase.accept(GenerationTargetToDatabase.java:94)
	at org.hibernate.tool.schema.internal.AbstractSchemaMigrator.applySqlString(AbstractSchemaMigrator.java:583)
	at org.hibernate.tool.schema.internal.AbstractSchemaMigrator.applySqlStrings(AbstractSchemaMigrator.java:523)
	at org.hibernate.tool.schema.internal.AbstractSchemaMigrator.migrateTable(AbstractSchemaMigrator.java:341)
	at org.hibernate.tool.schema.internal.GroupedSchemaMigratorImpl.performTablesMigration(GroupedSchemaMigratorImpl.java:84)
	at org.hibernate.tool.schema.internal.AbstractSchemaMigrator.performMigration(AbstractSchemaMigrator.java:240)
	at org.hibernate.tool.schema.internal.AbstractSchemaMigrator.doMigration(AbstractSchemaMigrator.java:119)
	at org.hibernate.tool.schema.spi.SchemaManagementToolCoordinator.performDatabaseAction(SchemaManagementToolCoordinator.java:280)
	at org.hibernate.tool.schema.spi.SchemaManagementToolCoordinator.lambda$process$5(SchemaManagementToolCoordinator.java:144)
	at java.base/java.util.HashMap.forEach(HashMap.java:1429)
	at org.hibernate.tool.schema.spi.SchemaManagementToolCoordinator.process(SchemaManagementToolCoordinator.java:141)
	at org.hibernate.boot.internal.SessionFactoryObserverForSchemaExport.sessionFactoryCreated(SessionFactoryObserverForSchemaExport.java:37)
	at org.hibernate.internal.SessionFactoryObserverChain.sessionFactoryCreated(SessionFactoryObserverChain.java:35)
	at org.hibernate.internal.SessionFactoryImpl.<init>(SessionFactoryImpl.java:322)
	at org.hibernate.boot.internal.SessionFactoryBuilderImpl.build(SessionFactoryBuilderImpl.java:457)
	at org.hibernate.cfg.Configuration.buildSessionFactory(Configuration.java:997)
	at org.hibernate.cfg.Configuration.buildSessionFactory(Configuration.java:1016)
	at com.billing.util.HibernateUtil.initializeSessionFactory(HibernateUtil.java:83)
	at com.billing.util.HibernateUtil.getSessionFactory(HibernateUtil.java:32)
	at com.billing.main.MainApplication.main(MainApplication.java:37)
Caused by: java.sql.SQLException: Cannot change column 'family_code': used in a foreign key constraint 'item_ibfk_1'
	at com.mysql.cj.jdbc.exceptions.SQLError.createSQLException(SQLError.java:130)
	at com.mysql.cj.jdbc.exceptions.SQLExceptionsMapping.translateException(SQLExceptionsMapping.java:122)
	at com.mysql.cj.jdbc.StatementImpl.executeInternal(StatementImpl.java:767)
	at com.mysql.cj.jdbc.StatementImpl.execute(StatementImpl.java:652)
	at org.hibernate.tool.schema.internal.exec.GenerationTargetToDatabase.accept(GenerationTargetToDatabase.java:80)
	... 19 more

feb 20, 2026 3:36:26 P. M. org.hibernate.tool.schema.internal.ExceptionHandlerLoggedImpl handleException
WARN: GenerationTarget encountered exception accepting command : Error executing DDL "
    alter table item 
       modify column supplier_id integer" via JDBC [Referencing column 'supplier_id' and referenced column 'id' in foreign key constraint 'item_ibfk_4' are incompatible.]
org.hibernate.tool.schema.spi.CommandAcceptanceException: Error executing DDL "
    alter table item 
       modify column supplier_id integer" via JDBC [Referencing column 'supplier_id' and referenced column 'id' in foreign key constraint 'item_ibfk_4' are incompatible.]
	at org.hibernate.tool.schema.internal.exec.GenerationTargetToDatabase.accept(GenerationTargetToDatabase.java:94)
	at org.hibernate.tool.schema.internal.AbstractSchemaMigrator.applySqlString(AbstractSchemaMigrator.java:583)
	at org.hibernate.tool.schema.internal.AbstractSchemaMigrator.applySqlStrings(AbstractSchemaMigrator.java:523)
	at org.hibernate.tool.schema.internal.AbstractSchemaMigrator.migrateTable(AbstractSchemaMigrator.java:341)
	at org.hibernate.tool.schema.internal.GroupedSchemaMigratorImpl.performTablesMigration(GroupedSchemaMigratorImpl.java:84)
	at org.hibernate.tool.schema.internal.AbstractSchemaMigrator.performMigration(AbstractSchemaMigrator.java:240)
	at org.hibernate.tool.schema.internal.AbstractSchemaMigrator.doMigration(AbstractSchemaMigrator.java:119)
	at org.hibernate.tool.schema.spi.SchemaManagementToolCoordinator.performDatabaseAction(SchemaManagementToolCoordinator.java:280)
	at org.hibernate.tool.schema.spi.SchemaManagementToolCoordinator.lambda$process$5(SchemaManagementToolCoordinator.java:144)
	at java.base/java.util.HashMap.forEach(HashMap.java:1429)
	at org.hibernate.tool.schema.spi.SchemaManagementToolCoordinator.process(SchemaManagementToolCoordinator.java:141)
	at org.hibernate.boot.internal.SessionFactoryObserverForSchemaExport.sessionFactoryCreated(SessionFactoryObserverForSchemaExport.java:37)
	at org.hibernate.internal.SessionFactoryObserverChain.sessionFactoryCreated(SessionFactoryObserverChain.java:35)
	at org.hibernate.internal.SessionFactoryImpl.<init>(SessionFactoryImpl.java:322)
	at org.hibernate.boot.internal.SessionFactoryBuilderImpl.build(SessionFactoryBuilderImpl.java:457)
	at org.hibernate.cfg.Configuration.buildSessionFactory(Configuration.java:997)
	at org.hibernate.cfg.Configuration.buildSessionFactory(Configuration.java:1016)
	at com.billing.util.HibernateUtil.initializeSessionFactory(HibernateUtil.java:83)
	at com.billing.util.HibernateUtil.getSessionFactory(HibernateUtil.java:32)
	at com.billing.main.MainApplication.main(MainApplication.java:37)
Caused by: java.sql.SQLException: Referencing column 'supplier_id' and referenced column 'id' in foreign key constraint 'item_ibfk_4' are incompatible.
	at com.mysql.cj.jdbc.exceptions.SQLError.createSQLException(SQLError.java:130)
	at com.mysql.cj.jdbc.exceptions.SQLExceptionsMapping.translateException(SQLExceptionsMapping.java:122)
	at com.mysql.cj.jdbc.StatementImpl.executeInternal(StatementImpl.java:767)
	at com.mysql.cj.jdbc.StatementImpl.execute(StatementImpl.java:652)
	at org.hibernate.tool.schema.internal.exec.GenerationTargetToDatabase.accept(GenerationTargetToDatabase.java:80)
	... 19 more

feb 20, 2026 3:36:26 P. M. org.hibernate.tool.schema.internal.ExceptionHandlerLoggedImpl handleException
WARN: GenerationTarget encountered exception accepting command : Error executing DDL "
    alter table item_categories 
       modify column code varchar(10) not null" via JDBC [Cannot change column 'code': used in a foreign key constraint 'item_ibfk_2' of table 'facturacio.item']
org.hibernate.tool.schema.spi.CommandAcceptanceException: Error executing DDL "
    alter table item_categories 
       modify column code varchar(10) not null" via JDBC [Cannot change column 'code': used in a foreign key constraint 'item_ibfk_2' of table 'facturacio.item']
	at org.hibernate.tool.schema.internal.exec.GenerationTargetToDatabase.accept(GenerationTargetToDatabase.java:94)
	at org.hibernate.tool.schema.internal.AbstractSchemaMigrator.applySqlString(AbstractSchemaMigrator.java:583)
	at org.hibernate.tool.schema.internal.AbstractSchemaMigrator.applySqlStrings(AbstractSchemaMigrator.java:523)
	at org.hibernate.tool.schema.internal.AbstractSchemaMigrator.migrateTable(AbstractSchemaMigrator.java:341)
	at org.hibernate.tool.schema.internal.GroupedSchemaMigratorImpl.performTablesMigration(GroupedSchemaMigratorImpl.java:84)
	at org.hibernate.tool.schema.internal.AbstractSchemaMigrator.performMigration(AbstractSchemaMigrator.java:240)
	at org.hibernate.tool.schema.internal.AbstractSchemaMigrator.doMigration(AbstractSchemaMigrator.java:119)
	at org.hibernate.tool.schema.spi.SchemaManagementToolCoordinator.performDatabaseAction(SchemaManagementToolCoordinator.java:280)
	at org.hibernate.tool.schema.spi.SchemaManagementToolCoordinator.lambda$process$5(SchemaManagementToolCoordinator.java:144)
	at java.base/java.util.HashMap.forEach(HashMap.java:1429)
	at org.hibernate.tool.schema.spi.SchemaManagementToolCoordinator.process(SchemaManagementToolCoordinator.java:141)
	at org.hibernate.boot.internal.SessionFactoryObserverForSchemaExport.sessionFactoryCreated(SessionFactoryObserverForSchemaExport.java:37)
	at org.hibernate.internal.SessionFactoryObserverChain.sessionFactoryCreated(SessionFactoryObserverChain.java:35)
	at org.hibernate.internal.SessionFactoryImpl.<init>(SessionFactoryImpl.java:322)
	at org.hibernate.boot.internal.SessionFactoryBuilderImpl.build(SessionFactoryBuilderImpl.java:457)
	at org.hibernate.cfg.Configuration.buildSessionFactory(Configuration.java:997)
	at org.hibernate.cfg.Configuration.buildSessionFactory(Configuration.java:1016)
	at com.billing.util.HibernateUtil.initializeSessionFactory(HibernateUtil.java:83)
	at com.billing.util.HibernateUtil.getSessionFactory(HibernateUtil.java:32)
	at com.billing.main.MainApplication.main(MainApplication.java:37)
Caused by: java.sql.SQLException: Cannot change column 'code': used in a foreign key constraint 'item_ibfk_2' of table 'facturacio.item'
	at com.mysql.cj.jdbc.exceptions.SQLError.createSQLException(SQLError.java:130)
	at com.mysql.cj.jdbc.exceptions.SQLExceptionsMapping.translateException(SQLExceptionsMapping.java:122)
	at com.mysql.cj.jdbc.StatementImpl.executeInternal(StatementImpl.java:767)
	at com.mysql.cj.jdbc.StatementImpl.execute(StatementImpl.java:652)
	at org.hibernate.tool.schema.internal.exec.GenerationTargetToDatabase.accept(GenerationTargetToDatabase.java:80)
	... 19 more

feb 20, 2026 3:36:26 P. M. org.hibernate.tool.schema.internal.ExceptionHandlerLoggedImpl handleException
WARN: GenerationTarget encountered exception accepting command : Error executing DDL "
    alter table item_families 
       modify column code varchar(10) not null" via JDBC [Cannot change column 'code': used in a foreign key constraint 'item_ibfk_1' of table 'facturacio.item']
org.hibernate.tool.schema.spi.CommandAcceptanceException: Error executing DDL "
    alter table item_families 
       modify column code varchar(10) not null" via JDBC [Cannot change column 'code': used in a foreign key constraint 'item_ibfk_1' of table 'facturacio.item']
	at org.hibernate.tool.schema.internal.exec.GenerationTargetToDatabase.accept(GenerationTargetToDatabase.java:94)
	at org.hibernate.tool.schema.internal.AbstractSchemaMigrator.applySqlString(AbstractSchemaMigrator.java:583)
	at org.hibernate.tool.schema.internal.AbstractSchemaMigrator.applySqlStrings(AbstractSchemaMigrator.java:523)
	at org.hibernate.tool.schema.internal.AbstractSchemaMigrator.migrateTable(AbstractSchemaMigrator.java:341)
	at org.hibernate.tool.schema.internal.GroupedSchemaMigratorImpl.performTablesMigration(GroupedSchemaMigratorImpl.java:84)
	at org.hibernate.tool.schema.internal.AbstractSchemaMigrator.performMigration(AbstractSchemaMigrator.java:240)
	at org.hibernate.tool.schema.internal.AbstractSchemaMigrator.doMigration(AbstractSchemaMigrator.java:119)
	at org.hibernate.tool.schema.spi.SchemaManagementToolCoordinator.performDatabaseAction(SchemaManagementToolCoordinator.java:280)
	at org.hibernate.tool.schema.spi.SchemaManagementToolCoordinator.lambda$process$5(SchemaManagementToolCoordinator.java:144)
	at java.base/java.util.HashMap.forEach(HashMap.java:1429)
	at org.hibernate.tool.schema.spi.SchemaManagementToolCoordinator.process(SchemaManagementToolCoordinator.java:141)
	at org.hibernate.boot.internal.SessionFactoryObserverForSchemaExport.sessionFactoryCreated(SessionFactoryObserverForSchemaExport.java:37)
	at org.hibernate.internal.SessionFactoryObserverChain.sessionFactoryCreated(SessionFactoryObserverChain.java:35)
	at org.hibernate.internal.SessionFactoryImpl.<init>(SessionFactoryImpl.java:322)
	at org.hibernate.boot.internal.SessionFactoryBuilderImpl.build(SessionFactoryBuilderImpl.java:457)
	at org.hibernate.cfg.Configuration.buildSessionFactory(Configuration.java:997)
	at org.hibernate.cfg.Configuration.buildSessionFactory(Configuration.java:1016)
	at com.billing.util.HibernateUtil.initializeSessionFactory(HibernateUtil.java:83)
	at com.billing.util.HibernateUtil.getSessionFactory(HibernateUtil.java:32)
	at com.billing.main.MainApplication.main(MainApplication.java:37)
Caused by: java.sql.SQLException: Cannot change column 'code': used in a foreign key constraint 'item_ibfk_1' of table 'facturacio.item'
	at com.mysql.cj.jdbc.exceptions.SQLError.createSQLException(SQLError.java:130)
	at com.mysql.cj.jdbc.exceptions.SQLExceptionsMapping.translateException(SQLExceptionsMapping.java:122)
	at com.mysql.cj.jdbc.StatementImpl.executeInternal(StatementImpl.java:767)
	at com.mysql.cj.jdbc.StatementImpl.execute(StatementImpl.java:652)
	at org.hibernate.tool.schema.internal.exec.GenerationTargetToDatabase.accept(GenerationTargetToDatabase.java:80)
	... 19 more

feb 20, 2026 3:36:26 P. M. org.hibernate.tool.schema.internal.ExceptionHandlerLoggedImpl handleException
WARN: GenerationTarget encountered exception accepting command : Error executing DDL "
    alter table party 
       modify column id integer not null auto_increment" via JDBC [Referencing column 'party_id' and referenced column 'id' in foreign key constraint 'business_document_ibfk_1' are incompatible.]
org.hibernate.tool.schema.spi.CommandAcceptanceException: Error executing DDL "
    alter table party 
       modify column id integer not null auto_increment" via JDBC [Referencing column 'party_id' and referenced column 'id' in foreign key constraint 'business_document_ibfk_1' are incompatible.]
	at org.hibernate.tool.schema.internal.exec.GenerationTargetToDatabase.accept(GenerationTargetToDatabase.java:94)
	at org.hibernate.tool.schema.internal.AbstractSchemaMigrator.applySqlString(AbstractSchemaMigrator.java:583)
	at org.hibernate.tool.schema.internal.AbstractSchemaMigrator.applySqlStrings(AbstractSchemaMigrator.java:523)
	at org.hibernate.tool.schema.internal.AbstractSchemaMigrator.migrateTable(AbstractSchemaMigrator.java:341)
	at org.hibernate.tool.schema.internal.GroupedSchemaMigratorImpl.performTablesMigration(GroupedSchemaMigratorImpl.java:84)
	at org.hibernate.tool.schema.internal.AbstractSchemaMigrator.performMigration(AbstractSchemaMigrator.java:240)
	at org.hibernate.tool.schema.internal.AbstractSchemaMigrator.doMigration(AbstractSchemaMigrator.java:119)
	at org.hibernate.tool.schema.spi.SchemaManagementToolCoordinator.performDatabaseAction(SchemaManagementToolCoordinator.java:280)
	at org.hibernate.tool.schema.spi.SchemaManagementToolCoordinator.lambda$process$5(SchemaManagementToolCoordinator.java:144)
	at java.base/java.util.HashMap.forEach(HashMap.java:1429)
	at org.hibernate.tool.schema.spi.SchemaManagementToolCoordinator.process(SchemaManagementToolCoordinator.java:141)
	at org.hibernate.boot.internal.SessionFactoryObserverForSchemaExport.sessionFactoryCreated(SessionFactoryObserverForSchemaExport.java:37)
	at org.hibernate.internal.SessionFactoryObserverChain.sessionFactoryCreated(SessionFactoryObserverChain.java:35)
	at org.hibernate.internal.SessionFactoryImpl.<init>(SessionFactoryImpl.java:322)
	at org.hibernate.boot.internal.SessionFactoryBuilderImpl.build(SessionFactoryBuilderImpl.java:457)
	at org.hibernate.cfg.Configuration.buildSessionFactory(Configuration.java:997)
	at org.hibernate.cfg.Configuration.buildSessionFactory(Configuration.java:1016)
	at com.billing.util.HibernateUtil.initializeSessionFactory(HibernateUtil.java:83)
	at com.billing.util.HibernateUtil.getSessionFactory(HibernateUtil.java:32)
	at com.billing.main.MainApplication.main(MainApplication.java:37)
Caused by: java.sql.SQLException: Referencing column 'party_id' and referenced column 'id' in foreign key constraint 'business_document_ibfk_1' are incompatible.
	at com.mysql.cj.jdbc.exceptions.SQLError.createSQLException(SQLError.java:130)
	at com.mysql.cj.jdbc.exceptions.SQLExceptionsMapping.translateException(SQLExceptionsMapping.java:122)
	at com.mysql.cj.jdbc.StatementImpl.executeInternal(StatementImpl.java:767)
	at com.mysql.cj.jdbc.StatementImpl.execute(StatementImpl.java:652)
	at org.hibernate.tool.schema.internal.exec.GenerationTargetToDatabase.accept(GenerationTargetToDatabase.java:80)
	... 19 more

feb 20, 2026 3:36:26 P. M. org.hibernate.tool.schema.internal.ExceptionHandlerLoggedImpl handleException
WARN: GenerationTarget encountered exception accepting command : Error executing DDL "
    alter table supplier 
       modify column id integer not null" via JDBC [Referencing column 'id' and referenced column 'id' in foreign key constraint 'supplier_ibfk_1' are incompatible.]
org.hibernate.tool.schema.spi.CommandAcceptanceException: Error executing DDL "
    alter table supplier 
       modify column id integer not null" via JDBC [Referencing column 'id' and referenced column 'id' in foreign key constraint 'supplier_ibfk_1' are incompatible.]
	at org.hibernate.tool.schema.internal.exec.GenerationTargetToDatabase.accept(GenerationTargetToDatabase.java:94)
	at org.hibernate.tool.schema.internal.AbstractSchemaMigrator.applySqlString(AbstractSchemaMigrator.java:583)
	at org.hibernate.tool.schema.internal.AbstractSchemaMigrator.applySqlStrings(AbstractSchemaMigrator.java:523)
	at org.hibernate.tool.schema.internal.AbstractSchemaMigrator.migrateTable(AbstractSchemaMigrator.java:341)
	at org.hibernate.tool.schema.internal.GroupedSchemaMigratorImpl.performTablesMigration(GroupedSchemaMigratorImpl.java:84)
	at org.hibernate.tool.schema.internal.AbstractSchemaMigrator.performMigration(AbstractSchemaMigrator.java:240)
	at org.hibernate.tool.schema.internal.AbstractSchemaMigrator.doMigration(AbstractSchemaMigrator.java:119)
	at org.hibernate.tool.schema.spi.SchemaManagementToolCoordinator.performDatabaseAction(SchemaManagementToolCoordinator.java:280)
	at org.hibernate.tool.schema.spi.SchemaManagementToolCoordinator.lambda$process$5(SchemaManagementToolCoordinator.java:144)
	at java.base/java.util.HashMap.forEach(HashMap.java:1429)
	at org.hibernate.tool.schema.spi.SchemaManagementToolCoordinator.process(SchemaManagementToolCoordinator.java:141)
	at org.hibernate.boot.internal.SessionFactoryObserverForSchemaExport.sessionFactoryCreated(SessionFactoryObserverForSchemaExport.java:37)
	at org.hibernate.internal.SessionFactoryObserverChain.sessionFactoryCreated(SessionFactoryObserverChain.java:35)
	at org.hibernate.internal.SessionFactoryImpl.<init>(SessionFactoryImpl.java:322)
	at org.hibernate.boot.internal.SessionFactoryBuilderImpl.build(SessionFactoryBuilderImpl.java:457)
	at org.hibernate.cfg.Configuration.buildSessionFactory(Configuration.java:997)
	at org.hibernate.cfg.Configuration.buildSessionFactory(Configuration.java:1016)
	at com.billing.util.HibernateUtil.initializeSessionFactory(HibernateUtil.java:83)
	at com.billing.util.HibernateUtil.getSessionFactory(HibernateUtil.java:32)
	at com.billing.main.MainApplication.main(MainApplication.java:37)
Caused by: java.sql.SQLException: Referencing column 'id' and referenced column 'id' in foreign key constraint 'supplier_ibfk_1' are incompatible.
	at com.mysql.cj.jdbc.exceptions.SQLError.createSQLException(SQLError.java:130)
	at com.mysql.cj.jdbc.exceptions.SQLExceptionsMapping.translateException(SQLExceptionsMapping.java:122)
	at com.mysql.cj.jdbc.StatementImpl.executeInternal(StatementImpl.java:767)
	at com.mysql.cj.jdbc.StatementImpl.execute(StatementImpl.java:652)
	at org.hibernate.tool.schema.internal.exec.GenerationTargetToDatabase.accept(GenerationTargetToDatabase.java:80)
	... 19 more

feb 20, 2026 3:36:26 P. M. com.billing.util.HibernateUtil initializeSessionFactory
INFO: Hibernate SessionFactory initialized successfully for MySQL database
feb 20, 2026 3:36:27 P. M. com.billing.service.ClientService <init>
INFO: ClientService initialized with PartyRepository
feb 20, 2026 3:36:27 P. M. com.billing.service.SupplierService <init>
INFO: SupplierService initialized with PartyRepository
feb 20, 2026 3:36:28 P. M. com.billing.main.MainApplication lambda$main$2
INFO: Application started successfully with MySQL database
feb 20, 2026 3:40:55 P. M. com.billing.main.MainApplication main
INFO: Initializing Hibernate with MySQL database...
feb 20, 2026 3:40:55 P. M. com.billing.util.HibernateUtil initializeSessionFactory
INFO: Initializing Hibernate SessionFactory with hibernate.cfg.xml...
feb 20, 2026 3:40:55 P. M. com.billing.util.HibernateUtil initializeSessionFactory
INFO: Configuration file found at: file:/C:/Users/albag/Documents/2o/ACCESO%20DATOS/TEMA%203/Hibernate/target/classes/hibernate.cfg.xml
feb 20, 2026 3:40:55 P. M. org.hibernate.Version logVersion
INFO: HHH000412: Hibernate ORM core version 6.5.3.Final
feb 20, 2026 3:40:55 P. M. org.hibernate.cache.internal.RegionFactoryInitiator initiateService
INFO: HHH000026: Second-level cache disabled
feb 20, 2026 3:40:55 P. M. org.hibernate.engine.jdbc.connections.internal.DriverManagerConnectionProviderImpl configure
WARN: HHH10001002: Using built-in connection pool (not intended for production use)
feb 20, 2026 3:40:55 P. M. org.hibernate.engine.jdbc.connections.internal.DriverManagerConnectionProviderImpl buildCreator
INFO: HHH10001005: Loaded JDBC driver class: com.mysql.cj.jdbc.Driver
feb 20, 2026 3:40:55 P. M. org.hibernate.engine.jdbc.connections.internal.DriverManagerConnectionProviderImpl buildCreator
INFO: HHH10001012: Connecting with JDBC URL [jdbc:mysql://localhost:3306/facturacio?useSSL=false&serverTimezone=UTC&allowPublicKeyRetrieval=true]
feb 20, 2026 3:40:55 P. M. org.hibernate.engine.jdbc.connections.internal.DriverManagerConnectionProviderImpl buildCreator
INFO: HHH10001001: Connection properties: {password=****, user=usuario}
feb 20, 2026 3:40:55 P. M. org.hibernate.engine.jdbc.connections.internal.DriverManagerConnectionProviderImpl buildCreator
INFO: HHH10001003: Autocommit mode: false
feb 20, 2026 3:40:55 P. M. org.hibernate.engine.jdbc.connections.internal.DriverManagerConnectionProviderImpl$PooledConnections <init>
INFO: HHH10001115: Connection pool size: 1 (min=1)
feb 20, 2026 3:40:56 P. M. org.hibernate.engine.jdbc.dialect.internal.DialectFactoryImpl constructDialect
WARN: HHH90000025: MySQL8Dialect does not need to be specified explicitly using 'hibernate.dialect' (remove the property setting and it will be selected by default)
feb 20, 2026 3:40:56 P. M. org.hibernate.engine.jdbc.dialect.internal.DialectFactoryImpl logSelectedDialect
WARN: HHH90000026: MySQL8Dialect has been deprecated; use org.hibernate.dialect.MySQLDialect instead
feb 20, 2026 3:40:57 P. M. org.hibernate.resource.transaction.backend.jdbc.internal.DdlTransactionIsolatorNonJtaImpl getIsolatedConnection
INFO: HHH10001501: Connection obtained from JdbcConnectionAccess [org.hibernate.engine.jdbc.env.internal.JdbcEnvironmentInitiator$ConnectionProviderJdbcConnectionAccess@18db3b3c] for (non-JTA) DDL execution was not in auto-commit mode; the Connection 'local transaction' will be committed and the Connection will be set into auto-commit mode.
feb 20, 2026 3:40:57 P. M. org.hibernate.tool.schema.internal.ExceptionHandlerLoggedImpl handleException
WARN: GenerationTarget encountered exception accepting command : Error executing DDL "
    alter table business_document 
       modify column id integer not null auto_increment" via JDBC [Referencing column 'id' and referenced column 'id' in foreign key constraint 'delivery_note_ibfk_1' are incompatible.]
org.hibernate.tool.schema.spi.CommandAcceptanceException: Error executing DDL "
    alter table business_document 
       modify column id integer not null auto_increment" via JDBC [Referencing column 'id' and referenced column 'id' in foreign key constraint 'delivery_note_ibfk_1' are incompatible.]
	at org.hibernate.tool.schema.internal.exec.GenerationTargetToDatabase.accept(GenerationTargetToDatabase.java:94)
	at org.hibernate.tool.schema.internal.AbstractSchemaMigrator.applySqlString(AbstractSchemaMigrator.java:583)
	at org.hibernate.tool.schema.internal.AbstractSchemaMigrator.applySqlStrings(AbstractSchemaMigrator.java:523)
	at org.hibernate.tool.schema.internal.AbstractSchemaMigrator.migrateTable(AbstractSchemaMigrator.java:341)
	at org.hibernate.tool.schema.internal.GroupedSchemaMigratorImpl.performTablesMigration(GroupedSchemaMigratorImpl.java:84)
	at org.hibernate.tool.schema.internal.AbstractSchemaMigrator.performMigration(AbstractSchemaMigrator.java:240)
	at org.hibernate.tool.schema.internal.AbstractSchemaMigrator.doMigration(AbstractSchemaMigrator.java:119)
	at org.hibernate.tool.schema.spi.SchemaManagementToolCoordinator.performDatabaseAction(SchemaManagementToolCoordinator.java:280)
	at org.hibernate.tool.schema.spi.SchemaManagementToolCoordinator.lambda$process$5(SchemaManagementToolCoordinator.java:144)
	at java.base/java.util.HashMap.forEach(HashMap.java:1429)
	at org.hibernate.tool.schema.spi.SchemaManagementToolCoordinator.process(SchemaManagementToolCoordinator.java:141)
	at org.hibernate.boot.internal.SessionFactoryObserverForSchemaExport.sessionFactoryCreated(SessionFactoryObserverForSchemaExport.java:37)
	at org.hibernate.internal.SessionFactoryObserverChain.sessionFactoryCreated(SessionFactoryObserverChain.java:35)
	at org.hibernate.internal.SessionFactoryImpl.<init>(SessionFactoryImpl.java:322)
	at org.hibernate.boot.internal.SessionFactoryBuilderImpl.build(SessionFactoryBuilderImpl.java:457)
	at org.hibernate.cfg.Configuration.buildSessionFactory(Configuration.java:997)
	at org.hibernate.cfg.Configuration.buildSessionFactory(Configuration.java:1016)
	at com.billing.util.HibernateUtil.initializeSessionFactory(HibernateUtil.java:83)
	at com.billing.util.HibernateUtil.getSessionFactory(HibernateUtil.java:32)
	at com.billing.main.MainApplication.main(MainApplication.java:37)
Caused by: java.sql.SQLException: Referencing column 'id' and referenced column 'id' in foreign key constraint 'delivery_note_ibfk_1' are incompatible.
	at com.mysql.cj.jdbc.exceptions.SQLError.createSQLException(SQLError.java:130)
	at com.mysql.cj.jdbc.exceptions.SQLExceptionsMapping.translateException(SQLExceptionsMapping.java:122)
	at com.mysql.cj.jdbc.StatementImpl.executeInternal(StatementImpl.java:767)
	at com.mysql.cj.jdbc.StatementImpl.execute(StatementImpl.java:652)
	at org.hibernate.tool.schema.internal.exec.GenerationTargetToDatabase.accept(GenerationTargetToDatabase.java:80)
	... 19 more

feb 20, 2026 3:40:57 P. M. org.hibernate.tool.schema.internal.ExceptionHandlerLoggedImpl handleException
WARN: GenerationTarget encountered exception accepting command : Error executing DDL "
    alter table business_document 
       modify column party_id integer" via JDBC [Referencing column 'party_id' and referenced column 'id' in foreign key constraint 'business_document_ibfk_1' are incompatible.]
org.hibernate.tool.schema.spi.CommandAcceptanceException: Error executing DDL "
    alter table business_document 
       modify column party_id integer" via JDBC [Referencing column 'party_id' and referenced column 'id' in foreign key constraint 'business_document_ibfk_1' are incompatible.]
	at org.hibernate.tool.schema.internal.exec.GenerationTargetToDatabase.accept(GenerationTargetToDatabase.java:94)
	at org.hibernate.tool.schema.internal.AbstractSchemaMigrator.applySqlString(AbstractSchemaMigrator.java:583)
	at org.hibernate.tool.schema.internal.AbstractSchemaMigrator.applySqlStrings(AbstractSchemaMigrator.java:523)
	at org.hibernate.tool.schema.internal.AbstractSchemaMigrator.migrateTable(AbstractSchemaMigrator.java:341)
	at org.hibernate.tool.schema.internal.GroupedSchemaMigratorImpl.performTablesMigration(GroupedSchemaMigratorImpl.java:84)
	at org.hibernate.tool.schema.internal.AbstractSchemaMigrator.performMigration(AbstractSchemaMigrator.java:240)
	at org.hibernate.tool.schema.internal.AbstractSchemaMigrator.doMigration(AbstractSchemaMigrator.java:119)
	at org.hibernate.tool.schema.spi.SchemaManagementToolCoordinator.performDatabaseAction(SchemaManagementToolCoordinator.java:280)
	at org.hibernate.tool.schema.spi.SchemaManagementToolCoordinator.lambda$process$5(SchemaManagementToolCoordinator.java:144)
	at java.base/java.util.HashMap.forEach(HashMap.java:1429)
	at org.hibernate.tool.schema.spi.SchemaManagementToolCoordinator.process(SchemaManagementToolCoordinator.java:141)
	at org.hibernate.boot.internal.SessionFactoryObserverForSchemaExport.sessionFactoryCreated(SessionFactoryObserverForSchemaExport.java:37)
	at org.hibernate.internal.SessionFactoryObserverChain.sessionFactoryCreated(SessionFactoryObserverChain.java:35)
	at org.hibernate.internal.SessionFactoryImpl.<init>(SessionFactoryImpl.java:322)
	at org.hibernate.boot.internal.SessionFactoryBuilderImpl.build(SessionFactoryBuilderImpl.java:457)
	at org.hibernate.cfg.Configuration.buildSessionFactory(Configuration.java:997)
	at org.hibernate.cfg.Configuration.buildSessionFactory(Configuration.java:1016)
	at com.billing.util.HibernateUtil.initializeSessionFactory(HibernateUtil.java:83)
	at com.billing.util.HibernateUtil.getSessionFactory(HibernateUtil.java:32)
	at com.billing.main.MainApplication.main(MainApplication.java:37)
Caused by: java.sql.SQLException: Referencing column 'party_id' and referenced column 'id' in foreign key constraint 'business_document_ibfk_1' are incompatible.
	at com.mysql.cj.jdbc.exceptions.SQLError.createSQLException(SQLError.java:130)
	at com.mysql.cj.jdbc.exceptions.SQLExceptionsMapping.translateException(SQLExceptionsMapping.java:122)
	at com.mysql.cj.jdbc.StatementImpl.executeInternal(StatementImpl.java:767)
	at com.mysql.cj.jdbc.StatementImpl.execute(StatementImpl.java:652)
	at org.hibernate.tool.schema.internal.exec.GenerationTargetToDatabase.accept(GenerationTargetToDatabase.java:80)
	... 19 more

feb 20, 2026 3:40:57 P. M. org.hibernate.tool.schema.internal.ExceptionHandlerLoggedImpl handleException
WARN: GenerationTarget encountered exception accepting command : Error executing DDL "
    alter table client 
       modify column id integer not null" via JDBC [Referencing column 'id' and referenced column 'id' in foreign key constraint 'client_ibfk_1' are incompatible.]
org.hibernate.tool.schema.spi.CommandAcceptanceException: Error executing DDL "
    alter table client 
       modify column id integer not null" via JDBC [Referencing column 'id' and referenced column 'id' in foreign key constraint 'client_ibfk_1' are incompatible.]
	at org.hibernate.tool.schema.internal.exec.GenerationTargetToDatabase.accept(GenerationTargetToDatabase.java:94)
	at org.hibernate.tool.schema.internal.AbstractSchemaMigrator.applySqlString(AbstractSchemaMigrator.java:583)
	at org.hibernate.tool.schema.internal.AbstractSchemaMigrator.applySqlStrings(AbstractSchemaMigrator.java:523)
	at org.hibernate.tool.schema.internal.AbstractSchemaMigrator.migrateTable(AbstractSchemaMigrator.java:341)
	at org.hibernate.tool.schema.internal.GroupedSchemaMigratorImpl.performTablesMigration(GroupedSchemaMigratorImpl.java:84)
	at org.hibernate.tool.schema.internal.AbstractSchemaMigrator.performMigration(AbstractSchemaMigrator.java:240)
	at org.hibernate.tool.schema.internal.AbstractSchemaMigrator.doMigration(AbstractSchemaMigrator.java:119)
	at org.hibernate.tool.schema.spi.SchemaManagementToolCoordinator.performDatabaseAction(SchemaManagementToolCoordinator.java:280)
	at org.hibernate.tool.schema.spi.SchemaManagementToolCoordinator.lambda$process$5(SchemaManagementToolCoordinator.java:144)
	at java.base/java.util.HashMap.forEach(HashMap.java:1429)
	at org.hibernate.tool.schema.spi.SchemaManagementToolCoordinator.process(SchemaManagementToolCoordinator.java:141)
	at org.hibernate.boot.internal.SessionFactoryObserverForSchemaExport.sessionFactoryCreated(SessionFactoryObserverForSchemaExport.java:37)
	at org.hibernate.internal.SessionFactoryObserverChain.sessionFactoryCreated(SessionFactoryObserverChain.java:35)
	at org.hibernate.internal.SessionFactoryImpl.<init>(SessionFactoryImpl.java:322)
	at org.hibernate.boot.internal.SessionFactoryBuilderImpl.build(SessionFactoryBuilderImpl.java:457)
	at org.hibernate.cfg.Configuration.buildSessionFactory(Configuration.java:997)
	at org.hibernate.cfg.Configuration.buildSessionFactory(Configuration.java:1016)
	at com.billing.util.HibernateUtil.initializeSessionFactory(HibernateUtil.java:83)
	at com.billing.util.HibernateUtil.getSessionFactory(HibernateUtil.java:32)
	at com.billing.main.MainApplication.main(MainApplication.java:37)
Caused by: java.sql.SQLException: Referencing column 'id' and referenced column 'id' in foreign key constraint 'client_ibfk_1' are incompatible.
	at com.mysql.cj.jdbc.exceptions.SQLError.createSQLException(SQLError.java:130)
	at com.mysql.cj.jdbc.exceptions.SQLExceptionsMapping.translateException(SQLExceptionsMapping.java:122)
	at com.mysql.cj.jdbc.StatementImpl.executeInternal(StatementImpl.java:767)
	at com.mysql.cj.jdbc.StatementImpl.execute(StatementImpl.java:652)
	at org.hibernate.tool.schema.internal.exec.GenerationTargetToDatabase.accept(GenerationTargetToDatabase.java:80)
	... 19 more

feb 20, 2026 3:40:57 P. M. org.hibernate.tool.schema.internal.ExceptionHandlerLoggedImpl handleException
WARN: GenerationTarget encountered exception accepting command : Error executing DDL "
    alter table delivery_note 
       modify column id integer not null" via JDBC [Referencing column 'id' and referenced column 'id' in foreign key constraint 'delivery_note_ibfk_1' are incompatible.]
org.hibernate.tool.schema.spi.CommandAcceptanceException: Error executing DDL "
    alter table delivery_note 
       modify column id integer not null" via JDBC [Referencing column 'id' and referenced column 'id' in foreign key constraint 'delivery_note_ibfk_1' are incompatible.]
	at org.hibernate.tool.schema.internal.exec.GenerationTargetToDatabase.accept(GenerationTargetToDatabase.java:94)
	at org.hibernate.tool.schema.internal.AbstractSchemaMigrator.applySqlString(AbstractSchemaMigrator.java:583)
	at org.hibernate.tool.schema.internal.AbstractSchemaMigrator.applySqlStrings(AbstractSchemaMigrator.java:523)
	at org.hibernate.tool.schema.internal.AbstractSchemaMigrator.migrateTable(AbstractSchemaMigrator.java:341)
	at org.hibernate.tool.schema.internal.GroupedSchemaMigratorImpl.performTablesMigration(GroupedSchemaMigratorImpl.java:84)
	at org.hibernate.tool.schema.internal.AbstractSchemaMigrator.performMigration(AbstractSchemaMigrator.java:240)
	at org.hibernate.tool.schema.internal.AbstractSchemaMigrator.doMigration(AbstractSchemaMigrator.java:119)
	at org.hibernate.tool.schema.spi.SchemaManagementToolCoordinator.performDatabaseAction(SchemaManagementToolCoordinator.java:280)
	at org.hibernate.tool.schema.spi.SchemaManagementToolCoordinator.lambda$process$5(SchemaManagementToolCoordinator.java:144)
	at java.base/java.util.HashMap.forEach(HashMap.java:1429)
	at org.hibernate.tool.schema.spi.SchemaManagementToolCoordinator.process(SchemaManagementToolCoordinator.java:141)
	at org.hibernate.boot.internal.SessionFactoryObserverForSchemaExport.sessionFactoryCreated(SessionFactoryObserverForSchemaExport.java:37)
	at org.hibernate.internal.SessionFactoryObserverChain.sessionFactoryCreated(SessionFactoryObserverChain.java:35)
	at org.hibernate.internal.SessionFactoryImpl.<init>(SessionFactoryImpl.java:322)
	at org.hibernate.boot.internal.SessionFactoryBuilderImpl.build(SessionFactoryBuilderImpl.java:457)
	at org.hibernate.cfg.Configuration.buildSessionFactory(Configuration.java:997)
	at org.hibernate.cfg.Configuration.buildSessionFactory(Configuration.java:1016)
	at com.billing.util.HibernateUtil.initializeSessionFactory(HibernateUtil.java:83)
	at com.billing.util.HibernateUtil.getSessionFactory(HibernateUtil.java:32)
	at com.billing.main.MainApplication.main(MainApplication.java:37)
Caused by: java.sql.SQLException: Referencing column 'id' and referenced column 'id' in foreign key constraint 'delivery_note_ibfk_1' are incompatible.
	at com.mysql.cj.jdbc.exceptions.SQLError.createSQLException(SQLError.java:130)
	at com.mysql.cj.jdbc.exceptions.SQLExceptionsMapping.translateException(SQLExceptionsMapping.java:122)
	at com.mysql.cj.jdbc.StatementImpl.executeInternal(StatementImpl.java:767)
	at com.mysql.cj.jdbc.StatementImpl.execute(StatementImpl.java:652)
	at org.hibernate.tool.schema.internal.exec.GenerationTargetToDatabase.accept(GenerationTargetToDatabase.java:80)
	... 19 more

feb 20, 2026 3:40:57 P. M. org.hibernate.tool.schema.internal.ExceptionHandlerLoggedImpl handleException
WARN: GenerationTarget encountered exception accepting command : Error executing DDL "
    alter table document_line 
       modify column document_id integer" via JDBC [Referencing column 'document_id' and referenced column 'id' in foreign key constraint 'document_line_ibfk_1' are incompatible.]
org.hibernate.tool.schema.spi.CommandAcceptanceException: Error executing DDL "
    alter table document_line 
       modify column document_id integer" via JDBC [Referencing column 'document_id' and referenced column 'id' in foreign key constraint 'document_line_ibfk_1' are incompatible.]
	at org.hibernate.tool.schema.internal.exec.GenerationTargetToDatabase.accept(GenerationTargetToDatabase.java:94)
	at org.hibernate.tool.schema.internal.AbstractSchemaMigrator.applySqlString(AbstractSchemaMigrator.java:583)
	at org.hibernate.tool.schema.internal.AbstractSchemaMigrator.applySqlStrings(AbstractSchemaMigrator.java:523)
	at org.hibernate.tool.schema.internal.AbstractSchemaMigrator.migrateTable(AbstractSchemaMigrator.java:341)
	at org.hibernate.tool.schema.internal.GroupedSchemaMigratorImpl.performTablesMigration(GroupedSchemaMigratorImpl.java:84)
	at org.hibernate.tool.schema.internal.AbstractSchemaMigrator.performMigration(AbstractSchemaMigrator.java:240)
	at org.hibernate.tool.schema.internal.AbstractSchemaMigrator.doMigration(AbstractSchemaMigrator.java:119)
	at org.hibernate.tool.schema.spi.SchemaManagementToolCoordinator.performDatabaseAction(SchemaManagementToolCoordinator.java:280)
	at org.hibernate.tool.schema.spi.SchemaManagementToolCoordinator.lambda$process$5(SchemaManagementToolCoordinator.java:144)
	at java.base/java.util.HashMap.forEach(HashMap.java:1429)
	at org.hibernate.tool.schema.spi.SchemaManagementToolCoordinator.process(SchemaManagementToolCoordinator.java:141)
	at org.hibernate.boot.internal.SessionFactoryObserverForSchemaExport.sessionFactoryCreated(SessionFactoryObserverForSchemaExport.java:37)
	at org.hibernate.internal.SessionFactoryObserverChain.sessionFactoryCreated(SessionFactoryObserverChain.java:35)
	at org.hibernate.internal.SessionFactoryImpl.<init>(SessionFactoryImpl.java:322)
	at org.hibernate.boot.internal.SessionFactoryBuilderImpl.build(SessionFactoryBuilderImpl.java:457)
	at org.hibernate.cfg.Configuration.buildSessionFactory(Configuration.java:997)
	at org.hibernate.cfg.Configuration.buildSessionFactory(Configuration.java:1016)
	at com.billing.util.HibernateUtil.initializeSessionFactory(HibernateUtil.java:83)
	at com.billing.util.HibernateUtil.getSessionFactory(HibernateUtil.java:32)
	at com.billing.main.MainApplication.main(MainApplication.java:37)
Caused by: java.sql.SQLException: Referencing column 'document_id' and referenced column 'id' in foreign key constraint 'document_line_ibfk_1' are incompatible.
	at com.mysql.cj.jdbc.exceptions.SQLError.createSQLException(SQLError.java:130)
	at com.mysql.cj.jdbc.exceptions.SQLExceptionsMapping.translateException(SQLExceptionsMapping.java:122)
	at com.mysql.cj.jdbc.StatementImpl.executeInternal(StatementImpl.java:767)
	at com.mysql.cj.jdbc.StatementImpl.execute(StatementImpl.java:652)
	at org.hibernate.tool.schema.internal.exec.GenerationTargetToDatabase.accept(GenerationTargetToDatabase.java:80)
	... 19 more

feb 20, 2026 3:40:57 P. M. org.hibernate.tool.schema.internal.ExceptionHandlerLoggedImpl handleException
WARN: GenerationTarget encountered exception accepting command : Error executing DDL "
    alter table document_line 
       modify column item_id integer" via JDBC [Referencing column 'item_id' and referenced column 'id' in foreign key constraint 'document_line_ibfk_2' are incompatible.]
org.hibernate.tool.schema.spi.CommandAcceptanceException: Error executing DDL "
    alter table document_line 
       modify column item_id integer" via JDBC [Referencing column 'item_id' and referenced column 'id' in foreign key constraint 'document_line_ibfk_2' are incompatible.]
	at org.hibernate.tool.schema.internal.exec.GenerationTargetToDatabase.accept(GenerationTargetToDatabase.java:94)
	at org.hibernate.tool.schema.internal.AbstractSchemaMigrator.applySqlString(AbstractSchemaMigrator.java:583)
	at org.hibernate.tool.schema.internal.AbstractSchemaMigrator.applySqlStrings(AbstractSchemaMigrator.java:523)
	at org.hibernate.tool.schema.internal.AbstractSchemaMigrator.migrateTable(AbstractSchemaMigrator.java:341)
	at org.hibernate.tool.schema.internal.GroupedSchemaMigratorImpl.performTablesMigration(GroupedSchemaMigratorImpl.java:84)
	at org.hibernate.tool.schema.internal.AbstractSchemaMigrator.performMigration(AbstractSchemaMigrator.java:240)
	at org.hibernate.tool.schema.internal.AbstractSchemaMigrator.doMigration(AbstractSchemaMigrator.java:119)
	at org.hibernate.tool.schema.spi.SchemaManagementToolCoordinator.performDatabaseAction(SchemaManagementToolCoordinator.java:280)
	at org.hibernate.tool.schema.spi.SchemaManagementToolCoordinator.lambda$process$5(SchemaManagementToolCoordinator.java:144)
	at java.base/java.util.HashMap.forEach(HashMap.java:1429)
	at org.hibernate.tool.schema.spi.SchemaManagementToolCoordinator.process(SchemaManagementToolCoordinator.java:141)
	at org.hibernate.boot.internal.SessionFactoryObserverForSchemaExport.sessionFactoryCreated(SessionFactoryObserverForSchemaExport.java:37)
	at org.hibernate.internal.SessionFactoryObserverChain.sessionFactoryCreated(SessionFactoryObserverChain.java:35)
	at org.hibernate.internal.SessionFactoryImpl.<init>(SessionFactoryImpl.java:322)
	at org.hibernate.boot.internal.SessionFactoryBuilderImpl.build(SessionFactoryBuilderImpl.java:457)
	at org.hibernate.cfg.Configuration.buildSessionFactory(Configuration.java:997)
	at org.hibernate.cfg.Configuration.buildSessionFactory(Configuration.java:1016)
	at com.billing.util.HibernateUtil.initializeSessionFactory(HibernateUtil.java:83)
	at com.billing.util.HibernateUtil.getSessionFactory(HibernateUtil.java:32)
	at com.billing.main.MainApplication.main(MainApplication.java:37)
Caused by: java.sql.SQLException: Referencing column 'item_id' and referenced column 'id' in foreign key constraint 'document_line_ibfk_2' are incompatible.
	at com.mysql.cj.jdbc.exceptions.SQLError.createSQLException(SQLError.java:130)
	at com.mysql.cj.jdbc.exceptions.SQLExceptionsMapping.translateException(SQLExceptionsMapping.java:122)
	at com.mysql.cj.jdbc.StatementImpl.executeInternal(StatementImpl.java:767)
	at com.mysql.cj.jdbc.StatementImpl.execute(StatementImpl.java:652)
	at org.hibernate.tool.schema.internal.exec.GenerationTargetToDatabase.accept(GenerationTargetToDatabase.java:80)
	... 19 more

feb 20, 2026 3:40:57 P. M. org.hibernate.tool.schema.internal.ExceptionHandlerLoggedImpl handleException
WARN: GenerationTarget encountered exception accepting command : Error executing DDL "
    alter table invoice 
       modify column id integer not null" via JDBC [Referencing column 'id' and referenced column 'id' in foreign key constraint 'invoice_ibfk_1' are incompatible.]
org.hibernate.tool.schema.spi.CommandAcceptanceException: Error executing DDL "
    alter table invoice 
       modify column id integer not null" via JDBC [Referencing column 'id' and referenced column 'id' in foreign key constraint 'invoice_ibfk_1' are incompatible.]
	at org.hibernate.tool.schema.internal.exec.GenerationTargetToDatabase.accept(GenerationTargetToDatabase.java:94)
	at org.hibernate.tool.schema.internal.AbstractSchemaMigrator.applySqlString(AbstractSchemaMigrator.java:583)
	at org.hibernate.tool.schema.internal.AbstractSchemaMigrator.applySqlStrings(AbstractSchemaMigrator.java:523)
	at org.hibernate.tool.schema.internal.AbstractSchemaMigrator.migrateTable(AbstractSchemaMigrator.java:341)
	at org.hibernate.tool.schema.internal.GroupedSchemaMigratorImpl.performTablesMigration(GroupedSchemaMigratorImpl.java:84)
	at org.hibernate.tool.schema.internal.AbstractSchemaMigrator.performMigration(AbstractSchemaMigrator.java:240)
	at org.hibernate.tool.schema.internal.AbstractSchemaMigrator.doMigration(AbstractSchemaMigrator.java:119)
	at org.hibernate.tool.schema.spi.SchemaManagementToolCoordinator.performDatabaseAction(SchemaManagementToolCoordinator.java:280)
	at org.hibernate.tool.schema.spi.SchemaManagementToolCoordinator.lambda$process$5(SchemaManagementToolCoordinator.java:144)
	at java.base/java.util.HashMap.forEach(HashMap.java:1429)
	at org.hibernate.tool.schema.spi.SchemaManagementToolCoordinator.process(SchemaManagementToolCoordinator.java:141)
	at org.hibernate.boot.internal.SessionFactoryObserverForSchemaExport.sessionFactoryCreated(SessionFactoryObserverForSchemaExport.java:37)
	at org.hibernate.internal.SessionFactoryObserverChain.sessionFactoryCreated(SessionFactoryObserverChain.java:35)
	at org.hibernate.internal.SessionFactoryImpl.<init>(SessionFactoryImpl.java:322)
	at org.hibernate.boot.internal.SessionFactoryBuilderImpl.build(SessionFactoryBuilderImpl.java:457)
	at org.hibernate.cfg.Configuration.buildSessionFactory(Configuration.java:997)
	at org.hibernate.cfg.Configuration.buildSessionFactory(Configuration.java:1016)
	at com.billing.util.HibernateUtil.initializeSessionFactory(HibernateUtil.java:83)
	at com.billing.util.HibernateUtil.getSessionFactory(HibernateUtil.java:32)
	at com.billing.main.MainApplication.main(MainApplication.java:37)
Caused by: java.sql.SQLException: Referencing column 'id' and referenced column 'id' in foreign key constraint 'invoice_ibfk_1' are incompatible.
	at com.mysql.cj.jdbc.exceptions.SQLError.createSQLException(SQLError.java:130)
	at com.mysql.cj.jdbc.exceptions.SQLExceptionsMapping.translateException(SQLExceptionsMapping.java:122)
	at com.mysql.cj.jdbc.StatementImpl.executeInternal(StatementImpl.java:767)
	at com.mysql.cj.jdbc.StatementImpl.execute(StatementImpl.java:652)
	at org.hibernate.tool.schema.internal.exec.GenerationTargetToDatabase.accept(GenerationTargetToDatabase.java:80)
	... 19 more

feb 20, 2026 3:40:58 P. M. org.hibernate.tool.schema.internal.ExceptionHandlerLoggedImpl handleException
WARN: GenerationTarget encountered exception accepting command : Error executing DDL "
    alter table item 
       modify column id integer not null auto_increment" via JDBC [Referencing column 'item_id' and referenced column 'id' in foreign key constraint 'document_line_ibfk_2' are incompatible.]
org.hibernate.tool.schema.spi.CommandAcceptanceException: Error executing DDL "
    alter table item 
       modify column id integer not null auto_increment" via JDBC [Referencing column 'item_id' and referenced column 'id' in foreign key constraint 'document_line_ibfk_2' are incompatible.]
	at org.hibernate.tool.schema.internal.exec.GenerationTargetToDatabase.accept(GenerationTargetToDatabase.java:94)
	at org.hibernate.tool.schema.internal.AbstractSchemaMigrator.applySqlString(AbstractSchemaMigrator.java:583)
	at org.hibernate.tool.schema.internal.AbstractSchemaMigrator.applySqlStrings(AbstractSchemaMigrator.java:523)
	at org.hibernate.tool.schema.internal.AbstractSchemaMigrator.migrateTable(AbstractSchemaMigrator.java:341)
	at org.hibernate.tool.schema.internal.GroupedSchemaMigratorImpl.performTablesMigration(GroupedSchemaMigratorImpl.java:84)
	at org.hibernate.tool.schema.internal.AbstractSchemaMigrator.performMigration(AbstractSchemaMigrator.java:240)
	at org.hibernate.tool.schema.internal.AbstractSchemaMigrator.doMigration(AbstractSchemaMigrator.java:119)
	at org.hibernate.tool.schema.spi.SchemaManagementToolCoordinator.performDatabaseAction(SchemaManagementToolCoordinator.java:280)
	at org.hibernate.tool.schema.spi.SchemaManagementToolCoordinator.lambda$process$5(SchemaManagementToolCoordinator.java:144)
	at java.base/java.util.HashMap.forEach(HashMap.java:1429)
	at org.hibernate.tool.schema.spi.SchemaManagementToolCoordinator.process(SchemaManagementToolCoordinator.java:141)
	at org.hibernate.boot.internal.SessionFactoryObserverForSchemaExport.sessionFactoryCreated(SessionFactoryObserverForSchemaExport.java:37)
	at org.hibernate.internal.SessionFactoryObserverChain.sessionFactoryCreated(SessionFactoryObserverChain.java:35)
	at org.hibernate.internal.SessionFactoryImpl.<init>(SessionFactoryImpl.java:322)
	at org.hibernate.boot.internal.SessionFactoryBuilderImpl.build(SessionFactoryBuilderImpl.java:457)
	at org.hibernate.cfg.Configuration.buildSessionFactory(Configuration.java:997)
	at org.hibernate.cfg.Configuration.buildSessionFactory(Configuration.java:1016)
	at com.billing.util.HibernateUtil.initializeSessionFactory(HibernateUtil.java:83)
	at com.billing.util.HibernateUtil.getSessionFactory(HibernateUtil.java:32)
	at com.billing.main.MainApplication.main(MainApplication.java:37)
Caused by: java.sql.SQLException: Referencing column 'item_id' and referenced column 'id' in foreign key constraint 'document_line_ibfk_2' are incompatible.
	at com.mysql.cj.jdbc.exceptions.SQLError.createSQLException(SQLError.java:130)
	at com.mysql.cj.jdbc.exceptions.SQLExceptionsMapping.translateException(SQLExceptionsMapping.java:122)
	at com.mysql.cj.jdbc.StatementImpl.executeInternal(StatementImpl.java:767)
	at com.mysql.cj.jdbc.StatementImpl.execute(StatementImpl.java:652)
	at org.hibernate.tool.schema.internal.exec.GenerationTargetToDatabase.accept(GenerationTargetToDatabase.java:80)
	... 19 more

feb 20, 2026 3:40:58 P. M. org.hibernate.tool.schema.internal.ExceptionHandlerLoggedImpl handleException
WARN: GenerationTarget encountered exception accepting command : Error executing DDL "
    alter table item 
       modify column category_code varchar(10)" via JDBC [Cannot change column 'category_code': used in a foreign key constraint 'item_ibfk_2']
org.hibernate.tool.schema.spi.CommandAcceptanceException: Error executing DDL "
    alter table item 
       modify column category_code varchar(10)" via JDBC [Cannot change column 'category_code': used in a foreign key constraint 'item_ibfk_2']
	at org.hibernate.tool.schema.internal.exec.GenerationTargetToDatabase.accept(GenerationTargetToDatabase.java:94)
	at org.hibernate.tool.schema.internal.AbstractSchemaMigrator.applySqlString(AbstractSchemaMigrator.java:583)
	at org.hibernate.tool.schema.internal.AbstractSchemaMigrator.applySqlStrings(AbstractSchemaMigrator.java:523)
	at org.hibernate.tool.schema.internal.AbstractSchemaMigrator.migrateTable(AbstractSchemaMigrator.java:341)
	at org.hibernate.tool.schema.internal.GroupedSchemaMigratorImpl.performTablesMigration(GroupedSchemaMigratorImpl.java:84)
	at org.hibernate.tool.schema.internal.AbstractSchemaMigrator.performMigration(AbstractSchemaMigrator.java:240)
	at org.hibernate.tool.schema.internal.AbstractSchemaMigrator.doMigration(AbstractSchemaMigrator.java:119)
	at org.hibernate.tool.schema.spi.SchemaManagementToolCoordinator.performDatabaseAction(SchemaManagementToolCoordinator.java:280)
	at org.hibernate.tool.schema.spi.SchemaManagementToolCoordinator.lambda$process$5(SchemaManagementToolCoordinator.java:144)
	at java.base/java.util.HashMap.forEach(HashMap.java:1429)
	at org.hibernate.tool.schema.spi.SchemaManagementToolCoordinator.process(SchemaManagementToolCoordinator.java:141)
	at org.hibernate.boot.internal.SessionFactoryObserverForSchemaExport.sessionFactoryCreated(SessionFactoryObserverForSchemaExport.java:37)
	at org.hibernate.internal.SessionFactoryObserverChain.sessionFactoryCreated(SessionFactoryObserverChain.java:35)
	at org.hibernate.internal.SessionFactoryImpl.<init>(SessionFactoryImpl.java:322)
	at org.hibernate.boot.internal.SessionFactoryBuilderImpl.build(SessionFactoryBuilderImpl.java:457)
	at org.hibernate.cfg.Configuration.buildSessionFactory(Configuration.java:997)
	at org.hibernate.cfg.Configuration.buildSessionFactory(Configuration.java:1016)
	at com.billing.util.HibernateUtil.initializeSessionFactory(HibernateUtil.java:83)
	at com.billing.util.HibernateUtil.getSessionFactory(HibernateUtil.java:32)
	at com.billing.main.MainApplication.main(MainApplication.java:37)
Caused by: java.sql.SQLException: Cannot change column 'category_code': used in a foreign key constraint 'item_ibfk_2'
	at com.mysql.cj.jdbc.exceptions.SQLError.createSQLException(SQLError.java:130)
	at com.mysql.cj.jdbc.exceptions.SQLExceptionsMapping.translateException(SQLExceptionsMapping.java:122)
	at com.mysql.cj.jdbc.StatementImpl.executeInternal(StatementImpl.java:767)
	at com.mysql.cj.jdbc.StatementImpl.execute(StatementImpl.java:652)
	at org.hibernate.tool.schema.internal.exec.GenerationTargetToDatabase.accept(GenerationTargetToDatabase.java:80)
	... 19 more

feb 20, 2026 3:40:58 P. M. org.hibernate.tool.schema.internal.ExceptionHandlerLoggedImpl handleException
WARN: GenerationTarget encountered exception accepting command : Error executing DDL "
    alter table item 
       modify column family_code varchar(10)" via JDBC [Cannot change column 'family_code': used in a foreign key constraint 'item_ibfk_1']
org.hibernate.tool.schema.spi.CommandAcceptanceException: Error executing DDL "
    alter table item 
       modify column family_code varchar(10)" via JDBC [Cannot change column 'family_code': used in a foreign key constraint 'item_ibfk_1']
	at org.hibernate.tool.schema.internal.exec.GenerationTargetToDatabase.accept(GenerationTargetToDatabase.java:94)
	at org.hibernate.tool.schema.internal.AbstractSchemaMigrator.applySqlString(AbstractSchemaMigrator.java:583)
	at org.hibernate.tool.schema.internal.AbstractSchemaMigrator.applySqlStrings(AbstractSchemaMigrator.java:523)
	at org.hibernate.tool.schema.internal.AbstractSchemaMigrator.migrateTable(AbstractSchemaMigrator.java:341)
	at org.hibernate.tool.schema.internal.GroupedSchemaMigratorImpl.performTablesMigration(GroupedSchemaMigratorImpl.java:84)
	at org.hibernate.tool.schema.internal.AbstractSchemaMigrator.performMigration(AbstractSchemaMigrator.java:240)
	at org.hibernate.tool.schema.internal.AbstractSchemaMigrator.doMigration(AbstractSchemaMigrator.java:119)
	at org.hibernate.tool.schema.spi.SchemaManagementToolCoordinator.performDatabaseAction(SchemaManagementToolCoordinator.java:280)
	at org.hibernate.tool.schema.spi.SchemaManagementToolCoordinator.lambda$process$5(SchemaManagementToolCoordinator.java:144)
	at java.base/java.util.HashMap.forEach(HashMap.java:1429)
	at org.hibernate.tool.schema.spi.SchemaManagementToolCoordinator.process(SchemaManagementToolCoordinator.java:141)
	at org.hibernate.boot.internal.SessionFactoryObserverForSchemaExport.sessionFactoryCreated(SessionFactoryObserverForSchemaExport.java:37)
	at org.hibernate.internal.SessionFactoryObserverChain.sessionFactoryCreated(SessionFactoryObserverChain.java:35)
	at org.hibernate.internal.SessionFactoryImpl.<init>(SessionFactoryImpl.java:322)
	at org.hibernate.boot.internal.SessionFactoryBuilderImpl.build(SessionFactoryBuilderImpl.java:457)
	at org.hibernate.cfg.Configuration.buildSessionFactory(Configuration.java:997)
	at org.hibernate.cfg.Configuration.buildSessionFactory(Configuration.java:1016)
	at com.billing.util.HibernateUtil.initializeSessionFactory(HibernateUtil.java:83)
	at com.billing.util.HibernateUtil.getSessionFactory(HibernateUtil.java:32)
	at com.billing.main.MainApplication.main(MainApplication.java:37)
Caused by: java.sql.SQLException: Cannot change column 'family_code': used in a foreign key constraint 'item_ibfk_1'
	at com.mysql.cj.jdbc.exceptions.SQLError.createSQLException(SQLError.java:130)
	at com.mysql.cj.jdbc.exceptions.SQLExceptionsMapping.translateException(SQLExceptionsMapping.java:122)
	at com.mysql.cj.jdbc.StatementImpl.executeInternal(StatementImpl.java:767)
	at com.mysql.cj.jdbc.StatementImpl.execute(StatementImpl.java:652)
	at org.hibernate.tool.schema.internal.exec.GenerationTargetToDatabase.accept(GenerationTargetToDatabase.java:80)
	... 19 more

feb 20, 2026 3:40:58 P. M. org.hibernate.tool.schema.internal.ExceptionHandlerLoggedImpl handleException
WARN: GenerationTarget encountered exception accepting command : Error executing DDL "
    alter table item 
       modify column supplier_id integer" via JDBC [Referencing column 'supplier_id' and referenced column 'id' in foreign key constraint 'item_ibfk_4' are incompatible.]
org.hibernate.tool.schema.spi.CommandAcceptanceException: Error executing DDL "
    alter table item 
       modify column supplier_id integer" via JDBC [Referencing column 'supplier_id' and referenced column 'id' in foreign key constraint 'item_ibfk_4' are incompatible.]
	at org.hibernate.tool.schema.internal.exec.GenerationTargetToDatabase.accept(GenerationTargetToDatabase.java:94)
	at org.hibernate.tool.schema.internal.AbstractSchemaMigrator.applySqlString(AbstractSchemaMigrator.java:583)
	at org.hibernate.tool.schema.internal.AbstractSchemaMigrator.applySqlStrings(AbstractSchemaMigrator.java:523)
	at org.hibernate.tool.schema.internal.AbstractSchemaMigrator.migrateTable(AbstractSchemaMigrator.java:341)
	at org.hibernate.tool.schema.internal.GroupedSchemaMigratorImpl.performTablesMigration(GroupedSchemaMigratorImpl.java:84)
	at org.hibernate.tool.schema.internal.AbstractSchemaMigrator.performMigration(AbstractSchemaMigrator.java:240)
	at org.hibernate.tool.schema.internal.AbstractSchemaMigrator.doMigration(AbstractSchemaMigrator.java:119)
	at org.hibernate.tool.schema.spi.SchemaManagementToolCoordinator.performDatabaseAction(SchemaManagementToolCoordinator.java:280)
	at org.hibernate.tool.schema.spi.SchemaManagementToolCoordinator.lambda$process$5(SchemaManagementToolCoordinator.java:144)
	at java.base/java.util.HashMap.forEach(HashMap.java:1429)
	at org.hibernate.tool.schema.spi.SchemaManagementToolCoordinator.process(SchemaManagementToolCoordinator.java:141)
	at org.hibernate.boot.internal.SessionFactoryObserverForSchemaExport.sessionFactoryCreated(SessionFactoryObserverForSchemaExport.java:37)
	at org.hibernate.internal.SessionFactoryObserverChain.sessionFactoryCreated(SessionFactoryObserverChain.java:35)
	at org.hibernate.internal.SessionFactoryImpl.<init>(SessionFactoryImpl.java:322)
	at org.hibernate.boot.internal.SessionFactoryBuilderImpl.build(SessionFactoryBuilderImpl.java:457)
	at org.hibernate.cfg.Configuration.buildSessionFactory(Configuration.java:997)
	at org.hibernate.cfg.Configuration.buildSessionFactory(Configuration.java:1016)
	at com.billing.util.HibernateUtil.initializeSessionFactory(HibernateUtil.java:83)
	at com.billing.util.HibernateUtil.getSessionFactory(HibernateUtil.java:32)
	at com.billing.main.MainApplication.main(MainApplication.java:37)
Caused by: java.sql.SQLException: Referencing column 'supplier_id' and referenced column 'id' in foreign key constraint 'item_ibfk_4' are incompatible.
	at com.mysql.cj.jdbc.exceptions.SQLError.createSQLException(SQLError.java:130)
	at com.mysql.cj.jdbc.exceptions.SQLExceptionsMapping.translateException(SQLExceptionsMapping.java:122)
	at com.mysql.cj.jdbc.StatementImpl.executeInternal(StatementImpl.java:767)
	at com.mysql.cj.jdbc.StatementImpl.execute(StatementImpl.java:652)
	at org.hibernate.tool.schema.internal.exec.GenerationTargetToDatabase.accept(GenerationTargetToDatabase.java:80)
	... 19 more

feb 20, 2026 3:40:58 P. M. org.hibernate.tool.schema.internal.ExceptionHandlerLoggedImpl handleException
WARN: GenerationTarget encountered exception accepting command : Error executing DDL "
    alter table item_categories 
       modify column code varchar(10) not null" via JDBC [Cannot change column 'code': used in a foreign key constraint 'item_ibfk_2' of table 'facturacio.item']
org.hibernate.tool.schema.spi.CommandAcceptanceException: Error executing DDL "
    alter table item_categories 
       modify column code varchar(10) not null" via JDBC [Cannot change column 'code': used in a foreign key constraint 'item_ibfk_2' of table 'facturacio.item']
	at org.hibernate.tool.schema.internal.exec.GenerationTargetToDatabase.accept(GenerationTargetToDatabase.java:94)
	at org.hibernate.tool.schema.internal.AbstractSchemaMigrator.applySqlString(AbstractSchemaMigrator.java:583)
	at org.hibernate.tool.schema.internal.AbstractSchemaMigrator.applySqlStrings(AbstractSchemaMigrator.java:523)
	at org.hibernate.tool.schema.internal.AbstractSchemaMigrator.migrateTable(AbstractSchemaMigrator.java:341)
	at org.hibernate.tool.schema.internal.GroupedSchemaMigratorImpl.performTablesMigration(GroupedSchemaMigratorImpl.java:84)
	at org.hibernate.tool.schema.internal.AbstractSchemaMigrator.performMigration(AbstractSchemaMigrator.java:240)
	at org.hibernate.tool.schema.internal.AbstractSchemaMigrator.doMigration(AbstractSchemaMigrator.java:119)
	at org.hibernate.tool.schema.spi.SchemaManagementToolCoordinator.performDatabaseAction(SchemaManagementToolCoordinator.java:280)
	at org.hibernate.tool.schema.spi.SchemaManagementToolCoordinator.lambda$process$5(SchemaManagementToolCoordinator.java:144)
	at java.base/java.util.HashMap.forEach(HashMap.java:1429)
	at org.hibernate.tool.schema.spi.SchemaManagementToolCoordinator.process(SchemaManagementToolCoordinator.java:141)
	at org.hibernate.boot.internal.SessionFactoryObserverForSchemaExport.sessionFactoryCreated(SessionFactoryObserverForSchemaExport.java:37)
	at org.hibernate.internal.SessionFactoryObserverChain.sessionFactoryCreated(SessionFactoryObserverChain.java:35)
	at org.hibernate.internal.SessionFactoryImpl.<init>(SessionFactoryImpl.java:322)
	at org.hibernate.boot.internal.SessionFactoryBuilderImpl.build(SessionFactoryBuilderImpl.java:457)
	at org.hibernate.cfg.Configuration.buildSessionFactory(Configuration.java:997)
	at org.hibernate.cfg.Configuration.buildSessionFactory(Configuration.java:1016)
	at com.billing.util.HibernateUtil.initializeSessionFactory(HibernateUtil.java:83)
	at com.billing.util.HibernateUtil.getSessionFactory(HibernateUtil.java:32)
	at com.billing.main.MainApplication.main(MainApplication.java:37)
Caused by: java.sql.SQLException: Cannot change column 'code': used in a foreign key constraint 'item_ibfk_2' of table 'facturacio.item'
	at com.mysql.cj.jdbc.exceptions.SQLError.createSQLException(SQLError.java:130)
	at com.mysql.cj.jdbc.exceptions.SQLExceptionsMapping.translateException(SQLExceptionsMapping.java:122)
	at com.mysql.cj.jdbc.StatementImpl.executeInternal(StatementImpl.java:767)
	at com.mysql.cj.jdbc.StatementImpl.execute(StatementImpl.java:652)
	at org.hibernate.tool.schema.internal.exec.GenerationTargetToDatabase.accept(GenerationTargetToDatabase.java:80)
	... 19 more

feb 20, 2026 3:40:58 P. M. org.hibernate.tool.schema.internal.ExceptionHandlerLoggedImpl handleException
WARN: GenerationTarget encountered exception accepting command : Error executing DDL "
    alter table item_families 
       modify column code varchar(10) not null" via JDBC [Cannot change column 'code': used in a foreign key constraint 'item_ibfk_1' of table 'facturacio.item']
org.hibernate.tool.schema.spi.CommandAcceptanceException: Error executing DDL "
    alter table item_families 
       modify column code varchar(10) not null" via JDBC [Cannot change column 'code': used in a foreign key constraint 'item_ibfk_1' of table 'facturacio.item']
	at org.hibernate.tool.schema.internal.exec.GenerationTargetToDatabase.accept(GenerationTargetToDatabase.java:94)
	at org.hibernate.tool.schema.internal.AbstractSchemaMigrator.applySqlString(AbstractSchemaMigrator.java:583)
	at org.hibernate.tool.schema.internal.AbstractSchemaMigrator.applySqlStrings(AbstractSchemaMigrator.java:523)
	at org.hibernate.tool.schema.internal.AbstractSchemaMigrator.migrateTable(AbstractSchemaMigrator.java:341)
	at org.hibernate.tool.schema.internal.GroupedSchemaMigratorImpl.performTablesMigration(GroupedSchemaMigratorImpl.java:84)
	at org.hibernate.tool.schema.internal.AbstractSchemaMigrator.performMigration(AbstractSchemaMigrator.java:240)
	at org.hibernate.tool.schema.internal.AbstractSchemaMigrator.doMigration(AbstractSchemaMigrator.java:119)
	at org.hibernate.tool.schema.spi.SchemaManagementToolCoordinator.performDatabaseAction(SchemaManagementToolCoordinator.java:280)
	at org.hibernate.tool.schema.spi.SchemaManagementToolCoordinator.lambda$process$5(SchemaManagementToolCoordinator.java:144)
	at java.base/java.util.HashMap.forEach(HashMap.java:1429)
	at org.hibernate.tool.schema.spi.SchemaManagementToolCoordinator.process(SchemaManagementToolCoordinator.java:141)
	at org.hibernate.boot.internal.SessionFactoryObserverForSchemaExport.sessionFactoryCreated(SessionFactoryObserverForSchemaExport.java:37)
	at org.hibernate.internal.SessionFactoryObserverChain.sessionFactoryCreated(SessionFactoryObserverChain.java:35)
	at org.hibernate.internal.SessionFactoryImpl.<init>(SessionFactoryImpl.java:322)
	at org.hibernate.boot.internal.SessionFactoryBuilderImpl.build(SessionFactoryBuilderImpl.java:457)
	at org.hibernate.cfg.Configuration.buildSessionFactory(Configuration.java:997)
	at org.hibernate.cfg.Configuration.buildSessionFactory(Configuration.java:1016)
	at com.billing.util.HibernateUtil.initializeSessionFactory(HibernateUtil.java:83)
	at com.billing.util.HibernateUtil.getSessionFactory(HibernateUtil.java:32)
	at com.billing.main.MainApplication.main(MainApplication.java:37)
Caused by: java.sql.SQLException: Cannot change column 'code': used in a foreign key constraint 'item_ibfk_1' of table 'facturacio.item'
	at com.mysql.cj.jdbc.exceptions.SQLError.createSQLException(SQLError.java:130)
	at com.mysql.cj.jdbc.exceptions.SQLExceptionsMapping.translateException(SQLExceptionsMapping.java:122)
	at com.mysql.cj.jdbc.StatementImpl.executeInternal(StatementImpl.java:767)
	at com.mysql.cj.jdbc.StatementImpl.execute(StatementImpl.java:652)
	at org.hibernate.tool.schema.internal.exec.GenerationTargetToDatabase.accept(GenerationTargetToDatabase.java:80)
	... 19 more

feb 20, 2026 3:40:58 P. M. org.hibernate.tool.schema.internal.ExceptionHandlerLoggedImpl handleException
WARN: GenerationTarget encountered exception accepting command : Error executing DDL "
    alter table party 
       modify column id integer not null auto_increment" via JDBC [Referencing column 'party_id' and referenced column 'id' in foreign key constraint 'business_document_ibfk_1' are incompatible.]
org.hibernate.tool.schema.spi.CommandAcceptanceException: Error executing DDL "
    alter table party 
       modify column id integer not null auto_increment" via JDBC [Referencing column 'party_id' and referenced column 'id' in foreign key constraint 'business_document_ibfk_1' are incompatible.]
	at org.hibernate.tool.schema.internal.exec.GenerationTargetToDatabase.accept(GenerationTargetToDatabase.java:94)
	at org.hibernate.tool.schema.internal.AbstractSchemaMigrator.applySqlString(AbstractSchemaMigrator.java:583)
	at org.hibernate.tool.schema.internal.AbstractSchemaMigrator.applySqlStrings(AbstractSchemaMigrator.java:523)
	at org.hibernate.tool.schema.internal.AbstractSchemaMigrator.migrateTable(AbstractSchemaMigrator.java:341)
	at org.hibernate.tool.schema.internal.GroupedSchemaMigratorImpl.performTablesMigration(GroupedSchemaMigratorImpl.java:84)
	at org.hibernate.tool.schema.internal.AbstractSchemaMigrator.performMigration(AbstractSchemaMigrator.java:240)
	at org.hibernate.tool.schema.internal.AbstractSchemaMigrator.doMigration(AbstractSchemaMigrator.java:119)
	at org.hibernate.tool.schema.spi.SchemaManagementToolCoordinator.performDatabaseAction(SchemaManagementToolCoordinator.java:280)
	at org.hibernate.tool.schema.spi.SchemaManagementToolCoordinator.lambda$process$5(SchemaManagementToolCoordinator.java:144)
	at java.base/java.util.HashMap.forEach(HashMap.java:1429)
	at org.hibernate.tool.schema.spi.SchemaManagementToolCoordinator.process(SchemaManagementToolCoordinator.java:141)
	at org.hibernate.boot.internal.SessionFactoryObserverForSchemaExport.sessionFactoryCreated(SessionFactoryObserverForSchemaExport.java:37)
	at org.hibernate.internal.SessionFactoryObserverChain.sessionFactoryCreated(SessionFactoryObserverChain.java:35)
	at org.hibernate.internal.SessionFactoryImpl.<init>(SessionFactoryImpl.java:322)
	at org.hibernate.boot.internal.SessionFactoryBuilderImpl.build(SessionFactoryBuilderImpl.java:457)
	at org.hibernate.cfg.Configuration.buildSessionFactory(Configuration.java:997)
	at org.hibernate.cfg.Configuration.buildSessionFactory(Configuration.java:1016)
	at com.billing.util.HibernateUtil.initializeSessionFactory(HibernateUtil.java:83)
	at com.billing.util.HibernateUtil.getSessionFactory(HibernateUtil.java:32)
	at com.billing.main.MainApplication.main(MainApplication.java:37)
Caused by: java.sql.SQLException: Referencing column 'party_id' and referenced column 'id' in foreign key constraint 'business_document_ibfk_1' are incompatible.
	at com.mysql.cj.jdbc.exceptions.SQLError.createSQLException(SQLError.java:130)
	at com.mysql.cj.jdbc.exceptions.SQLExceptionsMapping.translateException(SQLExceptionsMapping.java:122)
	at com.mysql.cj.jdbc.StatementImpl.executeInternal(StatementImpl.java:767)
	at com.mysql.cj.jdbc.StatementImpl.execute(StatementImpl.java:652)
	at org.hibernate.tool.schema.internal.exec.GenerationTargetToDatabase.accept(GenerationTargetToDatabase.java:80)
	... 19 more

feb 20, 2026 3:40:58 P. M. org.hibernate.tool.schema.internal.ExceptionHandlerLoggedImpl handleException
WARN: GenerationTarget encountered exception accepting command : Error executing DDL "
    alter table supplier 
       modify column id integer not null" via JDBC [Referencing column 'id' and referenced column 'id' in foreign key constraint 'supplier_ibfk_1' are incompatible.]
org.hibernate.tool.schema.spi.CommandAcceptanceException: Error executing DDL "
    alter table supplier 
       modify column id integer not null" via JDBC [Referencing column 'id' and referenced column 'id' in foreign key constraint 'supplier_ibfk_1' are incompatible.]
	at org.hibernate.tool.schema.internal.exec.GenerationTargetToDatabase.accept(GenerationTargetToDatabase.java:94)
	at org.hibernate.tool.schema.internal.AbstractSchemaMigrator.applySqlString(AbstractSchemaMigrator.java:583)
	at org.hibernate.tool.schema.internal.AbstractSchemaMigrator.applySqlStrings(AbstractSchemaMigrator.java:523)
	at org.hibernate.tool.schema.internal.AbstractSchemaMigrator.migrateTable(AbstractSchemaMigrator.java:341)
	at org.hibernate.tool.schema.internal.GroupedSchemaMigratorImpl.performTablesMigration(GroupedSchemaMigratorImpl.java:84)
	at org.hibernate.tool.schema.internal.AbstractSchemaMigrator.performMigration(AbstractSchemaMigrator.java:240)
	at org.hibernate.tool.schema.internal.AbstractSchemaMigrator.doMigration(AbstractSchemaMigrator.java:119)
	at org.hibernate.tool.schema.spi.SchemaManagementToolCoordinator.performDatabaseAction(SchemaManagementToolCoordinator.java:280)
	at org.hibernate.tool.schema.spi.SchemaManagementToolCoordinator.lambda$process$5(SchemaManagementToolCoordinator.java:144)
	at java.base/java.util.HashMap.forEach(HashMap.java:1429)
	at org.hibernate.tool.schema.spi.SchemaManagementToolCoordinator.process(SchemaManagementToolCoordinator.java:141)
	at org.hibernate.boot.internal.SessionFactoryObserverForSchemaExport.sessionFactoryCreated(SessionFactoryObserverForSchemaExport.java:37)
	at org.hibernate.internal.SessionFactoryObserverChain.sessionFactoryCreated(SessionFactoryObserverChain.java:35)
	at org.hibernate.internal.SessionFactoryImpl.<init>(SessionFactoryImpl.java:322)
	at org.hibernate.boot.internal.SessionFactoryBuilderImpl.build(SessionFactoryBuilderImpl.java:457)
	at org.hibernate.cfg.Configuration.buildSessionFactory(Configuration.java:997)
	at org.hibernate.cfg.Configuration.buildSessionFactory(Configuration.java:1016)
	at com.billing.util.HibernateUtil.initializeSessionFactory(HibernateUtil.java:83)
	at com.billing.util.HibernateUtil.getSessionFactory(HibernateUtil.java:32)
	at com.billing.main.MainApplication.main(MainApplication.java:37)
Caused by: java.sql.SQLException: Referencing column 'id' and referenced column 'id' in foreign key constraint 'supplier_ibfk_1' are incompatible.
	at com.mysql.cj.jdbc.exceptions.SQLError.createSQLException(SQLError.java:130)
	at com.mysql.cj.jdbc.exceptions.SQLExceptionsMapping.translateException(SQLExceptionsMapping.java:122)
	at com.mysql.cj.jdbc.StatementImpl.executeInternal(StatementImpl.java:767)
	at com.mysql.cj.jdbc.StatementImpl.execute(StatementImpl.java:652)
	at org.hibernate.tool.schema.internal.exec.GenerationTargetToDatabase.accept(GenerationTargetToDatabase.java:80)
	... 19 more

feb 20, 2026 3:40:58 P. M. com.billing.util.HibernateUtil initializeSessionFactory
INFO: Hibernate SessionFactory initialized successfully for MySQL database
feb 20, 2026 3:40:58 P. M. com.billing.service.ClientService <init>
INFO: ClientService initialized with PartyRepository
feb 20, 2026 3:40:58 P. M. com.billing.service.SupplierService <init>
INFO: SupplierService initialized with PartyRepository
feb 20, 2026 3:41:00 P. M. com.billing.main.MainApplication lambda$main$2
INFO: Application started successfully with MySQL database
feb 20, 2026 3:46:43 P. M. com.billing.main.MainApplication main
INFO: Initializing Hibernate with MySQL database...
feb 20, 2026 3:46:43 P. M. com.billing.util.HibernateUtil initializeSessionFactory
INFO: Initializing Hibernate SessionFactory with hibernate.cfg.xml...
feb 20, 2026 3:46:43 P. M. com.billing.util.HibernateUtil initializeSessionFactory
INFO: Configuration file found at: file:/C:/Users/albag/Documents/2o/ACCESO%20DATOS/TEMA%203/Hibernate/target/classes/hibernate.cfg.xml
feb 20, 2026 3:46:43 P. M. org.hibernate.Version logVersion
INFO: HHH000412: Hibernate ORM core version 6.5.3.Final
feb 20, 2026 3:46:43 P. M. org.hibernate.cache.internal.RegionFactoryInitiator initiateService
INFO: HHH000026: Second-level cache disabled
feb 20, 2026 3:46:44 P. M. org.hibernate.engine.jdbc.connections.internal.DriverManagerConnectionProviderImpl configure
WARN: HHH10001002: Using built-in connection pool (not intended for production use)
feb 20, 2026 3:46:44 P. M. org.hibernate.engine.jdbc.connections.internal.DriverManagerConnectionProviderImpl buildCreator
INFO: HHH10001005: Loaded JDBC driver class: com.mysql.cj.jdbc.Driver
feb 20, 2026 3:46:44 P. M. org.hibernate.engine.jdbc.connections.internal.DriverManagerConnectionProviderImpl buildCreator
INFO: HHH10001012: Connecting with JDBC URL [jdbc:mysql://localhost:3306/facturacio?useSSL=false&serverTimezone=UTC&allowPublicKeyRetrieval=true]
feb 20, 2026 3:46:44 P. M. org.hibernate.engine.jdbc.connections.internal.DriverManagerConnectionProviderImpl buildCreator
INFO: HHH10001001: Connection properties: {password=****, user=usuario}
feb 20, 2026 3:46:44 P. M. org.hibernate.engine.jdbc.connections.internal.DriverManagerConnectionProviderImpl buildCreator
INFO: HHH10001003: Autocommit mode: false
feb 20, 2026 3:46:44 P. M. org.hibernate.engine.jdbc.connections.internal.DriverManagerConnectionProviderImpl$PooledConnections <init>
INFO: HHH10001115: Connection pool size: 1 (min=1)
feb 20, 2026 3:46:44 P. M. org.hibernate.engine.jdbc.dialect.internal.DialectFactoryImpl constructDialect
WARN: HHH90000025: MySQL8Dialect does not need to be specified explicitly using 'hibernate.dialect' (remove the property setting and it will be selected by default)
feb 20, 2026 3:46:44 P. M. org.hibernate.engine.jdbc.dialect.internal.DialectFactoryImpl logSelectedDialect
WARN: HHH90000026: MySQL8Dialect has been deprecated; use org.hibernate.dialect.MySQLDialect instead
feb 20, 2026 3:46:46 P. M. com.billing.util.HibernateUtil initializeSessionFactory
INFO: Hibernate SessionFactory initialized successfully for MySQL database
feb 20, 2026 3:46:46 P. M. com.billing.service.ClientService <init>
INFO: ClientService initialized with PartyRepository
feb 20, 2026 3:46:46 P. M. com.billing.service.SupplierService <init>
INFO: SupplierService initialized with PartyRepository
feb 20, 2026 3:46:47 P. M. com.billing.service.ClientService <init>
INFO: ClientService initialized with PartyRepository
feb 20, 2026 3:46:47 P. M. com.billing.main.MainApplication lambda$main$2
INFO: Application started successfully with MySQL database
feb 20, 2026 3:47:25 P. M. com.billing.service.SalesService createQuotation
INFO: Quotation created: QT0001
feb 20, 2026 3:47:40 P. M. com.billing.service.SalesService confirmOrder
INFO: Order confirmed: SO0001
feb 20, 2026 3:47:45 P. M. com.billing.service.SalesService lambda$2
INFO: DeliveryNote generated from Order SO0001: DN0001
feb 20, 2026 3:48:12 P. M. com.billing.service.SalesService lambda$3
INFO: Invoice generated from DeliveryNote 1: INV0002
feb 20, 2026 3:48:15 P. M. com.billing.service.SalesService lambda$3
INFO: Invoice generated from DeliveryNote 1: INV0003
feb 20, 2026 3:48:21 P. M. com.billing.service.SalesService lambda$3
INFO: Invoice generated from DeliveryNote 1: INV0004
feb 20, 2026 3:48:25 P. M. com.billing.service.SalesService confirmOrder
INFO: Order confirmed: SO0002
feb 20, 2026 3:48:39 P. M. com.billing.service.SalesService lambda$3
INFO: Invoice generated from DeliveryNote 1: INV0005
feb 20, 2026 3:48:43 P. M. com.billing.service.SalesService lambda$3
INFO: Invoice generated from DeliveryNote 1: INV0006
feb 20, 2026 3:49:01 P. M. com.billing.service.SalesService confirmOrder
INFO: Order confirmed: SO0003
feb 20, 2026 4:25:37 P. M. com.billing.main.MainApplication main
INFO: Initializing Hibernate with MySQL database...
feb 20, 2026 4:25:37 P. M. com.billing.util.HibernateUtil initializeSessionFactory
INFO: Initializing Hibernate SessionFactory with hibernate.cfg.xml...
feb 20, 2026 4:25:37 P. M. com.billing.util.HibernateUtil initializeSessionFactory
INFO: Configuration file found at: file:/C:/Users/albag/Documents/2o/ACCESO%20DATOS/TEMA%203/Hibernate/target/classes/hibernate.cfg.xml
feb 20, 2026 4:25:37 P. M. org.hibernate.Version logVersion
INFO: HHH000412: Hibernate ORM core version 6.5.3.Final
feb 20, 2026 4:25:38 P. M. org.hibernate.cache.internal.RegionFactoryInitiator initiateService
INFO: HHH000026: Second-level cache disabled
feb 20, 2026 4:25:38 P. M. org.hibernate.engine.jdbc.connections.internal.DriverManagerConnectionProviderImpl configure
WARN: HHH10001002: Using built-in connection pool (not intended for production use)
feb 20, 2026 4:25:38 P. M. org.hibernate.engine.jdbc.connections.internal.DriverManagerConnectionProviderImpl buildCreator
INFO: HHH10001005: Loaded JDBC driver class: com.mysql.cj.jdbc.Driver
feb 20, 2026 4:25:38 P. M. org.hibernate.engine.jdbc.connections.internal.DriverManagerConnectionProviderImpl buildCreator
INFO: HHH10001012: Connecting with JDBC URL [jdbc:mysql://localhost:3306/facturacio?useSSL=false&serverTimezone=UTC&allowPublicKeyRetrieval=true]
feb 20, 2026 4:25:38 P. M. org.hibernate.engine.jdbc.connections.internal.DriverManagerConnectionProviderImpl buildCreator
INFO: HHH10001001: Connection properties: {password=****, user=usuario}
feb 20, 2026 4:25:38 P. M. org.hibernate.engine.jdbc.connections.internal.DriverManagerConnectionProviderImpl buildCreator
INFO: HHH10001003: Autocommit mode: false
feb 20, 2026 4:25:38 P. M. org.hibernate.engine.jdbc.connections.internal.DriverManagerConnectionProviderImpl$PooledConnections <init>
INFO: HHH10001115: Connection pool size: 1 (min=1)
feb 20, 2026 4:25:38 P. M. org.hibernate.engine.jdbc.dialect.internal.DialectFactoryImpl constructDialect
WARN: HHH90000025: MySQL8Dialect does not need to be specified explicitly using 'hibernate.dialect' (remove the property setting and it will be selected by default)
feb 20, 2026 4:25:38 P. M. org.hibernate.engine.jdbc.dialect.internal.DialectFactoryImpl logSelectedDialect
WARN: HHH90000026: MySQL8Dialect has been deprecated; use org.hibernate.dialect.MySQLDialect instead
feb 20, 2026 4:25:40 P. M. com.billing.util.HibernateUtil initializeSessionFactory
INFO: Hibernate SessionFactory initialized successfully for MySQL database
feb 20, 2026 4:25:40 P. M. com.billing.service.ClientService <init>
INFO: ClientService initialized with PartyRepository
feb 20, 2026 4:25:40 P. M. com.billing.service.SupplierService <init>
INFO: SupplierService initialized with PartyRepository
feb 20, 2026 4:25:41 P. M. com.billing.service.ClientService <init>
INFO: ClientService initialized with PartyRepository
feb 20, 2026 4:25:41 P. M. com.billing.main.MainApplication lambda$main$2
INFO: Application started successfully with MySQL database
feb 20, 2026 4:26:05 P. M. com.billing.service.SalesService createQuotation
INFO: Quotation created: QT0001
feb 20, 2026 4:26:09 P. M. com.billing.service.SalesService confirmOrder
INFO: Order confirmed: SO0001
feb 20, 2026 4:27:07 P. M. com.billing.service.SalesService lambda$generateDeliveryNote$2
INFO: DeliveryNote generated from Order SO0001: DN0007
feb 20, 2026 4:27:17 P. M. com.billing.service.SalesService lambda$generateDeliveryNote$2
INFO: DeliveryNote generated from Order SO0001: DN0008
feb 20, 2026 4:27:41 P. M. com.billing.service.SalesService lambda$generateInvoice$3
INFO: Invoice generated from DeliveryNote 8: INV0009
feb 20, 2026 4:32:09 P. M. com.billing.main.MainApplication main
INFO: Initializing Hibernate with MySQL database...
feb 20, 2026 4:32:09 P. M. com.billing.util.HibernateUtil initializeSessionFactory
INFO: Initializing Hibernate SessionFactory with hibernate.cfg.xml...
feb 20, 2026 4:32:09 P. M. com.billing.util.HibernateUtil initializeSessionFactory
INFO: Configuration file found at: file:/C:/Users/albag/Documents/2o/ACCESO%20DATOS/TEMA%203/Hibernate/target/classes/hibernate.cfg.xml
feb 20, 2026 4:32:09 P. M. org.hibernate.Version logVersion
INFO: HHH000412: Hibernate ORM core version 6.5.3.Final
feb 20, 2026 4:32:10 P. M. org.hibernate.cache.internal.RegionFactoryInitiator initiateService
INFO: HHH000026: Second-level cache disabled
feb 20, 2026 4:32:10 P. M. org.hibernate.engine.jdbc.connections.internal.DriverManagerConnectionProviderImpl configure
WARN: HHH10001002: Using built-in connection pool (not intended for production use)
feb 20, 2026 4:32:10 P. M. org.hibernate.engine.jdbc.connections.internal.DriverManagerConnectionProviderImpl buildCreator
INFO: HHH10001005: Loaded JDBC driver class: com.mysql.cj.jdbc.Driver
feb 20, 2026 4:32:10 P. M. org.hibernate.engine.jdbc.connections.internal.DriverManagerConnectionProviderImpl buildCreator
INFO: HHH10001012: Connecting with JDBC URL [jdbc:mysql://localhost:3306/facturacio?useSSL=false&serverTimezone=UTC&allowPublicKeyRetrieval=true]
feb 20, 2026 4:32:10 P. M. org.hibernate.engine.jdbc.connections.internal.DriverManagerConnectionProviderImpl buildCreator
INFO: HHH10001001: Connection properties: {password=****, user=usuario}
feb 20, 2026 4:32:10 P. M. org.hibernate.engine.jdbc.connections.internal.DriverManagerConnectionProviderImpl buildCreator
INFO: HHH10001003: Autocommit mode: false
feb 20, 2026 4:32:10 P. M. org.hibernate.engine.jdbc.connections.internal.DriverManagerConnectionProviderImpl$PooledConnections <init>
INFO: HHH10001115: Connection pool size: 1 (min=1)
feb 20, 2026 4:32:10 P. M. org.hibernate.engine.jdbc.dialect.internal.DialectFactoryImpl constructDialect
WARN: HHH90000025: MySQL8Dialect does not need to be specified explicitly using 'hibernate.dialect' (remove the property setting and it will be selected by default)
feb 20, 2026 4:32:10 P. M. org.hibernate.engine.jdbc.dialect.internal.DialectFactoryImpl logSelectedDialect
WARN: HHH90000026: MySQL8Dialect has been deprecated; use org.hibernate.dialect.MySQLDialect instead
feb 20, 2026 4:32:12 P. M. com.billing.util.HibernateUtil initializeSessionFactory
INFO: Hibernate SessionFactory initialized successfully for MySQL database
feb 20, 2026 4:32:12 P. M. com.billing.service.ClientService <init>
INFO: ClientService initialized with PartyRepository
feb 20, 2026 4:32:12 P. M. com.billing.service.SupplierService <init>
INFO: SupplierService initialized with PartyRepository
feb 20, 2026 4:32:13 P. M. com.billing.service.ClientService <init>
INFO: ClientService initialized with PartyRepository
feb 20, 2026 4:32:13 P. M. com.billing.main.MainApplication lambda$main$2
INFO: Application started successfully with MySQL database
feb 20, 2026 4:35:48 P. M. com.billing.main.MainApplication main
INFO: Initializing Hibernate with MySQL database...
feb 20, 2026 4:35:48 P. M. com.billing.util.HibernateUtil initializeSessionFactory
INFO: Initializing Hibernate SessionFactory with hibernate.cfg.xml...
feb 20, 2026 4:35:48 P. M. com.billing.util.HibernateUtil initializeSessionFactory
INFO: Configuration file found at: file:/C:/Users/albag/Documents/2o/ACCESO%20DATOS/TEMA%203/Hibernate/target/classes/hibernate.cfg.xml
feb 20, 2026 4:35:49 P. M. org.hibernate.Version logVersion
INFO: HHH000412: Hibernate ORM core version 6.5.3.Final
feb 20, 2026 4:35:49 P. M. org.hibernate.cache.internal.RegionFactoryInitiator initiateService
INFO: HHH000026: Second-level cache disabled
feb 20, 2026 4:35:49 P. M. org.hibernate.engine.jdbc.connections.internal.DriverManagerConnectionProviderImpl configure
WARN: HHH10001002: Using built-in connection pool (not intended for production use)
feb 20, 2026 4:35:49 P. M. org.hibernate.engine.jdbc.connections.internal.DriverManagerConnectionProviderImpl buildCreator
INFO: HHH10001005: Loaded JDBC driver class: com.mysql.cj.jdbc.Driver
feb 20, 2026 4:35:49 P. M. org.hibernate.engine.jdbc.connections.internal.DriverManagerConnectionProviderImpl buildCreator
INFO: HHH10001012: Connecting with JDBC URL [jdbc:mysql://localhost:3306/facturacio?useSSL=false&serverTimezone=UTC&allowPublicKeyRetrieval=true]
feb 20, 2026 4:35:49 P. M. org.hibernate.engine.jdbc.connections.internal.DriverManagerConnectionProviderImpl buildCreator
INFO: HHH10001001: Connection properties: {password=****, user=usuario}
feb 20, 2026 4:35:49 P. M. org.hibernate.engine.jdbc.connections.internal.DriverManagerConnectionProviderImpl buildCreator
INFO: HHH10001003: Autocommit mode: false
feb 20, 2026 4:35:49 P. M. org.hibernate.engine.jdbc.connections.internal.DriverManagerConnectionProviderImpl$PooledConnections <init>
INFO: HHH10001115: Connection pool size: 1 (min=1)
feb 20, 2026 4:35:49 P. M. org.hibernate.engine.jdbc.dialect.internal.DialectFactoryImpl constructDialect
WARN: HHH90000025: MySQL8Dialect does not need to be specified explicitly using 'hibernate.dialect' (remove the property setting and it will be selected by default)
feb 20, 2026 4:35:49 P. M. org.hibernate.engine.jdbc.dialect.internal.DialectFactoryImpl logSelectedDialect
WARN: HHH90000026: MySQL8Dialect has been deprecated; use org.hibernate.dialect.MySQLDialect instead
feb 20, 2026 4:35:51 P. M. com.billing.util.HibernateUtil initializeSessionFactory
INFO: Hibernate SessionFactory initialized successfully for MySQL database
feb 20, 2026 4:35:52 P. M. com.billing.service.ClientService <init>
INFO: ClientService initialized with PartyRepository
feb 20, 2026 4:35:52 P. M. com.billing.service.SupplierService <init>
INFO: SupplierService initialized with PartyRepository
feb 20, 2026 4:35:53 P. M. com.billing.service.ClientService <init>
INFO: ClientService initialized with PartyRepository
feb 20, 2026 4:35:54 P. M. com.billing.main.MainApplication lambda$main$2
INFO: Application started successfully with MySQL database
feb 20, 2026 4:37:34 P. M. com.billing.main.MainApplication main
INFO: Initializing Hibernate with MySQL database...
feb 20, 2026 4:37:34 P. M. com.billing.util.HibernateUtil initializeSessionFactory
INFO: Initializing Hibernate SessionFactory with hibernate.cfg.xml...
feb 20, 2026 4:37:34 P. M. com.billing.util.HibernateUtil initializeSessionFactory
INFO: Configuration file found at: file:/C:/Users/albag/Documents/2o/ACCESO%20DATOS/TEMA%203/Hibernate/target/classes/hibernate.cfg.xml
feb 20, 2026 4:37:34 P. M. org.hibernate.Version logVersion
INFO: HHH000412: Hibernate ORM core version 6.5.3.Final
feb 20, 2026 4:37:34 P. M. org.hibernate.cache.internal.RegionFactoryInitiator initiateService
INFO: HHH000026: Second-level cache disabled
feb 20, 2026 4:37:35 P. M. org.hibernate.engine.jdbc.connections.internal.DriverManagerConnectionProviderImpl configure
WARN: HHH10001002: Using built-in connection pool (not intended for production use)
feb 20, 2026 4:37:35 P. M. org.hibernate.engine.jdbc.connections.internal.DriverManagerConnectionProviderImpl buildCreator
INFO: HHH10001005: Loaded JDBC driver class: com.mysql.cj.jdbc.Driver
feb 20, 2026 4:37:35 P. M. org.hibernate.engine.jdbc.connections.internal.DriverManagerConnectionProviderImpl buildCreator
INFO: HHH10001012: Connecting with JDBC URL [jdbc:mysql://localhost:3306/facturacio?useSSL=false&serverTimezone=UTC&allowPublicKeyRetrieval=true]
feb 20, 2026 4:37:35 P. M. org.hibernate.engine.jdbc.connections.internal.DriverManagerConnectionProviderImpl buildCreator
INFO: HHH10001001: Connection properties: {password=****, user=usuario}
feb 20, 2026 4:37:35 P. M. org.hibernate.engine.jdbc.connections.internal.DriverManagerConnectionProviderImpl buildCreator
INFO: HHH10001003: Autocommit mode: false
feb 20, 2026 4:37:35 P. M. org.hibernate.engine.jdbc.connections.internal.DriverManagerConnectionProviderImpl$PooledConnections <init>
INFO: HHH10001115: Connection pool size: 1 (min=1)
feb 20, 2026 4:37:35 P. M. org.hibernate.engine.jdbc.dialect.internal.DialectFactoryImpl constructDialect
WARN: HHH90000025: MySQL8Dialect does not need to be specified explicitly using 'hibernate.dialect' (remove the property setting and it will be selected by default)
feb 20, 2026 4:37:35 P. M. org.hibernate.engine.jdbc.dialect.internal.DialectFactoryImpl logSelectedDialect
WARN: HHH90000026: MySQL8Dialect has been deprecated; use org.hibernate.dialect.MySQLDialect instead
feb 20, 2026 4:37:37 P. M. com.billing.util.HibernateUtil initializeSessionFactory
INFO: Hibernate SessionFactory initialized successfully for MySQL database
feb 20, 2026 4:37:37 P. M. com.billing.service.ClientService <init>
INFO: ClientService initialized with PartyRepository
feb 20, 2026 4:37:37 P. M. com.billing.service.SupplierService <init>
INFO: SupplierService initialized with PartyRepository
feb 20, 2026 4:37:38 P. M. com.billing.service.ClientService <init>
INFO: ClientService initialized with PartyRepository
feb 20, 2026 4:37:38 P. M. com.billing.main.MainApplication lambda$main$2
INFO: Application started successfully with MySQL database
feb 20, 2026 4:47:16 P. M. com.billing.main.MainApplication main
INFO: Initializing Hibernate with MySQL database...
feb 20, 2026 4:47:16 P. M. com.billing.util.HibernateUtil initializeSessionFactory
INFO: Initializing Hibernate SessionFactory with hibernate.cfg.xml...
feb 20, 2026 4:47:17 P. M. com.billing.util.HibernateUtil initializeSessionFactory
INFO: Configuration file found at: file:/C:/Users/albag/Documents/2o/ACCESO%20DATOS/TEMA%203/Hibernate/target/classes/hibernate.cfg.xml
feb 20, 2026 4:47:17 P. M. org.hibernate.Version logVersion
INFO: HHH000412: Hibernate ORM core version 6.5.3.Final
feb 20, 2026 4:47:17 P. M. org.hibernate.cache.internal.RegionFactoryInitiator initiateService
INFO: HHH000026: Second-level cache disabled
feb 20, 2026 4:47:17 P. M. org.hibernate.engine.jdbc.connections.internal.DriverManagerConnectionProviderImpl configure
WARN: HHH10001002: Using built-in connection pool (not intended for production use)
feb 20, 2026 4:47:17 P. M. org.hibernate.engine.jdbc.connections.internal.DriverManagerConnectionProviderImpl buildCreator
INFO: HHH10001005: Loaded JDBC driver class: com.mysql.cj.jdbc.Driver
feb 20, 2026 4:47:17 P. M. org.hibernate.engine.jdbc.connections.internal.DriverManagerConnectionProviderImpl buildCreator
INFO: HHH10001012: Connecting with JDBC URL [jdbc:mysql://localhost:3306/facturacio?useSSL=false&serverTimezone=UTC&allowPublicKeyRetrieval=true]
feb 20, 2026 4:47:17 P. M. org.hibernate.engine.jdbc.connections.internal.DriverManagerConnectionProviderImpl buildCreator
INFO: HHH10001001: Connection properties: {password=****, user=usuario}
feb 20, 2026 4:47:17 P. M. org.hibernate.engine.jdbc.connections.internal.DriverManagerConnectionProviderImpl buildCreator
INFO: HHH10001003: Autocommit mode: false
feb 20, 2026 4:47:17 P. M. org.hibernate.engine.jdbc.connections.internal.DriverManagerConnectionProviderImpl$PooledConnections <init>
INFO: HHH10001115: Connection pool size: 1 (min=1)
feb 20, 2026 4:47:17 P. M. org.hibernate.engine.jdbc.dialect.internal.DialectFactoryImpl constructDialect
WARN: HHH90000025: MySQL8Dialect does not need to be specified explicitly using 'hibernate.dialect' (remove the property setting and it will be selected by default)
feb 20, 2026 4:47:17 P. M. org.hibernate.engine.jdbc.dialect.internal.DialectFactoryImpl logSelectedDialect
WARN: HHH90000026: MySQL8Dialect has been deprecated; use org.hibernate.dialect.MySQLDialect instead
feb 20, 2026 4:47:19 P. M. com.billing.util.HibernateUtil initializeSessionFactory
INFO: Hibernate SessionFactory initialized successfully for MySQL database
feb 20, 2026 4:47:19 P. M. com.billing.service.ClientService <init>
INFO: ClientService initialized with PartyRepository
feb 20, 2026 4:47:19 P. M. com.billing.service.SupplierService <init>
INFO: SupplierService initialized with PartyRepository
feb 20, 2026 4:47:20 P. M. com.billing.service.ClientService <init>
INFO: ClientService initialized with PartyRepository
feb 20, 2026 4:47:21 P. M. com.billing.main.MainApplication lambda$main$2
INFO: Application started successfully with MySQL database
feb 20, 2026 4:47:58 P. M. com.billing.service.SalesService createQuotation
INFO: Quotation created: QT0001
feb 20, 2026 4:48:00 P. M. com.billing.service.SalesService confirmOrder
INFO: Order confirmed: SO0001
feb 20, 2026 4:48:05 P. M. com.billing.service.SalesService lambda$generateDeliveryNote$2
INFO: DeliveryNote generated from Order SO0001: DN0010
feb 20, 2026 4:50:18 P. M. com.billing.service.SalesService createQuotation
INFO: Quotation created: QT0002
feb 20, 2026 4:50:21 P. M. com.billing.service.SalesService confirmOrder
INFO: Order confirmed: SO0002
feb 20, 2026 4:50:23 P. M. com.billing.service.SalesService lambda$generateDeliveryNote$2
INFO: DeliveryNote generated from Order SO0002: DN0011
feb 20, 2026 5:02:02 P. M. com.billing.main.MainApplication main
INFO: Initializing Hibernate with MySQL database...
feb 20, 2026 5:02:02 P. M. com.billing.util.HibernateUtil initializeSessionFactory
INFO: Initializing Hibernate SessionFactory with hibernate.cfg.xml...
feb 20, 2026 5:02:02 P. M. com.billing.util.HibernateUtil initializeSessionFactory
INFO: Configuration file found at: file:/C:/Users/albag/Documents/2o/ACCESO%20DATOS/TEMA%203/Hibernate/target/classes/hibernate.cfg.xml
feb 20, 2026 5:02:02 P. M. org.hibernate.Version logVersion
INFO: HHH000412: Hibernate ORM core version 6.5.3.Final
feb 20, 2026 5:02:02 P. M. org.hibernate.cache.internal.RegionFactoryInitiator initiateService
INFO: HHH000026: Second-level cache disabled
feb 20, 2026 5:02:02 P. M. org.hibernate.engine.jdbc.connections.internal.DriverManagerConnectionProviderImpl configure
WARN: HHH10001002: Using built-in connection pool (not intended for production use)
feb 20, 2026 5:02:02 P. M. org.hibernate.engine.jdbc.connections.internal.DriverManagerConnectionProviderImpl buildCreator
INFO: HHH10001005: Loaded JDBC driver class: com.mysql.cj.jdbc.Driver
feb 20, 2026 5:02:02 P. M. org.hibernate.engine.jdbc.connections.internal.DriverManagerConnectionProviderImpl buildCreator
INFO: HHH10001012: Connecting with JDBC URL [jdbc:mysql://localhost:3306/facturacio?useSSL=false&serverTimezone=UTC&allowPublicKeyRetrieval=true]
feb 20, 2026 5:02:02 P. M. org.hibernate.engine.jdbc.connections.internal.DriverManagerConnectionProviderImpl buildCreator
INFO: HHH10001001: Connection properties: {password=****, user=usuario}
feb 20, 2026 5:02:02 P. M. org.hibernate.engine.jdbc.connections.internal.DriverManagerConnectionProviderImpl buildCreator
INFO: HHH10001003: Autocommit mode: false
feb 20, 2026 5:02:02 P. M. org.hibernate.engine.jdbc.connections.internal.DriverManagerConnectionProviderImpl$PooledConnections <init>
INFO: HHH10001115: Connection pool size: 1 (min=1)
feb 20, 2026 5:02:03 P. M. org.hibernate.engine.jdbc.dialect.internal.DialectFactoryImpl constructDialect
WARN: HHH90000025: MySQL8Dialect does not need to be specified explicitly using 'hibernate.dialect' (remove the property setting and it will be selected by default)
feb 20, 2026 5:02:03 P. M. org.hibernate.engine.jdbc.dialect.internal.DialectFactoryImpl logSelectedDialect
WARN: HHH90000026: MySQL8Dialect has been deprecated; use org.hibernate.dialect.MySQLDialect instead
feb 20, 2026 5:02:04 P. M. com.billing.util.HibernateUtil initializeSessionFactory
INFO: Hibernate SessionFactory initialized successfully for MySQL database
feb 20, 2026 5:02:04 P. M. com.billing.service.ClientService <init>
INFO: ClientService initialized with PartyRepository
feb 20, 2026 5:02:04 P. M. com.billing.service.SupplierService <init>
INFO: SupplierService initialized with PartyRepository
feb 20, 2026 5:02:05 P. M. com.billing.service.ClientService <init>
INFO: ClientService initialized with PartyRepository
feb 20, 2026 5:02:06 P. M. com.billing.main.MainApplication lambda$1
INFO: Application started successfully with MySQL database
feb 20, 2026 5:02:41 P. M. com.billing.service.SalesService createQuotation
INFO: Quotation created: QT0001
feb 20, 2026 5:02:42 P. M. com.billing.service.SalesService confirmOrder
INFO: Order confirmed: SO0001
feb 20, 2026 5:02:44 P. M. com.billing.service.SalesService lambda$generateDeliveryNote$2
INFO: DeliveryNote generated from Order SO0001: DN0012
feb 20, 2026 5:03:07 P. M. com.billing.main.MainApplication main
INFO: Initializing Hibernate with MySQL database...
feb 20, 2026 5:03:07 P. M. com.billing.util.HibernateUtil initializeSessionFactory
INFO: Initializing Hibernate SessionFactory with hibernate.cfg.xml...
feb 20, 2026 5:03:07 P. M. com.billing.util.HibernateUtil initializeSessionFactory
INFO: Configuration file found at: file:/C:/Users/albag/Documents/2o/ACCESO%20DATOS/TEMA%203/Hibernate/target/classes/hibernate.cfg.xml
feb 20, 2026 5:03:07 P. M. org.hibernate.Version logVersion
INFO: HHH000412: Hibernate ORM core version 6.5.3.Final
feb 20, 2026 5:03:08 P. M. org.hibernate.cache.internal.RegionFactoryInitiator initiateService
INFO: HHH000026: Second-level cache disabled
feb 20, 2026 5:03:08 P. M. org.hibernate.engine.jdbc.connections.internal.DriverManagerConnectionProviderImpl configure
WARN: HHH10001002: Using built-in connection pool (not intended for production use)
feb 20, 2026 5:03:08 P. M. org.hibernate.engine.jdbc.connections.internal.DriverManagerConnectionProviderImpl buildCreator
INFO: HHH10001005: Loaded JDBC driver class: com.mysql.cj.jdbc.Driver
feb 20, 2026 5:03:08 P. M. org.hibernate.engine.jdbc.connections.internal.DriverManagerConnectionProviderImpl buildCreator
INFO: HHH10001012: Connecting with JDBC URL [jdbc:mysql://localhost:3306/facturacio?useSSL=false&serverTimezone=UTC&allowPublicKeyRetrieval=true]
feb 20, 2026 5:03:08 P. M. org.hibernate.engine.jdbc.connections.internal.DriverManagerConnectionProviderImpl buildCreator
INFO: HHH10001001: Connection properties: {password=****, user=usuario}
feb 20, 2026 5:03:08 P. M. org.hibernate.engine.jdbc.connections.internal.DriverManagerConnectionProviderImpl buildCreator
INFO: HHH10001003: Autocommit mode: false
feb 20, 2026 5:03:08 P. M. org.hibernate.engine.jdbc.connections.internal.DriverManagerConnectionProviderImpl$PooledConnections <init>
INFO: HHH10001115: Connection pool size: 1 (min=1)
feb 20, 2026 5:03:08 P. M. org.hibernate.engine.jdbc.dialect.internal.DialectFactoryImpl constructDialect
WARN: HHH90000025: MySQL8Dialect does not need to be specified explicitly using 'hibernate.dialect' (remove the property setting and it will be selected by default)
feb 20, 2026 5:03:08 P. M. org.hibernate.engine.jdbc.dialect.internal.DialectFactoryImpl logSelectedDialect
WARN: HHH90000026: MySQL8Dialect has been deprecated; use org.hibernate.dialect.MySQLDialect instead
feb 20, 2026 5:03:10 P. M. com.billing.util.HibernateUtil initializeSessionFactory
INFO: Hibernate SessionFactory initialized successfully for MySQL database
feb 20, 2026 5:03:10 P. M. com.billing.service.ClientService <init>
INFO: ClientService initialized with PartyRepository
feb 20, 2026 5:03:10 P. M. com.billing.service.SupplierService <init>
INFO: SupplierService initialized with PartyRepository
feb 20, 2026 5:03:11 P. M. com.billing.service.ClientService <init>
INFO: ClientService initialized with PartyRepository
feb 20, 2026 5:03:11 P. M. com.billing.main.MainApplication lambda$1
INFO: Application started successfully with MySQL database
feb 20, 2026 5:11:27 P. M. com.billing.main.MainApplication main
INFO: Initializing Hibernate with MySQL database...
feb 20, 2026 5:11:27 P. M. com.billing.util.HibernateUtil initializeSessionFactory
INFO: Initializing Hibernate SessionFactory with hibernate.cfg.xml...
feb 20, 2026 5:11:27 P. M. com.billing.util.HibernateUtil initializeSessionFactory
INFO: Configuration file found at: file:/C:/Users/albag/Documents/2o/ACCESO%20DATOS/TEMA%203/Hibernate/target/classes/hibernate.cfg.xml
feb 20, 2026 5:11:27 P. M. org.hibernate.Version logVersion
INFO: HHH000412: Hibernate ORM core version 6.5.3.Final
feb 20, 2026 5:11:27 P. M. org.hibernate.cache.internal.RegionFactoryInitiator initiateService
INFO: HHH000026: Second-level cache disabled
feb 20, 2026 5:11:28 P. M. org.hibernate.engine.jdbc.connections.internal.DriverManagerConnectionProviderImpl configure
WARN: HHH10001002: Using built-in connection pool (not intended for production use)
feb 20, 2026 5:11:28 P. M. org.hibernate.engine.jdbc.connections.internal.DriverManagerConnectionProviderImpl buildCreator
INFO: HHH10001005: Loaded JDBC driver class: com.mysql.cj.jdbc.Driver
feb 20, 2026 5:11:28 P. M. org.hibernate.engine.jdbc.connections.internal.DriverManagerConnectionProviderImpl buildCreator
INFO: HHH10001012: Connecting with JDBC URL [jdbc:mysql://localhost:3306/facturacio?useSSL=false&serverTimezone=UTC&allowPublicKeyRetrieval=true]
feb 20, 2026 5:11:28 P. M. org.hibernate.engine.jdbc.connections.internal.DriverManagerConnectionProviderImpl buildCreator
INFO: HHH10001001: Connection properties: {password=****, user=usuario}
feb 20, 2026 5:11:28 P. M. org.hibernate.engine.jdbc.connections.internal.DriverManagerConnectionProviderImpl buildCreator
INFO: HHH10001003: Autocommit mode: false
feb 20, 2026 5:11:28 P. M. org.hibernate.engine.jdbc.connections.internal.DriverManagerConnectionProviderImpl$PooledConnections <init>
INFO: HHH10001115: Connection pool size: 1 (min=1)
feb 20, 2026 5:11:28 P. M. org.hibernate.engine.jdbc.dialect.internal.DialectFactoryImpl constructDialect
WARN: HHH90000025: MySQL8Dialect does not need to be specified explicitly using 'hibernate.dialect' (remove the property setting and it will be selected by default)
feb 20, 2026 5:11:28 P. M. org.hibernate.engine.jdbc.dialect.internal.DialectFactoryImpl logSelectedDialect
WARN: HHH90000026: MySQL8Dialect has been deprecated; use org.hibernate.dialect.MySQLDialect instead
feb 20, 2026 5:11:29 P. M. com.billing.util.HibernateUtil initializeSessionFactory
INFO: Hibernate SessionFactory initialized successfully for MySQL database
feb 20, 2026 5:11:30 P. M. com.billing.service.ClientService <init>
INFO: ClientService initialized with PartyRepository
feb 20, 2026 5:11:30 P. M. com.billing.service.SupplierService <init>
INFO: SupplierService initialized with PartyRepository
feb 20, 2026 5:11:31 P. M. com.billing.service.ClientService <init>
INFO: ClientService initialized with PartyRepository
feb 20, 2026 5:11:31 P. M. com.billing.main.MainApplication lambda$1
INFO: Application started successfully with MySQL database
feb 20, 2026 6:44:34 P. M. com.billing.main.MainApplication main
INFO: Initializing Hibernate with MySQL database...
feb 20, 2026 6:44:34 P. M. com.billing.util.HibernateUtil initializeSessionFactory
INFO: Initializing Hibernate SessionFactory with hibernate.cfg.xml...
feb 20, 2026 6:44:34 P. M. com.billing.util.HibernateUtil initializeSessionFactory
INFO: Configuration file found at: file:/C:/Users/albag/Documents/2o/ACCESO%20DATOS/TEMA%203/Hibernate/target/classes/hibernate.cfg.xml
feb 20, 2026 6:44:34 P. M. org.hibernate.Version logVersion
INFO: HHH000412: Hibernate ORM core version 6.5.3.Final
feb 20, 2026 6:44:35 P. M. org.hibernate.cache.internal.RegionFactoryInitiator initiateService
INFO: HHH000026: Second-level cache disabled
feb 20, 2026 6:44:35 P. M. org.hibernate.engine.jdbc.connections.internal.DriverManagerConnectionProviderImpl configure
WARN: HHH10001002: Using built-in connection pool (not intended for production use)
feb 20, 2026 6:44:35 P. M. org.hibernate.engine.jdbc.connections.internal.DriverManagerConnectionProviderImpl buildCreator
INFO: HHH10001005: Loaded JDBC driver class: com.mysql.cj.jdbc.Driver
feb 20, 2026 6:44:35 P. M. org.hibernate.engine.jdbc.connections.internal.DriverManagerConnectionProviderImpl buildCreator
INFO: HHH10001012: Connecting with JDBC URL [jdbc:mysql://localhost:3306/facturacio?useSSL=false&serverTimezone=UTC&allowPublicKeyRetrieval=true]
feb 20, 2026 6:44:35 P. M. org.hibernate.engine.jdbc.connections.internal.DriverManagerConnectionProviderImpl buildCreator
INFO: HHH10001001: Connection properties: {password=****, user=usuario}
feb 20, 2026 6:44:35 P. M. org.hibernate.engine.jdbc.connections.internal.DriverManagerConnectionProviderImpl buildCreator
INFO: HHH10001003: Autocommit mode: false
feb 20, 2026 6:44:35 P. M. org.hibernate.engine.jdbc.connections.internal.DriverManagerConnectionProviderImpl$PooledConnections <init>
INFO: HHH10001115: Connection pool size: 1 (min=1)
feb 20, 2026 6:44:35 P. M. org.hibernate.engine.jdbc.dialect.internal.DialectFactoryImpl constructDialect
WARN: HHH90000025: MySQL8Dialect does not need to be specified explicitly using 'hibernate.dialect' (remove the property setting and it will be selected by default)
feb 20, 2026 6:44:35 P. M. org.hibernate.engine.jdbc.dialect.internal.DialectFactoryImpl logSelectedDialect
WARN: HHH90000026: MySQL8Dialect has been deprecated; use org.hibernate.dialect.MySQLDialect instead
feb 20, 2026 6:44:37 P. M. com.billing.util.HibernateUtil initializeSessionFactory
INFO: Hibernate SessionFactory initialized successfully for MySQL database
feb 20, 2026 6:44:38 P. M. com.billing.service.ClientService <init>
INFO: ClientService initialized with PartyRepository
feb 20, 2026 6:44:38 P. M. com.billing.service.SupplierService <init>
INFO: SupplierService initialized with PartyRepository
feb 20, 2026 6:44:39 P. M. com.billing.service.ClientService <init>
INFO: ClientService initialized with PartyRepository
feb 20, 2026 6:44:40 P. M. com.billing.main.MainApplication lambda$1
INFO: Application started successfully with MySQL database
feb 20, 2026 6:46:18 P. M. com.billing.service.SalesService createQuotation
INFO: Quotation created: QT0001
feb 20, 2026 6:57:42 P. M. com.billing.main.MainApplication main
INFO: Initializing Hibernate with MySQL database...
feb 20, 2026 6:57:42 P. M. com.billing.util.HibernateUtil initializeSessionFactory
INFO: Initializing Hibernate SessionFactory with hibernate.cfg.xml...
feb 20, 2026 6:57:42 P. M. com.billing.util.HibernateUtil initializeSessionFactory
INFO: Configuration file found at: file:/C:/Users/albag/Documents/2o/ACCESO%20DATOS/TEMA%203/Hibernate/target/classes/hibernate.cfg.xml
feb 20, 2026 6:57:42 P. M. org.hibernate.Version logVersion
INFO: HHH000412: Hibernate ORM core version 6.5.3.Final
feb 20, 2026 6:57:43 P. M. org.hibernate.cache.internal.RegionFactoryInitiator initiateService
INFO: HHH000026: Second-level cache disabled
feb 20, 2026 6:57:43 P. M. org.hibernate.engine.jdbc.connections.internal.DriverManagerConnectionProviderImpl configure
WARN: HHH10001002: Using built-in connection pool (not intended for production use)
feb 20, 2026 6:57:43 P. M. org.hibernate.engine.jdbc.connections.internal.DriverManagerConnectionProviderImpl buildCreator
INFO: HHH10001005: Loaded JDBC driver class: com.mysql.cj.jdbc.Driver
feb 20, 2026 6:57:43 P. M. org.hibernate.engine.jdbc.connections.internal.DriverManagerConnectionProviderImpl buildCreator
INFO: HHH10001012: Connecting with JDBC URL [jdbc:mysql://localhost:3306/facturacio?useSSL=false&serverTimezone=UTC&allowPublicKeyRetrieval=true]
feb 20, 2026 6:57:43 P. M. org.hibernate.engine.jdbc.connections.internal.DriverManagerConnectionProviderImpl buildCreator
INFO: HHH10001001: Connection properties: {password=****, user=usuario}
feb 20, 2026 6:57:43 P. M. org.hibernate.engine.jdbc.connections.internal.DriverManagerConnectionProviderImpl buildCreator
INFO: HHH10001003: Autocommit mode: false
feb 20, 2026 6:57:43 P. M. org.hibernate.engine.jdbc.connections.internal.DriverManagerConnectionProviderImpl$PooledConnections <init>
INFO: HHH10001115: Connection pool size: 1 (min=1)
feb 20, 2026 6:57:43 P. M. org.hibernate.engine.jdbc.dialect.internal.DialectFactoryImpl constructDialect
WARN: HHH90000025: MySQL8Dialect does not need to be specified explicitly using 'hibernate.dialect' (remove the property setting and it will be selected by default)
feb 20, 2026 6:57:43 P. M. org.hibernate.engine.jdbc.dialect.internal.DialectFactoryImpl logSelectedDialect
WARN: HHH90000026: MySQL8Dialect has been deprecated; use org.hibernate.dialect.MySQLDialect instead
feb 20, 2026 6:57:45 P. M. com.billing.util.HibernateUtil initializeSessionFactory
INFO: Hibernate SessionFactory initialized successfully for MySQL database
feb 20, 2026 6:57:45 P. M. com.billing.service.ClientService <init>
INFO: ClientService initialized with PartyRepository
feb 20, 2026 6:57:45 P. M. com.billing.service.SupplierService <init>
INFO: SupplierService initialized with PartyRepository
feb 20, 2026 6:57:46 P. M. com.billing.service.ClientService <init>
INFO: ClientService initialized with PartyRepository
feb 20, 2026 6:57:46 P. M. com.billing.main.MainApplication lambda$1
INFO: Application started successfully with MySQL database
feb 20, 2026 7:02:39 P. M. com.billing.main.MainApplication main
INFO: Initializing Hibernate with MySQL database...
feb 20, 2026 7:02:39 P. M. com.billing.util.HibernateUtil initializeSessionFactory
INFO: Initializing Hibernate SessionFactory with hibernate.cfg.xml...
feb 20, 2026 7:02:39 P. M. com.billing.util.HibernateUtil initializeSessionFactory
INFO: Configuration file found at: file:/C:/Users/albag/Documents/2o/ACCESO%20DATOS/TEMA%203/Hibernate/target/classes/hibernate.cfg.xml
feb 20, 2026 7:02:39 P. M. org.hibernate.Version logVersion
INFO: HHH000412: Hibernate ORM core version 6.5.3.Final
feb 20, 2026 7:02:40 P. M. org.hibernate.cache.internal.RegionFactoryInitiator initiateService
INFO: HHH000026: Second-level cache disabled
feb 20, 2026 7:02:40 P. M. org.hibernate.engine.jdbc.connections.internal.DriverManagerConnectionProviderImpl configure
WARN: HHH10001002: Using built-in connection pool (not intended for production use)
feb 20, 2026 7:02:40 P. M. org.hibernate.engine.jdbc.connections.internal.DriverManagerConnectionProviderImpl buildCreator
INFO: HHH10001005: Loaded JDBC driver class: com.mysql.cj.jdbc.Driver
feb 20, 2026 7:02:40 P. M. org.hibernate.engine.jdbc.connections.internal.DriverManagerConnectionProviderImpl buildCreator
INFO: HHH10001012: Connecting with JDBC URL [jdbc:mysql://localhost:3306/facturacio?useSSL=false&serverTimezone=UTC&allowPublicKeyRetrieval=true]
feb 20, 2026 7:02:40 P. M. org.hibernate.engine.jdbc.connections.internal.DriverManagerConnectionProviderImpl buildCreator
INFO: HHH10001001: Connection properties: {password=****, user=usuario}
feb 20, 2026 7:02:40 P. M. org.hibernate.engine.jdbc.connections.internal.DriverManagerConnectionProviderImpl buildCreator
INFO: HHH10001003: Autocommit mode: false
feb 20, 2026 7:02:40 P. M. org.hibernate.engine.jdbc.connections.internal.DriverManagerConnectionProviderImpl$PooledConnections <init>
INFO: HHH10001115: Connection pool size: 1 (min=1)
feb 20, 2026 7:02:40 P. M. org.hibernate.engine.jdbc.dialect.internal.DialectFactoryImpl constructDialect
WARN: HHH90000025: MySQL8Dialect does not need to be specified explicitly using 'hibernate.dialect' (remove the property setting and it will be selected by default)
feb 20, 2026 7:02:40 P. M. org.hibernate.engine.jdbc.dialect.internal.DialectFactoryImpl logSelectedDialect
WARN: HHH90000026: MySQL8Dialect has been deprecated; use org.hibernate.dialect.MySQLDialect instead
feb 20, 2026 7:02:42 P. M. com.billing.util.HibernateUtil initializeSessionFactory
INFO: Hibernate SessionFactory initialized successfully for MySQL database
feb 20, 2026 7:02:42 P. M. com.billing.service.ClientService <init>
INFO: ClientService initialized with PartyRepository
feb 20, 2026 7:02:42 P. M. com.billing.service.SupplierService <init>
INFO: SupplierService initialized with PartyRepository
feb 20, 2026 7:02:43 P. M. com.billing.service.ClientService <init>
INFO: ClientService initialized with PartyRepository
feb 20, 2026 7:02:43 P. M. com.billing.main.MainApplication lambda$1
INFO: Application started successfully with MySQL database
feb 20, 2026 7:04:10 P. M. com.billing.main.MainApplication main
INFO: Initializing Hibernate with MySQL database...
feb 20, 2026 7:04:10 P. M. com.billing.util.HibernateUtil initializeSessionFactory
INFO: Initializing Hibernate SessionFactory with hibernate.cfg.xml...
feb 20, 2026 7:04:10 P. M. com.billing.util.HibernateUtil initializeSessionFactory
INFO: Configuration file found at: file:/C:/Users/albag/Documents/2o/ACCESO%20DATOS/TEMA%203/Hibernate/target/classes/hibernate.cfg.xml
feb 20, 2026 7:04:10 P. M. org.hibernate.Version logVersion
INFO: HHH000412: Hibernate ORM core version 6.5.3.Final
feb 20, 2026 7:04:11 P. M. org.hibernate.cache.internal.RegionFactoryInitiator initiateService
INFO: HHH000026: Second-level cache disabled
feb 20, 2026 7:04:11 P. M. org.hibernate.engine.jdbc.connections.internal.DriverManagerConnectionProviderImpl configure
WARN: HHH10001002: Using built-in connection pool (not intended for production use)
feb 20, 2026 7:04:11 P. M. org.hibernate.engine.jdbc.connections.internal.DriverManagerConnectionProviderImpl buildCreator
INFO: HHH10001005: Loaded JDBC driver class: com.mysql.cj.jdbc.Driver
feb 20, 2026 7:04:11 P. M. org.hibernate.engine.jdbc.connections.internal.DriverManagerConnectionProviderImpl buildCreator
INFO: HHH10001012: Connecting with JDBC URL [jdbc:mysql://localhost:3306/facturacio?useSSL=false&serverTimezone=UTC&allowPublicKeyRetrieval=true]
feb 20, 2026 7:04:11 P. M. org.hibernate.engine.jdbc.connections.internal.DriverManagerConnectionProviderImpl buildCreator
INFO: HHH10001001: Connection properties: {password=****, user=usuario}
feb 20, 2026 7:04:11 P. M. org.hibernate.engine.jdbc.connections.internal.DriverManagerConnectionProviderImpl buildCreator
INFO: HHH10001003: Autocommit mode: false
feb 20, 2026 7:04:11 P. M. org.hibernate.engine.jdbc.connections.internal.DriverManagerConnectionProviderImpl$PooledConnections <init>
INFO: HHH10001115: Connection pool size: 1 (min=1)
feb 20, 2026 7:04:11 P. M. org.hibernate.engine.jdbc.dialect.internal.DialectFactoryImpl constructDialect
WARN: HHH90000025: MySQL8Dialect does not need to be specified explicitly using 'hibernate.dialect' (remove the property setting and it will be selected by default)
feb 20, 2026 7:04:11 P. M. org.hibernate.engine.jdbc.dialect.internal.DialectFactoryImpl logSelectedDialect
WARN: HHH90000026: MySQL8Dialect has been deprecated; use org.hibernate.dialect.MySQLDialect instead
feb 20, 2026 7:04:13 P. M. com.billing.util.HibernateUtil initializeSessionFactory
INFO: Hibernate SessionFactory initialized successfully for MySQL database
feb 20, 2026 7:04:13 P. M. com.billing.service.ClientService <init>
INFO: ClientService initialized with PartyRepository
feb 20, 2026 7:04:13 P. M. com.billing.service.SupplierService <init>
INFO: SupplierService initialized with PartyRepository
feb 20, 2026 7:04:14 P. M. com.billing.service.ClientService <init>
INFO: ClientService initialized with PartyRepository
feb 20, 2026 7:04:15 P. M. com.billing.main.MainApplication lambda$1
INFO: Application started successfully with MySQL database
feb 20, 2026 7:06:29 P. M. com.billing.service.SalesService createQuotation
INFO: Quotation created: QT0001
feb 20, 2026 7:08:24 P. M. com.billing.main.MainApplication main
INFO: Initializing Hibernate with MySQL database...
feb 20, 2026 7:08:24 P. M. com.billing.util.HibernateUtil initializeSessionFactory
INFO: Initializing Hibernate SessionFactory with hibernate.cfg.xml...
feb 20, 2026 7:08:24 P. M. com.billing.util.HibernateUtil initializeSessionFactory
INFO: Configuration file found at: file:/C:/Users/albag/Documents/2o/ACCESO%20DATOS/TEMA%203/Hibernate/target/classes/hibernate.cfg.xml
feb 20, 2026 7:08:25 P. M. org.hibernate.Version logVersion
INFO: HHH000412: Hibernate ORM core version 6.5.3.Final
feb 20, 2026 7:08:25 P. M. org.hibernate.cache.internal.RegionFactoryInitiator initiateService
INFO: HHH000026: Second-level cache disabled
feb 20, 2026 7:08:25 P. M. org.hibernate.engine.jdbc.connections.internal.DriverManagerConnectionProviderImpl configure
WARN: HHH10001002: Using built-in connection pool (not intended for production use)
feb 20, 2026 7:08:25 P. M. org.hibernate.engine.jdbc.connections.internal.DriverManagerConnectionProviderImpl buildCreator
INFO: HHH10001005: Loaded JDBC driver class: com.mysql.cj.jdbc.Driver
feb 20, 2026 7:08:25 P. M. org.hibernate.engine.jdbc.connections.internal.DriverManagerConnectionProviderImpl buildCreator
INFO: HHH10001012: Connecting with JDBC URL [jdbc:mysql://localhost:3306/facturacio?useSSL=false&serverTimezone=UTC&allowPublicKeyRetrieval=true]
feb 20, 2026 7:08:25 P. M. org.hibernate.engine.jdbc.connections.internal.DriverManagerConnectionProviderImpl buildCreator
INFO: HHH10001001: Connection properties: {password=****, user=usuario}
feb 20, 2026 7:08:25 P. M. org.hibernate.engine.jdbc.connections.internal.DriverManagerConnectionProviderImpl buildCreator
INFO: HHH10001003: Autocommit mode: false
feb 20, 2026 7:08:25 P. M. org.hibernate.engine.jdbc.connections.internal.DriverManagerConnectionProviderImpl$PooledConnections <init>
INFO: HHH10001115: Connection pool size: 1 (min=1)
feb 20, 2026 7:08:25 P. M. org.hibernate.engine.jdbc.dialect.internal.DialectFactoryImpl constructDialect
WARN: HHH90000025: MySQL8Dialect does not need to be specified explicitly using 'hibernate.dialect' (remove the property setting and it will be selected by default)
feb 20, 2026 7:08:25 P. M. org.hibernate.engine.jdbc.dialect.internal.DialectFactoryImpl logSelectedDialect
WARN: HHH90000026: MySQL8Dialect has been deprecated; use org.hibernate.dialect.MySQLDialect instead
feb 20, 2026 7:08:27 P. M. com.billing.util.HibernateUtil initializeSessionFactory
INFO: Hibernate SessionFactory initialized successfully for MySQL database
feb 20, 2026 7:08:27 P. M. com.billing.service.ClientService <init>
INFO: ClientService initialized with PartyRepository
feb 20, 2026 7:08:27 P. M. com.billing.service.SupplierService <init>
INFO: SupplierService initialized with PartyRepository
feb 20, 2026 7:08:28 P. M. com.billing.service.ClientService <init>
INFO: ClientService initialized with PartyRepository
feb 20, 2026 7:08:29 P. M. com.billing.main.MainApplication lambda$1
INFO: Application started successfully with MySQL database
feb 20, 2026 7:08:40 P. M. com.billing.service.SalesService createQuotation
INFO: Quotation created: QT0001
feb 20, 2026 7:12:50 P. M. com.billing.main.MainApplication main
INFO: Initializing Hibernate with MySQL database...
feb 20, 2026 7:12:50 P. M. com.billing.util.HibernateUtil initializeSessionFactory
INFO: Initializing Hibernate SessionFactory with hibernate.cfg.xml...
feb 20, 2026 7:12:50 P. M. com.billing.util.HibernateUtil initializeSessionFactory
INFO: Configuration file found at: file:/C:/Users/albag/Documents/2o/ACCESO%20DATOS/TEMA%203/Hibernate/target/classes/hibernate.cfg.xml
feb 20, 2026 7:12:50 P. M. org.hibernate.Version logVersion
INFO: HHH000412: Hibernate ORM core version 6.5.3.Final
feb 20, 2026 7:12:50 P. M. org.hibernate.cache.internal.RegionFactoryInitiator initiateService
INFO: HHH000026: Second-level cache disabled
feb 20, 2026 7:12:50 P. M. org.hibernate.engine.jdbc.connections.internal.DriverManagerConnectionProviderImpl configure
WARN: HHH10001002: Using built-in connection pool (not intended for production use)
feb 20, 2026 7:12:51 P. M. org.hibernate.engine.jdbc.connections.internal.DriverManagerConnectionProviderImpl buildCreator
INFO: HHH10001005: Loaded JDBC driver class: com.mysql.cj.jdbc.Driver
feb 20, 2026 7:12:51 P. M. org.hibernate.engine.jdbc.connections.internal.DriverManagerConnectionProviderImpl buildCreator
INFO: HHH10001012: Connecting with JDBC URL [jdbc:mysql://localhost:3306/facturacio?useSSL=false&serverTimezone=UTC&allowPublicKeyRetrieval=true]
feb 20, 2026 7:12:51 P. M. org.hibernate.engine.jdbc.connections.internal.DriverManagerConnectionProviderImpl buildCreator
INFO: HHH10001001: Connection properties: {password=****, user=usuario}
feb 20, 2026 7:12:51 P. M. org.hibernate.engine.jdbc.connections.internal.DriverManagerConnectionProviderImpl buildCreator
INFO: HHH10001003: Autocommit mode: false
feb 20, 2026 7:12:51 P. M. org.hibernate.engine.jdbc.connections.internal.DriverManagerConnectionProviderImpl$PooledConnections <init>
INFO: HHH10001115: Connection pool size: 1 (min=1)
feb 20, 2026 7:12:51 P. M. org.hibernate.engine.jdbc.dialect.internal.DialectFactoryImpl constructDialect
WARN: HHH90000025: MySQL8Dialect does not need to be specified explicitly using 'hibernate.dialect' (remove the property setting and it will be selected by default)
feb 20, 2026 7:12:51 P. M. org.hibernate.engine.jdbc.dialect.internal.DialectFactoryImpl logSelectedDialect
WARN: HHH90000026: MySQL8Dialect has been deprecated; use org.hibernate.dialect.MySQLDialect instead
feb 20, 2026 7:12:52 P. M. com.billing.util.HibernateUtil initializeSessionFactory
INFO: Hibernate SessionFactory initialized successfully for MySQL database
feb 20, 2026 7:12:53 P. M. com.billing.service.ClientService <init>
INFO: ClientService initialized with PartyRepository
feb 20, 2026 7:12:53 P. M. com.billing.service.SupplierService <init>
INFO: SupplierService initialized with PartyRepository
feb 20, 2026 7:12:54 P. M. com.billing.service.ClientService <init>
INFO: ClientService initialized with PartyRepository
feb 20, 2026 7:12:54 P. M. com.billing.main.MainApplication lambda$1
INFO: Application started successfully with MySQL database
feb 20, 2026 7:15:41 P. M. com.billing.main.MainApplication main
INFO: Initializing Hibernate with MySQL database...
feb 20, 2026 7:15:41 P. M. com.billing.util.HibernateUtil initializeSessionFactory
INFO: Initializing Hibernate SessionFactory with hibernate.cfg.xml...
feb 20, 2026 7:15:41 P. M. com.billing.util.HibernateUtil initializeSessionFactory
INFO: Configuration file found at: file:/C:/Users/albag/Documents/2o/ACCESO%20DATOS/TEMA%203/Hibernate/target/classes/hibernate.cfg.xml
feb 20, 2026 7:15:41 P. M. org.hibernate.Version logVersion
INFO: HHH000412: Hibernate ORM core version 6.5.3.Final
feb 20, 2026 7:15:41 P. M. org.hibernate.cache.internal.RegionFactoryInitiator initiateService
INFO: HHH000026: Second-level cache disabled
feb 20, 2026 7:15:41 P. M. org.hibernate.engine.jdbc.connections.internal.DriverManagerConnectionProviderImpl configure
WARN: HHH10001002: Using built-in connection pool (not intended for production use)
feb 20, 2026 7:15:41 P. M. org.hibernate.engine.jdbc.connections.internal.DriverManagerConnectionProviderImpl buildCreator
INFO: HHH10001005: Loaded JDBC driver class: com.mysql.cj.jdbc.Driver
feb 20, 2026 7:15:41 P. M. org.hibernate.engine.jdbc.connections.internal.DriverManagerConnectionProviderImpl buildCreator
INFO: HHH10001012: Connecting with JDBC URL [jdbc:mysql://localhost:3306/facturacio?useSSL=false&serverTimezone=UTC&allowPublicKeyRetrieval=true]
feb 20, 2026 7:15:41 P. M. org.hibernate.engine.jdbc.connections.internal.DriverManagerConnectionProviderImpl buildCreator
INFO: HHH10001001: Connection properties: {password=****, user=usuario}
feb 20, 2026 7:15:41 P. M. org.hibernate.engine.jdbc.connections.internal.DriverManagerConnectionProviderImpl buildCreator
INFO: HHH10001003: Autocommit mode: false
feb 20, 2026 7:15:41 P. M. org.hibernate.engine.jdbc.connections.internal.DriverManagerConnectionProviderImpl$PooledConnections <init>
INFO: HHH10001115: Connection pool size: 1 (min=1)
feb 20, 2026 7:15:42 P. M. org.hibernate.engine.jdbc.dialect.internal.DialectFactoryImpl constructDialect
WARN: HHH90000025: MySQL8Dialect does not need to be specified explicitly using 'hibernate.dialect' (remove the property setting and it will be selected by default)
feb 20, 2026 7:15:42 P. M. org.hibernate.engine.jdbc.dialect.internal.DialectFactoryImpl logSelectedDialect
WARN: HHH90000026: MySQL8Dialect has been deprecated; use org.hibernate.dialect.MySQLDialect instead
feb 20, 2026 7:15:44 P. M. com.billing.util.HibernateUtil initializeSessionFactory
INFO: Hibernate SessionFactory initialized successfully for MySQL database
feb 20, 2026 7:15:44 P. M. com.billing.service.ClientService <init>
INFO: ClientService initialized with PartyRepository
feb 20, 2026 7:15:44 P. M. com.billing.service.SupplierService <init>
INFO: SupplierService initialized with PartyRepository
feb 20, 2026 7:15:45 P. M. com.billing.service.ClientService <init>
INFO: ClientService initialized with PartyRepository
feb 20, 2026 7:15:45 P. M. com.billing.main.MainApplication lambda$1
INFO: Application started successfully with MySQL database
feb 20, 2026 7:15:57 P. M. com.billing.service.SalesService createQuotation
INFO: Quotation created: QT0001
feb 20, 2026 7:16:04 P. M. com.billing.service.SalesService confirmOrder
INFO: Order confirmed: SO0001
feb 20, 2026 7:17:03 P. M. com.billing.service.SalesService lambda$generateDeliveryNote$2
INFO: DeliveryNote generated from Order SO0001: DN0013
feb 20, 2026 7:42:02 P. M. com.billing.main.MainApplication main
INFO: Initializing Hibernate with MySQL database...
feb 20, 2026 7:42:02 P. M. com.billing.util.HibernateUtil initializeSessionFactory
INFO: Initializing Hibernate SessionFactory with hibernate.cfg.xml...
feb 20, 2026 7:42:02 P. M. com.billing.util.HibernateUtil initializeSessionFactory
INFO: Configuration file found at: file:/C:/Users/albag/Documents/2o/ACCESO%20DATOS/TEMA%203/Hibernate/target/classes/hibernate.cfg.xml
feb 20, 2026 7:42:02 P. M. org.hibernate.Version logVersion
INFO: HHH000412: Hibernate ORM core version 6.5.3.Final
feb 20, 2026 7:42:02 P. M. org.hibernate.cache.internal.RegionFactoryInitiator initiateService
INFO: HHH000026: Second-level cache disabled
feb 20, 2026 7:42:02 P. M. org.hibernate.engine.jdbc.connections.internal.DriverManagerConnectionProviderImpl configure
WARN: HHH10001002: Using built-in connection pool (not intended for production use)
feb 20, 2026 7:42:02 P. M. org.hibernate.engine.jdbc.connections.internal.DriverManagerConnectionProviderImpl buildCreator
INFO: HHH10001005: Loaded JDBC driver class: com.mysql.cj.jdbc.Driver
feb 20, 2026 7:42:02 P. M. org.hibernate.engine.jdbc.connections.internal.DriverManagerConnectionProviderImpl buildCreator
INFO: HHH10001012: Connecting with JDBC URL [jdbc:mysql://localhost:3306/facturacio?useSSL=false&serverTimezone=UTC&allowPublicKeyRetrieval=true]
feb 20, 2026 7:42:02 P. M. org.hibernate.engine.jdbc.connections.internal.DriverManagerConnectionProviderImpl buildCreator
INFO: HHH10001001: Connection properties: {password=****, user=usuario}
feb 20, 2026 7:42:02 P. M. org.hibernate.engine.jdbc.connections.internal.DriverManagerConnectionProviderImpl buildCreator
INFO: HHH10001003: Autocommit mode: false
feb 20, 2026 7:42:02 P. M. org.hibernate.engine.jdbc.connections.internal.DriverManagerConnectionProviderImpl$PooledConnections <init>
INFO: HHH10001115: Connection pool size: 1 (min=1)
feb 20, 2026 7:42:03 P. M. org.hibernate.engine.jdbc.dialect.internal.DialectFactoryImpl constructDialect
WARN: HHH90000025: MySQL8Dialect does not need to be specified explicitly using 'hibernate.dialect' (remove the property setting and it will be selected by default)
feb 20, 2026 7:42:03 P. M. org.hibernate.engine.jdbc.dialect.internal.DialectFactoryImpl logSelectedDialect
WARN: HHH90000026: MySQL8Dialect has been deprecated; use org.hibernate.dialect.MySQLDialect instead
feb 20, 2026 7:42:04 P. M. com.billing.util.HibernateUtil initializeSessionFactory
INFO: Hibernate SessionFactory initialized successfully for MySQL database
feb 20, 2026 7:42:05 P. M. com.billing.service.ClientService <init>
INFO: ClientService initialized with PartyRepository
feb 20, 2026 7:42:05 P. M. com.billing.service.SupplierService <init>
INFO: SupplierService initialized with PartyRepository
feb 20, 2026 7:42:05 P. M. com.billing.service.SalesService loadFromFile
INFO: Workflow file not found, starting fresh
feb 20, 2026 7:42:06 P. M. com.billing.service.ClientService <init>
INFO: ClientService initialized with PartyRepository
feb 20, 2026 7:42:06 P. M. com.billing.main.MainApplication lambda$1
INFO: Application started successfully with MySQL database
feb 20, 2026 7:42:39 P. M. com.billing.service.SalesService createQuotation
INFO: Quotation created: QT0001
feb 20, 2026 7:42:39 P. M. com.billing.service.SalesService saveToFile
WARNING: Failed to save workflow: Java 8 date/time type `java.time.LocalDate` not supported by default: add Module "com.fasterxml.jackson.datatype:jackson-datatype-jsr310" to enable handling (through reference chain: java.util.concurrent.ConcurrentHashMap$ValuesView[0]->com.billing.service.SalesService$Quotation["date"])
feb 20, 2026 7:42:45 P. M. com.billing.service.SalesService cancelQuotation
INFO: Quotation cancelled: QT0001
feb 20, 2026 7:42:45 P. M. com.billing.service.SalesService saveToFile
INFO: Workflow saved to data/sales-workflow.json
feb 20, 2026 7:44:52 P. M. com.billing.service.SalesService createQuotation
INFO: Quotation created: QT0002
feb 20, 2026 7:44:52 P. M. com.billing.service.SalesService saveToFile
WARNING: Failed to save workflow: Java 8 date/time type `java.time.LocalDate` not supported by default: add Module "com.fasterxml.jackson.datatype:jackson-datatype-jsr310" to enable handling (through reference chain: java.util.concurrent.ConcurrentHashMap$ValuesView[0]->com.billing.service.SalesService$Quotation["date"])
feb 20, 2026 7:44:56 P. M. com.billing.service.SalesService confirmOrder
INFO: Order confirmed: SO0001
feb 20, 2026 7:44:56 P. M. com.billing.service.SalesService saveToFile
WARNING: Failed to save workflow: Java 8 date/time type `java.time.LocalDate` not supported by default: add Module "com.fasterxml.jackson.datatype:jackson-datatype-jsr310" to enable handling (through reference chain: java.util.concurrent.ConcurrentHashMap$ValuesView[0]->com.billing.service.SalesService$SalesOrder["date"])
feb 20, 2026 7:45:00 P. M. com.billing.service.SalesService lambda$2
INFO: DeliveryNote generated from Order SO0001: DN0014
feb 20, 2026 7:45:00 P. M. com.billing.service.SalesService saveToFile
INFO: Workflow saved to data/sales-workflow.json
feb 20, 2026 7:45:55 P. M. com.billing.service.SalesService lambda$3
INFO: Invoice generated from DeliveryNote 14: INV0015
feb 20, 2026 7:46:39 P. M. com.billing.service.SalesService createQuotation
INFO: Quotation created: QT0003
feb 20, 2026 7:46:39 P. M. com.billing.service.SalesService saveToFile
WARNING: Failed to save workflow: Java 8 date/time type `java.time.LocalDate` not supported by default: add Module "com.fasterxml.jackson.datatype:jackson-datatype-jsr310" to enable handling (through reference chain: java.util.concurrent.ConcurrentHashMap$ValuesView[0]->com.billing.service.SalesService$Quotation["date"])
feb 20, 2026 7:46:49 P. M. com.billing.service.SalesService confirmOrder
INFO: Order confirmed: SO0002
feb 20, 2026 7:46:49 P. M. com.billing.service.SalesService saveToFile
WARNING: Failed to save workflow: Java 8 date/time type `java.time.LocalDate` not supported by default: add Module "com.fasterxml.jackson.datatype:jackson-datatype-jsr310" to enable handling (through reference chain: java.util.concurrent.ConcurrentHashMap$ValuesView[0]->com.billing.service.SalesService$SalesOrder["date"])
feb 20, 2026 7:46:55 P. M. com.billing.service.SalesService lambda$2
INFO: DeliveryNote generated from Order SO0002: DN0016
feb 20, 2026 7:46:55 P. M. com.billing.service.SalesService saveToFile
INFO: Workflow saved to data/sales-workflow.json
feb 20, 2026 7:59:04 P. M. com.billing.main.MainApplication main
INFO: Initializing Hibernate with MySQL database...
feb 20, 2026 7:59:04 P. M. com.billing.util.HibernateUtil initializeSessionFactory
INFO: Initializing Hibernate SessionFactory with hibernate.cfg.xml...
feb 20, 2026 7:59:04 P. M. com.billing.util.HibernateUtil initializeSessionFactory
INFO: Configuration file found at: file:/C:/Users/albag/Documents/2o/ACCESO%20DATOS/TEMA%203/Hibernate/target/classes/hibernate.cfg.xml
feb 20, 2026 7:59:04 P. M. org.hibernate.Version logVersion
INFO: HHH000412: Hibernate ORM core version 6.5.3.Final
feb 20, 2026 7:59:05 P. M. org.hibernate.cache.internal.RegionFactoryInitiator initiateService
INFO: HHH000026: Second-level cache disabled
feb 20, 2026 7:59:05 P. M. org.hibernate.engine.jdbc.connections.internal.DriverManagerConnectionProviderImpl configure
WARN: HHH10001002: Using built-in connection pool (not intended for production use)
feb 20, 2026 7:59:05 P. M. org.hibernate.engine.jdbc.connections.internal.DriverManagerConnectionProviderImpl buildCreator
INFO: HHH10001005: Loaded JDBC driver class: com.mysql.cj.jdbc.Driver
feb 20, 2026 7:59:05 P. M. org.hibernate.engine.jdbc.connections.internal.DriverManagerConnectionProviderImpl buildCreator
INFO: HHH10001012: Connecting with JDBC URL [jdbc:mysql://localhost:3306/facturacio?useSSL=false&serverTimezone=UTC&allowPublicKeyRetrieval=true]
feb 20, 2026 7:59:05 P. M. org.hibernate.engine.jdbc.connections.internal.DriverManagerConnectionProviderImpl buildCreator
INFO: HHH10001001: Connection properties: {password=****, user=usuario}
feb 20, 2026 7:59:05 P. M. org.hibernate.engine.jdbc.connections.internal.DriverManagerConnectionProviderImpl buildCreator
INFO: HHH10001003: Autocommit mode: false
feb 20, 2026 7:59:05 P. M. org.hibernate.engine.jdbc.connections.internal.DriverManagerConnectionProviderImpl$PooledConnections <init>
INFO: HHH10001115: Connection pool size: 1 (min=1)
feb 20, 2026 7:59:05 P. M. org.hibernate.engine.jdbc.dialect.internal.DialectFactoryImpl constructDialect
WARN: HHH90000025: MySQL8Dialect does not need to be specified explicitly using 'hibernate.dialect' (remove the property setting and it will be selected by default)
feb 20, 2026 7:59:05 P. M. org.hibernate.engine.jdbc.dialect.internal.DialectFactoryImpl logSelectedDialect
WARN: HHH90000026: MySQL8Dialect has been deprecated; use org.hibernate.dialect.MySQLDialect instead
feb 20, 2026 7:59:08 P. M. com.billing.util.HibernateUtil initializeSessionFactory
INFO: Hibernate SessionFactory initialized successfully for MySQL database
feb 20, 2026 7:59:08 P. M. com.billing.service.ClientService <init>
INFO: ClientService initialized with PartyRepository
feb 20, 2026 7:59:08 P. M. com.billing.service.SupplierService <init>
INFO: SupplierService initialized with PartyRepository
feb 20, 2026 7:59:08 P. M. com.billing.service.SalesService loadFromFile
INFO: Workflow loaded: 0 quotations, 0 orders
feb 20, 2026 7:59:09 P. M. com.billing.service.ClientService <init>
INFO: ClientService initialized with PartyRepository
feb 20, 2026 7:59:10 P. M. com.billing.main.MainApplication lambda$1
INFO: Application started successfully with MySQL database
feb 20, 2026 8:01:55 P. M. com.billing.main.MainApplication main
INFO: Initializing Hibernate with MySQL database...
feb 20, 2026 8:01:55 P. M. com.billing.util.HibernateUtil initializeSessionFactory
INFO: Initializing Hibernate SessionFactory with hibernate.cfg.xml...
feb 20, 2026 8:01:55 P. M. com.billing.util.HibernateUtil initializeSessionFactory
INFO: Configuration file found at: file:/C:/Users/albag/Documents/2o/ACCESO%20DATOS/TEMA%203/Hibernate/target/classes/hibernate.cfg.xml
feb 20, 2026 8:01:55 P. M. org.hibernate.Version logVersion
INFO: HHH000412: Hibernate ORM core version 6.5.3.Final
feb 20, 2026 8:01:56 P. M. org.hibernate.cache.internal.RegionFactoryInitiator initiateService
INFO: HHH000026: Second-level cache disabled
feb 20, 2026 8:01:56 P. M. org.hibernate.engine.jdbc.connections.internal.DriverManagerConnectionProviderImpl configure
WARN: HHH10001002: Using built-in connection pool (not intended for production use)
feb 20, 2026 8:01:56 P. M. org.hibernate.engine.jdbc.connections.internal.DriverManagerConnectionProviderImpl buildCreator
INFO: HHH10001005: Loaded JDBC driver class: com.mysql.cj.jdbc.Driver
feb 20, 2026 8:01:56 P. M. org.hibernate.engine.jdbc.connections.internal.DriverManagerConnectionProviderImpl buildCreator
INFO: HHH10001012: Connecting with JDBC URL [jdbc:mysql://localhost:3306/facturacio?useSSL=false&serverTimezone=UTC&allowPublicKeyRetrieval=true]
feb 20, 2026 8:01:56 P. M. org.hibernate.engine.jdbc.connections.internal.DriverManagerConnectionProviderImpl buildCreator
INFO: HHH10001001: Connection properties: {password=****, user=usuario}
feb 20, 2026 8:01:56 P. M. org.hibernate.engine.jdbc.connections.internal.DriverManagerConnectionProviderImpl buildCreator
INFO: HHH10001003: Autocommit mode: false
feb 20, 2026 8:01:56 P. M. org.hibernate.engine.jdbc.connections.internal.DriverManagerConnectionProviderImpl$PooledConnections <init>
INFO: HHH10001115: Connection pool size: 1 (min=1)
feb 20, 2026 8:01:56 P. M. org.hibernate.engine.jdbc.dialect.internal.DialectFactoryImpl constructDialect
WARN: HHH90000025: MySQL8Dialect does not need to be specified explicitly using 'hibernate.dialect' (remove the property setting and it will be selected by default)
feb 20, 2026 8:01:56 P. M. org.hibernate.engine.jdbc.dialect.internal.DialectFactoryImpl logSelectedDialect
WARN: HHH90000026: MySQL8Dialect has been deprecated; use org.hibernate.dialect.MySQLDialect instead
feb 20, 2026 8:01:58 P. M. com.billing.util.HibernateUtil initializeSessionFactory
INFO: Hibernate SessionFactory initialized successfully for MySQL database
feb 20, 2026 8:01:58 P. M. com.billing.service.ClientService <init>
INFO: ClientService initialized with PartyRepository
feb 20, 2026 8:01:58 P. M. com.billing.service.SupplierService <init>
INFO: SupplierService initialized with PartyRepository
feb 20, 2026 8:01:58 P. M. com.billing.service.SalesService loadFromFile
INFO: Workflow loaded: 0 quotations, 0 orders
feb 20, 2026 8:02:00 P. M. com.billing.service.ClientService <init>
INFO: ClientService initialized with PartyRepository
feb 20, 2026 8:02:00 P. M. com.billing.main.MainApplication lambda$1
INFO: Application started successfully with MySQL database
feb 20, 2026 8:02:06 P. M. com.billing.service.SalesService createQuotation
INFO: Quotation created: QT0004
feb 20, 2026 8:02:06 P. M. com.billing.service.SalesService saveToFile
WARNING: Failed to save workflow: Java 8 date/time type `java.time.LocalDate` not supported by default: add Module "com.fasterxml.jackson.datatype:jackson-datatype-jsr310" to enable handling (through reference chain: java.util.concurrent.ConcurrentHashMap$ValuesView[0]->com.billing.service.SalesService$Quotation["date"])
feb 20, 2026 8:02:14 P. M. com.billing.service.SalesService confirmOrder
INFO: Order confirmed: SO0003
feb 20, 2026 8:02:14 P. M. com.billing.service.SalesService saveToFile
WARNING: Failed to save workflow: Java 8 date/time type `java.time.LocalDate` not supported by default: add Module "com.fasterxml.jackson.datatype:jackson-datatype-jsr310" to enable handling (through reference chain: java.util.concurrent.ConcurrentHashMap$ValuesView[0]->com.billing.service.SalesService$SalesOrder["date"])
feb 20, 2026 8:02:20 P. M. com.billing.service.SalesService lambda$2
INFO: DeliveryNote generated from Order SO0003: DN0017
feb 20, 2026 8:02:20 P. M. com.billing.service.SalesService saveToFile
INFO: Workflow saved to data/sales-workflow.json
feb 20, 2026 8:02:35 P. M. com.billing.service.SalesService lambda$3
INFO: Invoice generated from DeliveryNote 17: INV0018
feb 20, 2026 8:32:45 P. M. com.billing.main.MainApplication main
INFO: Initializing Hibernate with MySQL database...
feb 20, 2026 8:32:45 P. M. com.billing.util.HibernateUtil initializeSessionFactory
INFO: Initializing Hibernate SessionFactory with hibernate.cfg.xml...
feb 20, 2026 8:32:45 P. M. com.billing.util.HibernateUtil initializeSessionFactory
INFO: Configuration file found at: file:/C:/Users/albag/Documents/2o/ACCESO%20DATOS/TEMA%203/Hibernate/target/classes/hibernate.cfg.xml
feb 20, 2026 8:32:45 P. M. org.hibernate.Version logVersion
INFO: HHH000412: Hibernate ORM core version 6.5.3.Final
feb 20, 2026 8:32:46 P. M. org.hibernate.cache.internal.RegionFactoryInitiator initiateService
INFO: HHH000026: Second-level cache disabled
feb 20, 2026 8:32:46 P. M. org.hibernate.engine.jdbc.connections.internal.DriverManagerConnectionProviderImpl configure
WARN: HHH10001002: Using built-in connection pool (not intended for production use)
feb 20, 2026 8:32:46 P. M. org.hibernate.engine.jdbc.connections.internal.DriverManagerConnectionProviderImpl buildCreator
INFO: HHH10001005: Loaded JDBC driver class: com.mysql.cj.jdbc.Driver
feb 20, 2026 8:32:46 P. M. org.hibernate.engine.jdbc.connections.internal.DriverManagerConnectionProviderImpl buildCreator
INFO: HHH10001012: Connecting with JDBC URL [jdbc:mysql://localhost:3306/facturacio?useSSL=false&serverTimezone=UTC&allowPublicKeyRetrieval=true]
feb 20, 2026 8:32:46 P. M. org.hibernate.engine.jdbc.connections.internal.DriverManagerConnectionProviderImpl buildCreator
INFO: HHH10001001: Connection properties: {password=****, user=usuario}
feb 20, 2026 8:32:46 P. M. org.hibernate.engine.jdbc.connections.internal.DriverManagerConnectionProviderImpl buildCreator
INFO: HHH10001003: Autocommit mode: false
feb 20, 2026 8:32:46 P. M. org.hibernate.engine.jdbc.connections.internal.DriverManagerConnectionProviderImpl$PooledConnections <init>
INFO: HHH10001115: Connection pool size: 1 (min=1)
feb 20, 2026 8:32:46 P. M. org.hibernate.engine.jdbc.dialect.internal.DialectFactoryImpl constructDialect
WARN: HHH90000025: MySQL8Dialect does not need to be specified explicitly using 'hibernate.dialect' (remove the property setting and it will be selected by default)
feb 20, 2026 8:32:46 P. M. org.hibernate.engine.jdbc.dialect.internal.DialectFactoryImpl logSelectedDialect
WARN: HHH90000026: MySQL8Dialect has been deprecated; use org.hibernate.dialect.MySQLDialect instead
feb 20, 2026 8:32:48 P. M. com.billing.util.HibernateUtil initializeSessionFactory
INFO: Hibernate SessionFactory initialized successfully for MySQL database
feb 20, 2026 8:32:49 P. M. com.billing.service.ClientService <init>
INFO: ClientService initialized with PartyRepository
feb 20, 2026 8:32:49 P. M. com.billing.service.SupplierService <init>
INFO: SupplierService initialized with PartyRepository
feb 20, 2026 8:32:49 P. M. com.billing.service.SalesService loadFromFile
INFO: Workflow loaded: 0 quotations, 0 orders
feb 20, 2026 8:32:50 P. M. com.billing.service.ClientService <init>
INFO: ClientService initialized with PartyRepository
feb 20, 2026 8:32:50 P. M. com.billing.main.MainApplication lambda$1
INFO: Application started successfully with MySQL database
feb 20, 2026 8:33:38 P. M. com.billing.service.SalesService createQuotation
INFO: Quotation created: QT0005
feb 20, 2026 8:33:39 P. M. com.billing.service.SalesService saveToFile
WARNING: Failed to save workflow: Java 8 date/time type `java.time.LocalDate` not supported by default: add Module "com.fasterxml.jackson.datatype:jackson-datatype-jsr310" to enable handling (through reference chain: java.util.concurrent.ConcurrentHashMap$ValuesView[0]->com.billing.service.SalesService$Quotation["date"])
feb 20, 2026 8:33:41 P. M. com.billing.service.SalesService updateQuotationStatus
INFO: Quotation status updated: QT0005 -> DRAFT
feb 20, 2026 8:33:41 P. M. com.billing.service.SalesService saveToFile
WARNING: Failed to save workflow: Java 8 date/time type `java.time.LocalDate` not supported by default: add Module "com.fasterxml.jackson.datatype:jackson-datatype-jsr310" to enable handling (through reference chain: java.util.concurrent.ConcurrentHashMap$ValuesView[0]->com.billing.service.SalesService$Quotation["date"])
feb 20, 2026 8:33:45 P. M. com.billing.service.SalesService updateQuotationStatus
INFO: Quotation status updated: QT0005 -> DRAFT
feb 20, 2026 8:33:45 P. M. com.billing.service.SalesService saveToFile
WARNING: Failed to save workflow: Java 8 date/time type `java.time.LocalDate` not supported by default: add Module "com.fasterxml.jackson.datatype:jackson-datatype-jsr310" to enable handling (through reference chain: java.util.concurrent.ConcurrentHashMap$ValuesView[0]->com.billing.service.SalesService$Quotation["date"])
feb 20, 2026 8:41:12 P. M. com.billing.main.MainApplication main
INFO: Initializing Hibernate with MySQL database...
feb 20, 2026 8:41:12 P. M. com.billing.util.HibernateUtil initializeSessionFactory
INFO: Initializing Hibernate SessionFactory with hibernate.cfg.xml...
feb 20, 2026 8:41:12 P. M. com.billing.util.HibernateUtil initializeSessionFactory
INFO: Configuration file found at: file:/C:/Users/albag/Documents/2o/ACCESO%20DATOS/TEMA%203/Hibernate/target/classes/hibernate.cfg.xml
feb 20, 2026 8:41:12 P. M. org.hibernate.Version logVersion
INFO: HHH000412: Hibernate ORM core version 6.5.3.Final
feb 20, 2026 8:41:12 P. M. org.hibernate.cache.internal.RegionFactoryInitiator initiateService
INFO: HHH000026: Second-level cache disabled
feb 20, 2026 8:41:12 P. M. org.hibernate.engine.jdbc.connections.internal.DriverManagerConnectionProviderImpl configure
WARN: HHH10001002: Using built-in connection pool (not intended for production use)
feb 20, 2026 8:41:12 P. M. org.hibernate.engine.jdbc.connections.internal.DriverManagerConnectionProviderImpl buildCreator
INFO: HHH10001005: Loaded JDBC driver class: com.mysql.cj.jdbc.Driver
feb 20, 2026 8:41:12 P. M. org.hibernate.engine.jdbc.connections.internal.DriverManagerConnectionProviderImpl buildCreator
INFO: HHH10001012: Connecting with JDBC URL [jdbc:mysql://localhost:3306/facturacio?useSSL=false&serverTimezone=UTC&allowPublicKeyRetrieval=true]
feb 20, 2026 8:41:12 P. M. org.hibernate.engine.jdbc.connections.internal.DriverManagerConnectionProviderImpl buildCreator
INFO: HHH10001001: Connection properties: {password=****, user=usuario}
feb 20, 2026 8:41:12 P. M. org.hibernate.engine.jdbc.connections.internal.DriverManagerConnectionProviderImpl buildCreator
INFO: HHH10001003: Autocommit mode: false
feb 20, 2026 8:41:12 P. M. org.hibernate.engine.jdbc.connections.internal.DriverManagerConnectionProviderImpl$PooledConnections <init>
INFO: HHH10001115: Connection pool size: 1 (min=1)
feb 20, 2026 8:41:13 P. M. org.hibernate.engine.jdbc.dialect.internal.DialectFactoryImpl constructDialect
WARN: HHH90000025: MySQL8Dialect does not need to be specified explicitly using 'hibernate.dialect' (remove the property setting and it will be selected by default)
feb 20, 2026 8:41:13 P. M. org.hibernate.engine.jdbc.dialect.internal.DialectFactoryImpl logSelectedDialect
WARN: HHH90000026: MySQL8Dialect has been deprecated; use org.hibernate.dialect.MySQLDialect instead
feb 20, 2026 8:41:15 P. M. com.billing.util.HibernateUtil initializeSessionFactory
INFO: Hibernate SessionFactory initialized successfully for MySQL database
feb 20, 2026 8:41:15 P. M. com.billing.service.ClientService <init>
INFO: ClientService initialized with PartyRepository
feb 20, 2026 8:41:15 P. M. com.billing.service.SupplierService <init>
INFO: SupplierService initialized with PartyRepository
feb 20, 2026 8:41:15 P. M. com.billing.service.SalesService loadFromFile
INFO: Workflow loaded: 0 quotations, 0 orders
feb 20, 2026 8:41:16 P. M. com.billing.service.ClientService <init>
INFO: ClientService initialized with PartyRepository
feb 20, 2026 8:41:17 P. M. com.billing.main.MainApplication lambda$1
INFO: Application started successfully with MySQL database
feb 20, 2026 8:42:04 P. M. com.billing.service.SalesService createQuotation
INFO: Quotation created: QT0005
feb 20, 2026 8:42:04 P. M. com.billing.service.SalesService saveToFile
WARNING: Failed to save workflow: Java 8 date/time type `java.time.LocalDate` not supported by default: add Module "com.fasterxml.jackson.datatype:jackson-datatype-jsr310" to enable handling (through reference chain: java.util.concurrent.ConcurrentHashMap$ValuesView[0]->com.billing.service.SalesService$Quotation["date"])
feb 20, 2026 8:42:06 P. M. com.billing.service.SalesService updateQuotationStatus
INFO: Quotation status updated: QT0005 -> SENT
feb 20, 2026 8:42:06 P. M. com.billing.service.SalesService saveToFile
WARNING: Failed to save workflow: Java 8 date/time type `java.time.LocalDate` not supported by default: add Module "com.fasterxml.jackson.datatype:jackson-datatype-jsr310" to enable handling (through reference chain: java.util.concurrent.ConcurrentHashMap$ValuesView[0]->com.billing.service.SalesService$Quotation["date"])
feb 20, 2026 8:42:09 P. M. com.billing.service.SalesService confirmOrder
INFO: Order confirmed: SO0004
feb 20, 2026 8:42:09 P. M. com.billing.service.SalesService saveToFile
WARNING: Failed to save workflow: Java 8 date/time type `java.time.LocalDate` not supported by default: add Module "com.fasterxml.jackson.datatype:jackson-datatype-jsr310" to enable handling (through reference chain: java.util.concurrent.ConcurrentHashMap$ValuesView[0]->com.billing.service.SalesService$SalesOrder["date"])
feb 20, 2026 8:42:11 P. M. com.billing.service.SalesService lambda$2
INFO: DeliveryNote generated from Order SO0004: DN0019
feb 20, 2026 8:42:11 P. M. com.billing.service.SalesService saveToFile
INFO: Workflow saved to data/sales-workflow.json
feb 20, 2026 8:42:23 P. M. com.billing.service.SalesService lambda$3
INFO: Invoice generated from DeliveryNote 19: INV0020
feb 20, 2026 8:42:27 P. M. com.billing.service.SalesService lambda$3
INFO: Invoice generated from DeliveryNote 19: INV0021
feb 20, 2026 8:44:00 P. M. com.billing.main.MainApplication main
INFO: Initializing Hibernate with MySQL database...
feb 20, 2026 8:44:00 P. M. com.billing.util.HibernateUtil initializeSessionFactory
INFO: Initializing Hibernate SessionFactory with hibernate.cfg.xml...
feb 20, 2026 8:44:00 P. M. com.billing.util.HibernateUtil initializeSessionFactory
INFO: Configuration file found at: file:/C:/Users/albag/Documents/2o/ACCESO%20DATOS/TEMA%203/Hibernate/target/classes/hibernate.cfg.xml
feb 20, 2026 8:44:00 P. M. org.hibernate.Version logVersion
INFO: HHH000412: Hibernate ORM core version 6.5.3.Final
feb 20, 2026 8:44:01 P. M. org.hibernate.cache.internal.RegionFactoryInitiator initiateService
INFO: HHH000026: Second-level cache disabled
feb 20, 2026 8:44:01 P. M. org.hibernate.engine.jdbc.connections.internal.DriverManagerConnectionProviderImpl configure
WARN: HHH10001002: Using built-in connection pool (not intended for production use)
feb 20, 2026 8:44:01 P. M. org.hibernate.engine.jdbc.connections.internal.DriverManagerConnectionProviderImpl buildCreator
INFO: HHH10001005: Loaded JDBC driver class: com.mysql.cj.jdbc.Driver
feb 20, 2026 8:44:01 P. M. org.hibernate.engine.jdbc.connections.internal.DriverManagerConnectionProviderImpl buildCreator
INFO: HHH10001012: Connecting with JDBC URL [jdbc:mysql://localhost:3306/facturacio?useSSL=false&serverTimezone=UTC&allowPublicKeyRetrieval=true]
feb 20, 2026 8:44:01 P. M. org.hibernate.engine.jdbc.connections.internal.DriverManagerConnectionProviderImpl buildCreator
INFO: HHH10001001: Connection properties: {password=****, user=usuario}
feb 20, 2026 8:44:01 P. M. org.hibernate.engine.jdbc.connections.internal.DriverManagerConnectionProviderImpl buildCreator
INFO: HHH10001003: Autocommit mode: false
feb 20, 2026 8:44:01 P. M. org.hibernate.engine.jdbc.connections.internal.DriverManagerConnectionProviderImpl$PooledConnections <init>
INFO: HHH10001115: Connection pool size: 1 (min=1)
feb 20, 2026 8:44:01 P. M. org.hibernate.engine.jdbc.dialect.internal.DialectFactoryImpl constructDialect
WARN: HHH90000025: MySQL8Dialect does not need to be specified explicitly using 'hibernate.dialect' (remove the property setting and it will be selected by default)
feb 20, 2026 8:44:01 P. M. org.hibernate.engine.jdbc.dialect.internal.DialectFactoryImpl logSelectedDialect
WARN: HHH90000026: MySQL8Dialect has been deprecated; use org.hibernate.dialect.MySQLDialect instead
feb 20, 2026 8:44:03 P. M. com.billing.util.HibernateUtil initializeSessionFactory
INFO: Hibernate SessionFactory initialized successfully for MySQL database
feb 20, 2026 8:44:03 P. M. com.billing.service.ClientService <init>
INFO: ClientService initialized with PartyRepository
feb 20, 2026 8:44:03 P. M. com.billing.service.SupplierService <init>
INFO: SupplierService initialized with PartyRepository
feb 20, 2026 8:44:03 P. M. com.billing.service.SalesService loadFromFile
INFO: Workflow loaded: 0 quotations, 0 orders
feb 20, 2026 8:44:05 P. M. com.billing.service.ClientService <init>
INFO: ClientService initialized with PartyRepository
feb 20, 2026 8:44:05 P. M. com.billing.main.MainApplication lambda$1
INFO: Application started successfully with MySQL database
feb 20, 2026 8:46:35 P. M. com.billing.main.MainApplication main
INFO: Initializing Hibernate with MySQL database...
feb 20, 2026 8:46:35 P. M. com.billing.util.HibernateUtil initializeSessionFactory
INFO: Initializing Hibernate SessionFactory with hibernate.cfg.xml...
feb 20, 2026 8:46:35 P. M. com.billing.util.HibernateUtil initializeSessionFactory
INFO: Configuration file found at: file:/C:/Users/albag/Documents/2o/ACCESO%20DATOS/TEMA%203/Hibernate/target/classes/hibernate.cfg.xml
feb 20, 2026 8:46:35 P. M. org.hibernate.Version logVersion
INFO: HHH000412: Hibernate ORM core version 6.5.3.Final
feb 20, 2026 8:46:36 P. M. org.hibernate.cache.internal.RegionFactoryInitiator initiateService
INFO: HHH000026: Second-level cache disabled
feb 20, 2026 8:46:36 P. M. org.hibernate.engine.jdbc.connections.internal.DriverManagerConnectionProviderImpl configure
WARN: HHH10001002: Using built-in connection pool (not intended for production use)
feb 20, 2026 8:46:36 P. M. org.hibernate.engine.jdbc.connections.internal.DriverManagerConnectionProviderImpl buildCreator
INFO: HHH10001005: Loaded JDBC driver class: com.mysql.cj.jdbc.Driver
feb 20, 2026 8:46:36 P. M. org.hibernate.engine.jdbc.connections.internal.DriverManagerConnectionProviderImpl buildCreator
INFO: HHH10001012: Connecting with JDBC URL [jdbc:mysql://localhost:3306/facturacio?useSSL=false&serverTimezone=UTC&allowPublicKeyRetrieval=true]
feb 20, 2026 8:46:36 P. M. org.hibernate.engine.jdbc.connections.internal.DriverManagerConnectionProviderImpl buildCreator
INFO: HHH10001001: Connection properties: {password=****, user=usuario}
feb 20, 2026 8:46:36 P. M. org.hibernate.engine.jdbc.connections.internal.DriverManagerConnectionProviderImpl buildCreator
INFO: HHH10001003: Autocommit mode: false
feb 20, 2026 8:46:36 P. M. org.hibernate.engine.jdbc.connections.internal.DriverManagerConnectionProviderImpl$PooledConnections <init>
INFO: HHH10001115: Connection pool size: 1 (min=1)
feb 20, 2026 8:46:36 P. M. org.hibernate.engine.jdbc.dialect.internal.DialectFactoryImpl constructDialect
WARN: HHH90000025: MySQL8Dialect does not need to be specified explicitly using 'hibernate.dialect' (remove the property setting and it will be selected by default)
feb 20, 2026 8:46:36 P. M. org.hibernate.engine.jdbc.dialect.internal.DialectFactoryImpl logSelectedDialect
WARN: HHH90000026: MySQL8Dialect has been deprecated; use org.hibernate.dialect.MySQLDialect instead
feb 20, 2026 8:46:38 P. M. com.billing.util.HibernateUtil initializeSessionFactory
INFO: Hibernate SessionFactory initialized successfully for MySQL database
feb 20, 2026 8:46:38 P. M. com.billing.service.ClientService <init>
INFO: ClientService initialized with PartyRepository
feb 20, 2026 8:46:38 P. M. com.billing.service.SupplierService <init>
INFO: SupplierService initialized with PartyRepository
feb 20, 2026 8:46:38 P. M. com.billing.service.SalesService loadFromFile
INFO: Workflow loaded: 0 quotations, 0 orders
feb 20, 2026 8:46:40 P. M. com.billing.service.ClientService <init>
INFO: ClientService initialized with PartyRepository
feb 20, 2026 8:46:40 P. M. com.billing.main.MainApplication lambda$1
INFO: Application started successfully with MySQL database
feb 20, 2026 8:52:27 P. M. com.billing.service.SalesService createQuotation
INFO: Quotation created: QT0006
feb 20, 2026 8:52:27 P. M. com.billing.service.SalesService saveToFile
WARNING: Failed to save workflow: Java 8 date/time type `java.time.LocalDate` not supported by default: add Module "com.fasterxml.jackson.datatype:jackson-datatype-jsr310" to enable handling (through reference chain: java.util.concurrent.ConcurrentHashMap$ValuesView[0]->com.billing.service.SalesService$Quotation["date"])
feb 20, 2026 8:52:45 P. M. com.billing.main.MainApplication main
INFO: Initializing Hibernate with MySQL database...
feb 20, 2026 8:52:45 P. M. com.billing.util.HibernateUtil initializeSessionFactory
INFO: Initializing Hibernate SessionFactory with hibernate.cfg.xml...
feb 20, 2026 8:52:45 P. M. com.billing.util.HibernateUtil initializeSessionFactory
INFO: Configuration file found at: file:/C:/Users/albag/Documents/2o/ACCESO%20DATOS/TEMA%203/Hibernate/target/classes/hibernate.cfg.xml
feb 20, 2026 8:52:45 P. M. org.hibernate.Version logVersion
INFO: HHH000412: Hibernate ORM core version 6.5.3.Final
feb 20, 2026 8:52:46 P. M. org.hibernate.cache.internal.RegionFactoryInitiator initiateService
INFO: HHH000026: Second-level cache disabled
feb 20, 2026 8:52:46 P. M. org.hibernate.engine.jdbc.connections.internal.DriverManagerConnectionProviderImpl configure
WARN: HHH10001002: Using built-in connection pool (not intended for production use)
feb 20, 2026 8:52:46 P. M. org.hibernate.engine.jdbc.connections.internal.DriverManagerConnectionProviderImpl buildCreator
INFO: HHH10001005: Loaded JDBC driver class: com.mysql.cj.jdbc.Driver
feb 20, 2026 8:52:46 P. M. org.hibernate.engine.jdbc.connections.internal.DriverManagerConnectionProviderImpl buildCreator
INFO: HHH10001012: Connecting with JDBC URL [jdbc:mysql://localhost:3306/facturacio?useSSL=false&serverTimezone=UTC&allowPublicKeyRetrieval=true]
feb 20, 2026 8:52:46 P. M. org.hibernate.engine.jdbc.connections.internal.DriverManagerConnectionProviderImpl buildCreator
INFO: HHH10001001: Connection properties: {password=****, user=usuario}
feb 20, 2026 8:52:46 P. M. org.hibernate.engine.jdbc.connections.internal.DriverManagerConnectionProviderImpl buildCreator
INFO: HHH10001003: Autocommit mode: false
feb 20, 2026 8:52:46 P. M. org.hibernate.engine.jdbc.connections.internal.DriverManagerConnectionProviderImpl$PooledConnections <init>
INFO: HHH10001115: Connection pool size: 1 (min=1)
feb 20, 2026 8:52:46 P. M. org.hibernate.engine.jdbc.dialect.internal.DialectFactoryImpl constructDialect
WARN: HHH90000025: MySQL8Dialect does not need to be specified explicitly using 'hibernate.dialect' (remove the property setting and it will be selected by default)
feb 20, 2026 8:52:46 P. M. org.hibernate.engine.jdbc.dialect.internal.DialectFactoryImpl logSelectedDialect
WARN: HHH90000026: MySQL8Dialect has been deprecated; use org.hibernate.dialect.MySQLDialect instead
feb 20, 2026 8:52:48 P. M. com.billing.util.HibernateUtil initializeSessionFactory
INFO: Hibernate SessionFactory initialized successfully for MySQL database
feb 20, 2026 8:52:48 P. M. com.billing.service.ClientService <init>
INFO: ClientService initialized with PartyRepository
feb 20, 2026 8:52:48 P. M. com.billing.service.SupplierService <init>
INFO: SupplierService initialized with PartyRepository
feb 20, 2026 8:52:48 P. M. com.billing.service.SalesService loadFromFile
INFO: Workflow loaded: 0 quotations, 0 orders
feb 20, 2026 8:52:49 P. M. com.billing.service.ClientService <init>
INFO: ClientService initialized with PartyRepository
feb 20, 2026 8:52:49 P. M. com.billing.main.MainApplication lambda$1
INFO: Application started successfully with MySQL database
feb 20, 2026 8:53:01 P. M. com.billing.service.SalesService createQuotation
INFO: Quotation created: QT0006
feb 20, 2026 8:53:01 P. M. com.billing.service.SalesService saveToFile
WARNING: Failed to save workflow: Java 8 date/time type `java.time.LocalDate` not supported by default: add Module "com.fasterxml.jackson.datatype:jackson-datatype-jsr310" to enable handling (through reference chain: java.util.concurrent.ConcurrentHashMap$ValuesView[0]->com.billing.service.SalesService$Quotation["date"])
feb 20, 2026 8:53:20 P. M. com.billing.service.SalesService updateQuotationStatus
INFO: Quotation status updated: QT0006 -> SENT
feb 20, 2026 8:53:20 P. M. com.billing.service.SalesService saveToFile
WARNING: Failed to save workflow: Java 8 date/time type `java.time.LocalDate` not supported by default: add Module "com.fasterxml.jackson.datatype:jackson-datatype-jsr310" to enable handling (through reference chain: java.util.concurrent.ConcurrentHashMap$ValuesView[0]->com.billing.service.SalesService$Quotation["date"])
feb 20, 2026 8:53:27 P. M. com.billing.service.SalesService confirmOrder
INFO: Order confirmed: SO0005
feb 20, 2026 8:53:27 P. M. com.billing.service.SalesService saveToFile
WARNING: Failed to save workflow: Java 8 date/time type `java.time.LocalDate` not supported by default: add Module "com.fasterxml.jackson.datatype:jackson-datatype-jsr310" to enable handling (through reference chain: java.util.concurrent.ConcurrentHashMap$ValuesView[0]->com.billing.service.SalesService$SalesOrder["date"])
feb 20, 2026 8:53:31 P. M. com.billing.service.SalesService lambda$2
INFO: DeliveryNote generated from Order SO0005: DN0022
feb 20, 2026 8:53:31 P. M. com.billing.service.SalesService saveToFile
INFO: Workflow saved to data/sales-workflow.json
feb 20, 2026 8:53:48 P. M. com.billing.service.SalesService lambda$3
INFO: Invoice generated from DeliveryNote 22: INV0023
feb 20, 2026 9:00:50 P. M. com.billing.main.MainApplication main
INFO: Initializing Hibernate with MySQL database...
feb 20, 2026 9:00:50 P. M. com.billing.util.HibernateUtil initializeSessionFactory
INFO: Initializing Hibernate SessionFactory with hibernate.cfg.xml...
feb 20, 2026 9:00:50 P. M. com.billing.util.HibernateUtil initializeSessionFactory
INFO: Configuration file found at: file:/C:/Users/albag/Documents/2o/ACCESO%20DATOS/TEMA%203/Hibernate/target/classes/hibernate.cfg.xml
feb 20, 2026 9:00:50 P. M. org.hibernate.Version logVersion
INFO: HHH000412: Hibernate ORM core version 6.5.3.Final
feb 20, 2026 9:00:50 P. M. org.hibernate.cache.internal.RegionFactoryInitiator initiateService
INFO: HHH000026: Second-level cache disabled
feb 20, 2026 9:00:51 P. M. org.hibernate.engine.jdbc.connections.internal.DriverManagerConnectionProviderImpl configure
WARN: HHH10001002: Using built-in connection pool (not intended for production use)
feb 20, 2026 9:00:51 P. M. org.hibernate.engine.jdbc.connections.internal.DriverManagerConnectionProviderImpl buildCreator
INFO: HHH10001005: Loaded JDBC driver class: com.mysql.cj.jdbc.Driver
feb 20, 2026 9:00:51 P. M. org.hibernate.engine.jdbc.connections.internal.DriverManagerConnectionProviderImpl buildCreator
INFO: HHH10001012: Connecting with JDBC URL [jdbc:mysql://localhost:3306/facturacio?useSSL=false&serverTimezone=UTC&allowPublicKeyRetrieval=true]
feb 20, 2026 9:00:51 P. M. org.hibernate.engine.jdbc.connections.internal.DriverManagerConnectionProviderImpl buildCreator
INFO: HHH10001001: Connection properties: {password=****, user=usuario}
feb 20, 2026 9:00:51 P. M. org.hibernate.engine.jdbc.connections.internal.DriverManagerConnectionProviderImpl buildCreator
INFO: HHH10001003: Autocommit mode: false
feb 20, 2026 9:00:51 P. M. org.hibernate.engine.jdbc.connections.internal.DriverManagerConnectionProviderImpl$PooledConnections <init>
INFO: HHH10001115: Connection pool size: 1 (min=1)
feb 20, 2026 9:00:51 P. M. org.hibernate.engine.jdbc.dialect.internal.DialectFactoryImpl constructDialect
WARN: HHH90000025: MySQL8Dialect does not need to be specified explicitly using 'hibernate.dialect' (remove the property setting and it will be selected by default)
feb 20, 2026 9:00:51 P. M. org.hibernate.engine.jdbc.dialect.internal.DialectFactoryImpl logSelectedDialect
WARN: HHH90000026: MySQL8Dialect has been deprecated; use org.hibernate.dialect.MySQLDialect instead
feb 20, 2026 9:00:53 P. M. com.billing.util.HibernateUtil initializeSessionFactory
INFO: Hibernate SessionFactory initialized successfully for MySQL database
feb 20, 2026 9:00:54 P. M. com.billing.service.ClientService <init>
INFO: ClientService initialized with PartyRepository
feb 20, 2026 9:00:54 P. M. com.billing.service.SupplierService <init>
INFO: SupplierService initialized with PartyRepository
feb 20, 2026 9:00:54 P. M. com.billing.service.SalesService loadFromFile
INFO: Workflow loaded: 0 quotations, 0 orders
feb 20, 2026 9:00:56 P. M. com.billing.service.ClientService <init>
INFO: ClientService initialized with PartyRepository
feb 20, 2026 9:00:56 P. M. com.billing.main.MainApplication lambda$1
INFO: Application started successfully with MySQL database
feb 20, 2026 9:05:44 P. M. com.billing.main.MainApplication main
INFO: Initializing Hibernate with MySQL database...
feb 20, 2026 9:05:44 P. M. com.billing.util.HibernateUtil initializeSessionFactory
INFO: Initializing Hibernate SessionFactory with hibernate.cfg.xml...
feb 20, 2026 9:05:44 P. M. com.billing.util.HibernateUtil initializeSessionFactory
INFO: Configuration file found at: file:/C:/Users/albag/Documents/2o/ACCESO%20DATOS/TEMA%203/Hibernate/target/classes/hibernate.cfg.xml
feb 20, 2026 9:05:44 P. M. org.hibernate.Version logVersion
INFO: HHH000412: Hibernate ORM core version 6.5.3.Final
feb 20, 2026 9:05:44 P. M. org.hibernate.cache.internal.RegionFactoryInitiator initiateService
INFO: HHH000026: Second-level cache disabled
feb 20, 2026 9:05:45 P. M. org.hibernate.engine.jdbc.connections.internal.DriverManagerConnectionProviderImpl configure
WARN: HHH10001002: Using built-in connection pool (not intended for production use)
feb 20, 2026 9:05:45 P. M. org.hibernate.engine.jdbc.connections.internal.DriverManagerConnectionProviderImpl buildCreator
INFO: HHH10001005: Loaded JDBC driver class: com.mysql.cj.jdbc.Driver
feb 20, 2026 9:05:45 P. M. org.hibernate.engine.jdbc.connections.internal.DriverManagerConnectionProviderImpl buildCreator
INFO: HHH10001012: Connecting with JDBC URL [jdbc:mysql://localhost:3306/facturacio?useSSL=false&serverTimezone=UTC&allowPublicKeyRetrieval=true]
feb 20, 2026 9:05:45 P. M. org.hibernate.engine.jdbc.connections.internal.DriverManagerConnectionProviderImpl buildCreator
INFO: HHH10001001: Connection properties: {password=****, user=usuario}
feb 20, 2026 9:05:45 P. M. org.hibernate.engine.jdbc.connections.internal.DriverManagerConnectionProviderImpl buildCreator
INFO: HHH10001003: Autocommit mode: false
feb 20, 2026 9:05:45 P. M. org.hibernate.engine.jdbc.connections.internal.DriverManagerConnectionProviderImpl$PooledConnections <init>
INFO: HHH10001115: Connection pool size: 1 (min=1)
feb 20, 2026 9:05:45 P. M. org.hibernate.engine.jdbc.dialect.internal.DialectFactoryImpl constructDialect
WARN: HHH90000025: MySQL8Dialect does not need to be specified explicitly using 'hibernate.dialect' (remove the property setting and it will be selected by default)
feb 20, 2026 9:05:45 P. M. org.hibernate.engine.jdbc.dialect.internal.DialectFactoryImpl logSelectedDialect
WARN: HHH90000026: MySQL8Dialect has been deprecated; use org.hibernate.dialect.MySQLDialect instead
feb 20, 2026 9:05:47 P. M. com.billing.util.HibernateUtil initializeSessionFactory
INFO: Hibernate SessionFactory initialized successfully for MySQL database
feb 20, 2026 9:05:48 P. M. com.billing.service.ClientService <init>
INFO: ClientService initialized with PartyRepository
feb 20, 2026 9:05:48 P. M. com.billing.service.SupplierService <init>
INFO: SupplierService initialized with PartyRepository
feb 20, 2026 9:05:48 P. M. com.billing.service.SalesService loadFromFile
INFO: Workflow loaded: 0 quotations, 0 orders
feb 20, 2026 9:05:49 P. M. com.billing.service.ClientService <init>
INFO: ClientService initialized with PartyRepository
feb 20, 2026 9:05:49 P. M. com.billing.main.MainApplication lambda$1
INFO: Application started successfully with MySQL database
feb 20, 2026 9:12:30 P. M. com.billing.main.MainApplication main
INFO: Initializing Hibernate with MySQL database...
feb 20, 2026 9:12:30 P. M. com.billing.util.HibernateUtil initializeSessionFactory
INFO: Initializing Hibernate SessionFactory with hibernate.cfg.xml...
feb 20, 2026 9:12:30 P. M. com.billing.util.HibernateUtil initializeSessionFactory
INFO: Configuration file found at: file:/C:/Users/albag/Documents/2o/ACCESO%20DATOS/TEMA%203/Hibernate/target/classes/hibernate.cfg.xml
feb 20, 2026 9:12:30 P. M. org.hibernate.Version logVersion
INFO: HHH000412: Hibernate ORM core version 6.5.3.Final
feb 20, 2026 9:12:31 P. M. org.hibernate.cache.internal.RegionFactoryInitiator initiateService
INFO: HHH000026: Second-level cache disabled
feb 20, 2026 9:12:31 P. M. org.hibernate.engine.jdbc.connections.internal.DriverManagerConnectionProviderImpl configure
WARN: HHH10001002: Using built-in connection pool (not intended for production use)
feb 20, 2026 9:12:31 P. M. org.hibernate.engine.jdbc.connections.internal.DriverManagerConnectionProviderImpl buildCreator
INFO: HHH10001005: Loaded JDBC driver class: com.mysql.cj.jdbc.Driver
feb 20, 2026 9:12:31 P. M. org.hibernate.engine.jdbc.connections.internal.DriverManagerConnectionProviderImpl buildCreator
INFO: HHH10001012: Connecting with JDBC URL [jdbc:mysql://localhost:3306/Facturacio?useSSL=false&serverTimezone=UTC&allowPublicKeyRetrieval=true]
feb 20, 2026 9:12:31 P. M. org.hibernate.engine.jdbc.connections.internal.DriverManagerConnectionProviderImpl buildCreator
INFO: HHH10001001: Connection properties: {password=****, user=usuario}
feb 20, 2026 9:12:31 P. M. org.hibernate.engine.jdbc.connections.internal.DriverManagerConnectionProviderImpl buildCreator
INFO: HHH10001003: Autocommit mode: false
feb 20, 2026 9:12:31 P. M. org.hibernate.engine.jdbc.connections.internal.DriverManagerConnectionProviderImpl$PooledConnections <init>
INFO: HHH10001115: Connection pool size: 1 (min=1)
feb 20, 2026 9:12:31 P. M. org.hibernate.engine.jdbc.dialect.internal.DialectFactoryImpl constructDialect
WARN: HHH90000025: MySQL8Dialect does not need to be specified explicitly using 'hibernate.dialect' (remove the property setting and it will be selected by default)
feb 20, 2026 9:12:31 P. M. org.hibernate.engine.jdbc.dialect.internal.DialectFactoryImpl logSelectedDialect
WARN: HHH90000026: MySQL8Dialect has been deprecated; use org.hibernate.dialect.MySQLDialect instead
feb 20, 2026 9:12:33 P. M. com.billing.util.HibernateUtil initializeSessionFactory
INFO: Hibernate SessionFactory initialized successfully for MySQL database
feb 20, 2026 9:12:33 P. M. com.billing.service.ClientService <init>
INFO: ClientService initialized with PartyRepository
feb 20, 2026 9:12:33 P. M. com.billing.service.SupplierService <init>
INFO: SupplierService initialized with PartyRepository
feb 20, 2026 9:12:33 P. M. com.billing.service.SalesService loadFromFile
INFO: Workflow loaded: 0 quotations, 0 orders
feb 20, 2026 9:12:34 P. M. com.billing.service.ClientService <init>
INFO: ClientService initialized with PartyRepository
feb 20, 2026 9:12:35 P. M. com.billing.main.MainApplication lambda$1
INFO: Application started successfully with MySQL database
feb 23, 2026 6:24:21 P. M. com.billing.main.MainApplication main
INFO: Initializing Hibernate with MySQL database...
feb 23, 2026 6:24:21 P. M. com.billing.util.HibernateUtil initializeSessionFactory
INFO: Initializing Hibernate SessionFactory with hibernate.cfg.xml...
feb 23, 2026 6:24:21 P. M. com.billing.util.HibernateUtil initializeSessionFactory
INFO: Configuration file found at: file:/C:/Users/albag/Documents/2o/ACCESO%20DATOS/TEMA%203/Hibernate/target/classes/hibernate.cfg.xml
feb 23, 2026 6:24:21 P. M. org.hibernate.Version logVersion
INFO: HHH000412: Hibernate ORM core version 6.5.3.Final
feb 23, 2026 6:24:22 P. M. org.hibernate.cache.internal.RegionFactoryInitiator initiateService
INFO: HHH000026: Second-level cache disabled
feb 23, 2026 6:24:22 P. M. org.hibernate.engine.jdbc.connections.internal.DriverManagerConnectionProviderImpl configure
WARN: HHH10001002: Using built-in connection pool (not intended for production use)
feb 23, 2026 6:24:22 P. M. org.hibernate.engine.jdbc.connections.internal.DriverManagerConnectionProviderImpl buildCreator
INFO: HHH10001005: Loaded JDBC driver class: com.mysql.cj.jdbc.Driver
feb 23, 2026 6:24:22 P. M. org.hibernate.engine.jdbc.connections.internal.DriverManagerConnectionProviderImpl buildCreator
INFO: HHH10001012: Connecting with JDBC URL [jdbc:mysql://localhost:3306/Facturacio?useSSL=false&serverTimezone=UTC&allowPublicKeyRetrieval=true]
feb 23, 2026 6:24:22 P. M. org.hibernate.engine.jdbc.connections.internal.DriverManagerConnectionProviderImpl buildCreator
INFO: HHH10001001: Connection properties: {password=****, user=usuario}
feb 23, 2026 6:24:22 P. M. org.hibernate.engine.jdbc.connections.internal.DriverManagerConnectionProviderImpl buildCreator
INFO: HHH10001003: Autocommit mode: false
feb 23, 2026 6:24:22 P. M. org.hibernate.engine.jdbc.connections.internal.DriverManagerConnectionProviderImpl$PooledConnections <init>
INFO: HHH10001115: Connection pool size: 1 (min=1)
feb 23, 2026 6:24:23 P. M. org.hibernate.engine.jdbc.dialect.internal.DialectFactoryImpl constructDialect
WARN: HHH90000025: MySQL8Dialect does not need to be specified explicitly using 'hibernate.dialect' (remove the property setting and it will be selected by default)
feb 23, 2026 6:24:23 P. M. org.hibernate.engine.jdbc.dialect.internal.DialectFactoryImpl logSelectedDialect
WARN: HHH90000026: MySQL8Dialect has been deprecated; use org.hibernate.dialect.MySQLDialect instead
feb 23, 2026 6:24:24 P. M. com.billing.util.HibernateUtil initializeSessionFactory
INFO: Hibernate SessionFactory initialized successfully for MySQL database
feb 23, 2026 6:24:25 P. M. com.billing.service.ClientService <init>
INFO: ClientService initialized with PartyRepository
feb 23, 2026 6:24:25 P. M. com.billing.service.SupplierService <init>
INFO: SupplierService initialized with PartyRepository
feb 23, 2026 6:24:25 P. M. com.billing.service.SalesService loadFromFile
INFO: Workflow loaded: 0 quotations, 0 orders
feb 23, 2026 6:24:26 P. M. com.billing.service.ClientService <init>
INFO: ClientService initialized with PartyRepository
feb 23, 2026 6:24:26 P. M. com.billing.main.MainApplication lambda$1
INFO: Application started successfully with MySQL database
feb 23, 2026 6:48:46 P. M. com.billing.main.MainApplication main
INFO: Initializing Hibernate with MySQL database...
feb 23, 2026 6:48:46 P. M. com.billing.util.HibernateUtil initializeSessionFactory
INFO: Initializing Hibernate SessionFactory with hibernate.cfg.xml...
feb 23, 2026 6:48:46 P. M. com.billing.util.HibernateUtil initializeSessionFactory
INFO: Configuration file found at: file:/C:/Users/albag/Documents/2o/ACCESO%20DATOS/TEMA%203/Hibernate/target/classes/hibernate.cfg.xml
feb 23, 2026 6:48:46 P. M. org.hibernate.Version logVersion
INFO: HHH000412: Hibernate ORM core version 6.5.3.Final
feb 23, 2026 6:48:46 P. M. org.hibernate.cache.internal.RegionFactoryInitiator initiateService
INFO: HHH000026: Second-level cache disabled
feb 23, 2026 6:48:46 P. M. org.hibernate.engine.jdbc.connections.internal.DriverManagerConnectionProviderImpl configure
WARN: HHH10001002: Using built-in connection pool (not intended for production use)
feb 23, 2026 6:48:46 P. M. org.hibernate.engine.jdbc.connections.internal.DriverManagerConnectionProviderImpl buildCreator
INFO: HHH10001005: Loaded JDBC driver class: com.mysql.cj.jdbc.Driver
feb 23, 2026 6:48:46 P. M. org.hibernate.engine.jdbc.connections.internal.DriverManagerConnectionProviderImpl buildCreator
INFO: HHH10001012: Connecting with JDBC URL [jdbc:mysql://localhost:3306/Facturacio?useSSL=false&serverTimezone=UTC&allowPublicKeyRetrieval=true]
feb 23, 2026 6:48:46 P. M. org.hibernate.engine.jdbc.connections.internal.DriverManagerConnectionProviderImpl buildCreator
INFO: HHH10001001: Connection properties: {password=****, user=usuario}
feb 23, 2026 6:48:46 P. M. org.hibernate.engine.jdbc.connections.internal.DriverManagerConnectionProviderImpl buildCreator
INFO: HHH10001003: Autocommit mode: false
feb 23, 2026 6:48:46 P. M. org.hibernate.engine.jdbc.connections.internal.DriverManagerConnectionProviderImpl$PooledConnections <init>
INFO: HHH10001115: Connection pool size: 1 (min=1)
feb 23, 2026 6:48:47 P. M. org.hibernate.engine.jdbc.dialect.internal.DialectFactoryImpl constructDialect
WARN: HHH90000025: MySQL8Dialect does not need to be specified explicitly using 'hibernate.dialect' (remove the property setting and it will be selected by default)
feb 23, 2026 6:48:47 P. M. org.hibernate.engine.jdbc.dialect.internal.DialectFactoryImpl logSelectedDialect
WARN: HHH90000026: MySQL8Dialect has been deprecated; use org.hibernate.dialect.MySQLDialect instead
feb 23, 2026 6:48:48 P. M. com.billing.util.HibernateUtil initializeSessionFactory
INFO: Hibernate SessionFactory initialized successfully for MySQL database
feb 23, 2026 6:48:49 P. M. com.billing.service.ClientService <init>
INFO: ClientService initialized with PartyRepository
feb 23, 2026 6:48:49 P. M. com.billing.service.SupplierService <init>
INFO: SupplierService initialized with PartyRepository
feb 23, 2026 6:48:49 P. M. com.billing.service.SalesService loadFromFile
INFO: Workflow loaded: 0 quotations, 0 orders
feb 23, 2026 6:48:49 P. M. com.billing.service.ClientService <init>
INFO: ClientService initialized with PartyRepository
feb 23, 2026 6:48:50 P. M. com.billing.main.MainApplication lambda$1
INFO: Application started successfully with MySQL database
feb 23, 2026 6:49:55 P. M. com.billing.service.ItemService lambda$1
INFO: Regenerated codes for items: 10
feb 23, 2026 6:49:55 P. M. com.billing.service.ClientService lambda$3
INFO: Regenerated codes for clients: 10
feb 23, 2026 6:49:55 P. M. com.billing.service.SupplierService lambda$8
INFO: Regenerated codes for suppliers: 3
feb 23, 2026 6:51:15 P. M. com.billing.service.SalesService createQuotation
INFO: Quotation created: QT0007
feb 23, 2026 6:51:15 P. M. com.billing.service.SalesService saveToFile
WARNING: Failed to save workflow: Java 8 date/time type `java.time.LocalDate` not supported by default: add Module "com.fasterxml.jackson.datatype:jackson-datatype-jsr310" to enable handling (through reference chain: java.util.concurrent.ConcurrentHashMap$ValuesView[0]->com.billing.service.SalesService$Quotation["date"])
feb 23, 2026 6:51:24 P. M. com.billing.service.SalesService updateQuotationStatus
INFO: Quotation status updated: QT0007 -> SENT
feb 23, 2026 6:51:24 P. M. com.billing.service.SalesService saveToFile
WARNING: Failed to save workflow: Java 8 date/time type `java.time.LocalDate` not supported by default: add Module "com.fasterxml.jackson.datatype:jackson-datatype-jsr310" to enable handling (through reference chain: java.util.concurrent.ConcurrentHashMap$ValuesView[0]->com.billing.service.SalesService$Quotation["date"])
feb 23, 2026 6:51:29 P. M. com.billing.service.SalesService confirmOrder
INFO: Order confirmed: SO0006
feb 23, 2026 6:51:30 P. M. com.billing.service.SalesService saveToFile
WARNING: Failed to save workflow: Java 8 date/time type `java.time.LocalDate` not supported by default: add Module "com.fasterxml.jackson.datatype:jackson-datatype-jsr310" to enable handling (through reference chain: java.util.concurrent.ConcurrentHashMap$ValuesView[0]->com.billing.service.SalesService$SalesOrder["date"])
feb 23, 2026 6:51:56 P. M. com.billing.main.MainApplication lambda$5
INFO: Shutting down application...
feb 23, 2026 6:52:01 P. M. com.billing.main.MainApplication main
INFO: Initializing Hibernate with MySQL database...
feb 23, 2026 6:52:01 P. M. com.billing.util.HibernateUtil initializeSessionFactory
INFO: Initializing Hibernate SessionFactory with hibernate.cfg.xml...
feb 23, 2026 6:52:01 P. M. com.billing.util.HibernateUtil initializeSessionFactory
INFO: Configuration file found at: file:/C:/Users/albag/Documents/2o/ACCESO%20DATOS/TEMA%203/Hibernate/target/classes/hibernate.cfg.xml
feb 23, 2026 6:52:01 P. M. org.hibernate.Version logVersion
INFO: HHH000412: Hibernate ORM core version 6.5.3.Final
feb 23, 2026 6:52:01 P. M. org.hibernate.cache.internal.RegionFactoryInitiator initiateService
INFO: HHH000026: Second-level cache disabled
feb 23, 2026 6:52:01 P. M. org.hibernate.engine.jdbc.connections.internal.DriverManagerConnectionProviderImpl configure
WARN: HHH10001002: Using built-in connection pool (not intended for production use)
feb 23, 2026 6:52:01 P. M. org.hibernate.engine.jdbc.connections.internal.DriverManagerConnectionProviderImpl buildCreator
INFO: HHH10001005: Loaded JDBC driver class: com.mysql.cj.jdbc.Driver
feb 23, 2026 6:52:01 P. M. org.hibernate.engine.jdbc.connections.internal.DriverManagerConnectionProviderImpl buildCreator
INFO: HHH10001012: Connecting with JDBC URL [jdbc:mysql://localhost:3306/Facturacio?useSSL=false&serverTimezone=UTC&allowPublicKeyRetrieval=true]
feb 23, 2026 6:52:01 P. M. org.hibernate.engine.jdbc.connections.internal.DriverManagerConnectionProviderImpl buildCreator
INFO: HHH10001001: Connection properties: {password=****, user=usuario}
feb 23, 2026 6:52:01 P. M. org.hibernate.engine.jdbc.connections.internal.DriverManagerConnectionProviderImpl buildCreator
INFO: HHH10001003: Autocommit mode: false
feb 23, 2026 6:52:01 P. M. org.hibernate.engine.jdbc.connections.internal.DriverManagerConnectionProviderImpl$PooledConnections <init>
INFO: HHH10001115: Connection pool size: 1 (min=1)
feb 23, 2026 6:52:02 P. M. org.hibernate.engine.jdbc.dialect.internal.DialectFactoryImpl constructDialect
WARN: HHH90000025: MySQL8Dialect does not need to be specified explicitly using 'hibernate.dialect' (remove the property setting and it will be selected by default)
feb 23, 2026 6:52:02 P. M. org.hibernate.engine.jdbc.dialect.internal.DialectFactoryImpl logSelectedDialect
WARN: HHH90000026: MySQL8Dialect has been deprecated; use org.hibernate.dialect.MySQLDialect instead
feb 23, 2026 6:52:03 P. M. com.billing.util.HibernateUtil initializeSessionFactory
INFO: Hibernate SessionFactory initialized successfully for MySQL database
feb 23, 2026 6:52:04 P. M. com.billing.service.ClientService <init>
INFO: ClientService initialized with PartyRepository
feb 23, 2026 6:52:04 P. M. com.billing.service.SupplierService <init>
INFO: SupplierService initialized with PartyRepository
feb 23, 2026 6:52:04 P. M. com.billing.service.SalesService loadFromFile
INFO: Workflow loaded: 0 quotations, 0 orders
feb 23, 2026 6:52:05 P. M. com.billing.service.ClientService <init>
INFO: ClientService initialized with PartyRepository
feb 23, 2026 6:52:05 P. M. com.billing.main.MainApplication lambda$1
INFO: Application started successfully with MySQL database
feb 23, 2026 6:52:10 P. M. com.billing.service.SalesService createQuotation
INFO: Quotation created: QT0007
feb 23, 2026 6:52:10 P. M. com.billing.service.SalesService saveToFile
WARNING: Failed to save workflow: Java 8 date/time type `java.time.LocalDate` not supported by default: add Module "com.fasterxml.jackson.datatype:jackson-datatype-jsr310" to enable handling (through reference chain: java.util.concurrent.ConcurrentHashMap$ValuesView[0]->com.billing.service.SalesService$Quotation["date"])
feb 23, 2026 6:52:14 P. M. com.billing.service.SalesService updateQuotationStatus
INFO: Quotation status updated: QT0007 -> SENT
feb 23, 2026 6:52:14 P. M. com.billing.service.SalesService saveToFile
WARNING: Failed to save workflow: Java 8 date/time type `java.time.LocalDate` not supported by default: add Module "com.fasterxml.jackson.datatype:jackson-datatype-jsr310" to enable handling (through reference chain: java.util.concurrent.ConcurrentHashMap$ValuesView[0]->com.billing.service.SalesService$Quotation["date"])
feb 23, 2026 6:52:16 P. M. com.billing.service.SalesService confirmOrder
INFO: Order confirmed: SO0006
feb 23, 2026 6:52:16 P. M. com.billing.service.SalesService saveToFile
WARNING: Failed to save workflow: Java 8 date/time type `java.time.LocalDate` not supported by default: add Module "com.fasterxml.jackson.datatype:jackson-datatype-jsr310" to enable handling (through reference chain: java.util.concurrent.ConcurrentHashMap$ValuesView[0]->com.billing.service.SalesService$SalesOrder["date"])
feb 23, 2026 6:54:23 P. M. com.billing.main.MainApplication main
INFO: Initializing Hibernate with MySQL database...
feb 23, 2026 6:54:23 P. M. com.billing.util.HibernateUtil initializeSessionFactory
INFO: Initializing Hibernate SessionFactory with hibernate.cfg.xml...
feb 23, 2026 6:54:23 P. M. com.billing.util.HibernateUtil initializeSessionFactory
INFO: Configuration file found at: file:/C:/Users/albag/Documents/2o/ACCESO%20DATOS/TEMA%203/Hibernate/target/classes/hibernate.cfg.xml
feb 23, 2026 6:54:23 P. M. org.hibernate.Version logVersion
INFO: HHH000412: Hibernate ORM core version 6.5.3.Final
feb 23, 2026 6:54:24 P. M. org.hibernate.cache.internal.RegionFactoryInitiator initiateService
INFO: HHH000026: Second-level cache disabled
feb 23, 2026 6:54:25 P. M. org.hibernate.engine.jdbc.connections.internal.DriverManagerConnectionProviderImpl configure
WARN: HHH10001002: Using built-in connection pool (not intended for production use)
feb 23, 2026 6:54:25 P. M. org.hibernate.engine.jdbc.connections.internal.DriverManagerConnectionProviderImpl buildCreator
INFO: HHH10001005: Loaded JDBC driver class: com.mysql.cj.jdbc.Driver
feb 23, 2026 6:54:25 P. M. org.hibernate.engine.jdbc.connections.internal.DriverManagerConnectionProviderImpl buildCreator
INFO: HHH10001012: Connecting with JDBC URL [jdbc:mysql://localhost:3306/Facturacio?useSSL=false&serverTimezone=UTC&allowPublicKeyRetrieval=true]
feb 23, 2026 6:54:25 P. M. org.hibernate.engine.jdbc.connections.internal.DriverManagerConnectionProviderImpl buildCreator
INFO: HHH10001001: Connection properties: {password=****, user=usuario}
feb 23, 2026 6:54:25 P. M. org.hibernate.engine.jdbc.connections.internal.DriverManagerConnectionProviderImpl buildCreator
INFO: HHH10001003: Autocommit mode: false
feb 23, 2026 6:54:25 P. M. org.hibernate.engine.jdbc.connections.internal.DriverManagerConnectionProviderImpl$PooledConnections <init>
INFO: HHH10001115: Connection pool size: 1 (min=1)
feb 23, 2026 6:54:25 P. M. org.hibernate.engine.jdbc.dialect.internal.DialectFactoryImpl constructDialect
WARN: HHH90000025: MySQL8Dialect does not need to be specified explicitly using 'hibernate.dialect' (remove the property setting and it will be selected by default)
feb 23, 2026 6:54:25 P. M. org.hibernate.engine.jdbc.dialect.internal.DialectFactoryImpl logSelectedDialect
WARN: HHH90000026: MySQL8Dialect has been deprecated; use org.hibernate.dialect.MySQLDialect instead
feb 23, 2026 6:54:28 P. M. com.billing.util.HibernateUtil initializeSessionFactory
INFO: Hibernate SessionFactory initialized successfully for MySQL database
feb 23, 2026 6:54:28 P. M. com.billing.service.ClientService <init>
INFO: ClientService initialized with PartyRepository
feb 23, 2026 6:54:28 P. M. com.billing.service.SupplierService <init>
INFO: SupplierService initialized with PartyRepository
feb 23, 2026 6:54:28 P. M. com.billing.service.SalesService loadFromFile
INFO: Workflow loaded: 0 quotations, 0 orders
feb 23, 2026 6:54:29 P. M. com.billing.service.ClientService <init>
INFO: ClientService initialized with PartyRepository
feb 23, 2026 6:54:30 P. M. com.billing.main.MainApplication lambda$1
INFO: Application started successfully with MySQL database
feb 23, 2026 6:54:35 P. M. com.billing.service.SalesService createQuotation
INFO: Quotation created: QT0007
feb 23, 2026 6:54:35 P. M. com.billing.service.SalesService saveToFile
WARNING: Failed to save workflow: Java 8 date/time type `java.time.LocalDate` not supported by default: add Module "com.fasterxml.jackson.datatype:jackson-datatype-jsr310" to enable handling (through reference chain: java.util.concurrent.ConcurrentHashMap$ValuesView[0]->com.billing.service.SalesService$Quotation["date"])
feb 23, 2026 6:54:38 P. M. com.billing.service.SalesService updateQuotationStatus
INFO: Quotation status updated: QT0007 -> SENT
feb 23, 2026 6:54:38 P. M. com.billing.service.SalesService saveToFile
WARNING: Failed to save workflow: Java 8 date/time type `java.time.LocalDate` not supported by default: add Module "com.fasterxml.jackson.datatype:jackson-datatype-jsr310" to enable handling (through reference chain: java.util.concurrent.ConcurrentHashMap$ValuesView[0]->com.billing.service.SalesService$Quotation["date"])
feb 23, 2026 6:54:40 P. M. com.billing.service.SalesService confirmOrder
INFO: Order confirmed: SO0006
feb 23, 2026 6:54:40 P. M. com.billing.service.SalesService saveToFile
WARNING: Failed to save workflow: Java 8 date/time type `java.time.LocalDate` not supported by default: add Module "com.fasterxml.jackson.datatype:jackson-datatype-jsr310" to enable handling (through reference chain: java.util.concurrent.ConcurrentHashMap$ValuesView[0]->com.billing.service.SalesService$SalesOrder["date"])
feb 23, 2026 7:10:55 P. M. com.billing.main.MainApplication main
INFO: Initializing Hibernate with MySQL database...
feb 23, 2026 7:10:55 P. M. com.billing.util.HibernateUtil initializeSessionFactory
INFO: Initializing Hibernate SessionFactory with hibernate.cfg.xml...
feb 23, 2026 7:10:55 P. M. com.billing.util.HibernateUtil initializeSessionFactory
INFO: Configuration file found at: file:/C:/Users/albag/Documents/2o/ACCESO%20DATOS/TEMA%203/Hibernate/target/classes/hibernate.cfg.xml
feb 23, 2026 7:10:55 P. M. org.hibernate.Version logVersion
INFO: HHH000412: Hibernate ORM core version 6.5.3.Final
feb 23, 2026 7:10:55 P. M. org.hibernate.cache.internal.RegionFactoryInitiator initiateService
INFO: HHH000026: Second-level cache disabled
feb 23, 2026 7:10:56 P. M. org.hibernate.engine.jdbc.connections.internal.DriverManagerConnectionProviderImpl configure
WARN: HHH10001002: Using built-in connection pool (not intended for production use)
feb 23, 2026 7:10:56 P. M. org.hibernate.engine.jdbc.connections.internal.DriverManagerConnectionProviderImpl buildCreator
INFO: HHH10001005: Loaded JDBC driver class: com.mysql.cj.jdbc.Driver
feb 23, 2026 7:10:56 P. M. org.hibernate.engine.jdbc.connections.internal.DriverManagerConnectionProviderImpl buildCreator
INFO: HHH10001012: Connecting with JDBC URL [jdbc:mysql://localhost:3306/Facturacio?useSSL=false&serverTimezone=UTC&allowPublicKeyRetrieval=true]
feb 23, 2026 7:10:56 P. M. org.hibernate.engine.jdbc.connections.internal.DriverManagerConnectionProviderImpl buildCreator
INFO: HHH10001001: Connection properties: {password=****, user=usuario}
feb 23, 2026 7:10:56 P. M. org.hibernate.engine.jdbc.connections.internal.DriverManagerConnectionProviderImpl buildCreator
INFO: HHH10001003: Autocommit mode: false
feb 23, 2026 7:10:56 P. M. org.hibernate.engine.jdbc.connections.internal.DriverManagerConnectionProviderImpl$PooledConnections <init>
INFO: HHH10001115: Connection pool size: 1 (min=1)
feb 23, 2026 7:10:56 P. M. org.hibernate.engine.jdbc.dialect.internal.DialectFactoryImpl constructDialect
WARN: HHH90000025: MySQL8Dialect does not need to be specified explicitly using 'hibernate.dialect' (remove the property setting and it will be selected by default)
feb 23, 2026 7:10:56 P. M. org.hibernate.engine.jdbc.dialect.internal.DialectFactoryImpl logSelectedDialect
WARN: HHH90000026: MySQL8Dialect has been deprecated; use org.hibernate.dialect.MySQLDialect instead
feb 23, 2026 7:11:00 P. M. com.billing.util.HibernateUtil initializeSessionFactory
INFO: Hibernate SessionFactory initialized successfully for MySQL database
feb 23, 2026 7:11:00 P. M. com.billing.service.ClientService <init>
INFO: ClientService initialized with PartyRepository
feb 23, 2026 7:11:00 P. M. com.billing.service.SupplierService <init>
INFO: SupplierService initialized with PartyRepository
feb 23, 2026 7:11:01 P. M. com.billing.service.SalesService loadFromFile
INFO: Workflow loaded: 0 quotations, 0 orders
feb 23, 2026 7:11:03 P. M. com.billing.service.ClientService <init>
INFO: ClientService initialized with PartyRepository
feb 23, 2026 7:11:04 P. M. com.billing.main.MainApplication lambda$1
INFO: Application started successfully with MySQL database
feb 23, 2026 7:11:19 P. M. com.billing.service.SalesService createQuotation
INFO: Quotation created: QT0007
feb 23, 2026 7:11:20 P. M. com.billing.service.SalesService saveToFile
WARNING: Failed to save workflow: Java 8 date/time type `java.time.LocalDate` not supported by default: add Module "com.fasterxml.jackson.datatype:jackson-datatype-jsr310" to enable handling (through reference chain: java.util.concurrent.ConcurrentHashMap$ValuesView[0]->com.billing.service.SalesService$Quotation["date"])
feb 23, 2026 7:11:22 P. M. com.billing.service.SalesService updateQuotationStatus
INFO: Quotation status updated: QT0007 -> SENT
feb 23, 2026 7:11:22 P. M. com.billing.service.SalesService saveToFile
WARNING: Failed to save workflow: Java 8 date/time type `java.time.LocalDate` not supported by default: add Module "com.fasterxml.jackson.datatype:jackson-datatype-jsr310" to enable handling (through reference chain: java.util.concurrent.ConcurrentHashMap$ValuesView[0]->com.billing.service.SalesService$Quotation["date"])
feb 23, 2026 7:11:25 P. M. com.billing.service.SalesService confirmOrder
INFO: Order confirmed: SO0006
feb 23, 2026 7:11:25 P. M. com.billing.service.SalesService saveToFile
WARNING: Failed to save workflow: Java 8 date/time type `java.time.LocalDate` not supported by default: add Module "com.fasterxml.jackson.datatype:jackson-datatype-jsr310" to enable handling (through reference chain: java.util.concurrent.ConcurrentHashMap$ValuesView[0]->com.billing.service.SalesService$SalesOrder["date"])
feb 23, 2026 7:12:15 P. M. com.billing.service.SalesService createQuotation
INFO: Quotation created: QT0008
feb 23, 2026 7:12:15 P. M. com.billing.service.SalesService saveToFile
WARNING: Failed to save workflow: Java 8 date/time type `java.time.LocalDate` not supported by default: add Module "com.fasterxml.jackson.datatype:jackson-datatype-jsr310" to enable handling (through reference chain: java.util.concurrent.ConcurrentHashMap$ValuesView[0]->com.billing.service.SalesService$Quotation["date"])
feb 23, 2026 7:12:18 P. M. com.billing.service.SalesService updateQuotationStatus
INFO: Quotation status updated: QT0008 -> SENT
feb 23, 2026 7:12:18 P. M. com.billing.service.SalesService saveToFile
WARNING: Failed to save workflow: Java 8 date/time type `java.time.LocalDate` not supported by default: add Module "com.fasterxml.jackson.datatype:jackson-datatype-jsr310" to enable handling (through reference chain: java.util.concurrent.ConcurrentHashMap$ValuesView[0]->com.billing.service.SalesService$Quotation["date"])
feb 23, 2026 7:12:22 P. M. com.billing.service.SalesService confirmOrder
INFO: Order confirmed: SO0007
feb 23, 2026 7:12:22 P. M. com.billing.service.SalesService saveToFile
WARNING: Failed to save workflow: Java 8 date/time type `java.time.LocalDate` not supported by default: add Module "com.fasterxml.jackson.datatype:jackson-datatype-jsr310" to enable handling (through reference chain: java.util.concurrent.ConcurrentHashMap$ValuesView[0]->com.billing.service.SalesService$SalesOrder["date"])
feb 23, 2026 7:16:51 P. M. com.billing.main.MainApplication main
INFO: Initializing Hibernate with MySQL database...
feb 23, 2026 7:16:51 P. M. com.billing.util.HibernateUtil initializeSessionFactory
INFO: Initializing Hibernate SessionFactory with hibernate.cfg.xml...
feb 23, 2026 7:16:51 P. M. com.billing.util.HibernateUtil initializeSessionFactory
INFO: Configuration file found at: file:/C:/Users/albag/Documents/2o/ACCESO%20DATOS/TEMA%203/Hibernate/target/classes/hibernate.cfg.xml
feb 23, 2026 7:16:51 P. M. org.hibernate.Version logVersion
INFO: HHH000412: Hibernate ORM core version 6.5.3.Final
feb 23, 2026 7:16:51 P. M. org.hibernate.cache.internal.RegionFactoryInitiator initiateService
INFO: HHH000026: Second-level cache disabled
feb 23, 2026 7:16:52 P. M. org.hibernate.engine.jdbc.connections.internal.DriverManagerConnectionProviderImpl configure
WARN: HHH10001002: Using built-in connection pool (not intended for production use)
feb 23, 2026 7:16:52 P. M. org.hibernate.engine.jdbc.connections.internal.DriverManagerConnectionProviderImpl buildCreator
INFO: HHH10001005: Loaded JDBC driver class: com.mysql.cj.jdbc.Driver
feb 23, 2026 7:16:52 P. M. org.hibernate.engine.jdbc.connections.internal.DriverManagerConnectionProviderImpl buildCreator
INFO: HHH10001012: Connecting with JDBC URL [jdbc:mysql://localhost:3306/Facturacio?useSSL=false&serverTimezone=UTC&allowPublicKeyRetrieval=true]
feb 23, 2026 7:16:52 P. M. org.hibernate.engine.jdbc.connections.internal.DriverManagerConnectionProviderImpl buildCreator
INFO: HHH10001001: Connection properties: {password=****, user=usuario}
feb 23, 2026 7:16:52 P. M. org.hibernate.engine.jdbc.connections.internal.DriverManagerConnectionProviderImpl buildCreator
INFO: HHH10001003: Autocommit mode: false
feb 23, 2026 7:16:52 P. M. org.hibernate.engine.jdbc.connections.internal.DriverManagerConnectionProviderImpl$PooledConnections <init>
INFO: HHH10001115: Connection pool size: 1 (min=1)
feb 23, 2026 7:16:52 P. M. org.hibernate.engine.jdbc.dialect.internal.DialectFactoryImpl constructDialect
WARN: HHH90000025: MySQL8Dialect does not need to be specified explicitly using 'hibernate.dialect' (remove the property setting and it will be selected by default)
feb 23, 2026 7:16:52 P. M. org.hibernate.engine.jdbc.dialect.internal.DialectFactoryImpl logSelectedDialect
WARN: HHH90000026: MySQL8Dialect has been deprecated; use org.hibernate.dialect.MySQLDialect instead
feb 23, 2026 7:16:54 P. M. com.billing.util.HibernateUtil initializeSessionFactory
INFO: Hibernate SessionFactory initialized successfully for MySQL database
feb 23, 2026 7:16:54 P. M. com.billing.service.ClientService <init>
INFO: ClientService initialized with PartyRepository
feb 23, 2026 7:16:54 P. M. com.billing.service.SupplierService <init>
INFO: SupplierService initialized with PartyRepository
feb 23, 2026 7:16:54 P. M. com.billing.service.SalesService loadFromFile
INFO: Workflow loaded: 0 quotations, 0 orders
feb 23, 2026 7:16:55 P. M. com.billing.service.ClientService <init>
INFO: ClientService initialized with PartyRepository
feb 23, 2026 7:16:55 P. M. com.billing.main.MainApplication lambda$1
INFO: Application started successfully with MySQL database
feb 23, 2026 7:17:20 P. M. com.billing.service.SalesService createQuotation
INFO: Quotation created: QT0007
feb 23, 2026 7:17:20 P. M. com.billing.service.SalesService saveToFile
WARNING: Failed to save workflow: Java 8 date/time type `java.time.LocalDate` not supported by default: add Module "com.fasterxml.jackson.datatype:jackson-datatype-jsr310" to enable handling (through reference chain: java.util.concurrent.ConcurrentHashMap$ValuesView[0]->com.billing.service.SalesService$Quotation["date"])
feb 23, 2026 7:17:22 P. M. com.billing.service.SalesService updateQuotationStatus
INFO: Quotation status updated: QT0007 -> SENT
feb 23, 2026 7:17:22 P. M. com.billing.service.SalesService saveToFile
WARNING: Failed to save workflow: Java 8 date/time type `java.time.LocalDate` not supported by default: add Module "com.fasterxml.jackson.datatype:jackson-datatype-jsr310" to enable handling (through reference chain: java.util.concurrent.ConcurrentHashMap$ValuesView[0]->com.billing.service.SalesService$Quotation["date"])
feb 23, 2026 7:17:25 P. M. com.billing.service.SalesService confirmOrder
INFO: Order confirmed: SO0006
feb 23, 2026 7:17:25 P. M. com.billing.service.SalesService saveToFile
WARNING: Failed to save workflow: Java 8 date/time type `java.time.LocalDate` not supported by default: add Module "com.fasterxml.jackson.datatype:jackson-datatype-jsr310" to enable handling (through reference chain: java.util.concurrent.ConcurrentHashMap$ValuesView[0]->com.billing.service.SalesService$SalesOrder["date"])
feb 23, 2026 7:17:28 P. M. com.billing.service.SalesService lambda$2
INFO: DeliveryNote generated from Order SO0006: DN0001
feb 23, 2026 7:17:28 P. M. com.billing.service.SalesService saveToFile
INFO: Workflow saved to data/sales-workflow.json
feb 23, 2026 7:17:35 P. M. com.billing.service.SalesService lambda$3
INFO: Invoice generated from DeliveryNote 1: INV0002
feb 23, 2026 7:18:47 P. M. com.billing.main.MainApplication main
INFO: Initializing Hibernate with MySQL database...
feb 23, 2026 7:18:47 P. M. com.billing.util.HibernateUtil initializeSessionFactory
INFO: Initializing Hibernate SessionFactory with hibernate.cfg.xml...
feb 23, 2026 7:18:47 P. M. com.billing.util.HibernateUtil initializeSessionFactory
INFO: Configuration file found at: file:/C:/Users/albag/Documents/2o/ACCESO%20DATOS/TEMA%203/Hibernate/target/classes/hibernate.cfg.xml
feb 23, 2026 7:18:47 P. M. org.hibernate.Version logVersion
INFO: HHH000412: Hibernate ORM core version 6.5.3.Final
feb 23, 2026 7:18:47 P. M. org.hibernate.cache.internal.RegionFactoryInitiator initiateService
INFO: HHH000026: Second-level cache disabled
feb 23, 2026 7:18:47 P. M. org.hibernate.engine.jdbc.connections.internal.DriverManagerConnectionProviderImpl configure
WARN: HHH10001002: Using built-in connection pool (not intended for production use)
feb 23, 2026 7:18:47 P. M. org.hibernate.engine.jdbc.connections.internal.DriverManagerConnectionProviderImpl buildCreator
INFO: HHH10001005: Loaded JDBC driver class: com.mysql.cj.jdbc.Driver
feb 23, 2026 7:18:47 P. M. org.hibernate.engine.jdbc.connections.internal.DriverManagerConnectionProviderImpl buildCreator
INFO: HHH10001012: Connecting with JDBC URL [jdbc:mysql://localhost:3306/Facturacio?useSSL=false&serverTimezone=UTC&allowPublicKeyRetrieval=true]
feb 23, 2026 7:18:47 P. M. org.hibernate.engine.jdbc.connections.internal.DriverManagerConnectionProviderImpl buildCreator
INFO: HHH10001001: Connection properties: {password=****, user=usuario}
feb 23, 2026 7:18:47 P. M. org.hibernate.engine.jdbc.connections.internal.DriverManagerConnectionProviderImpl buildCreator
INFO: HHH10001003: Autocommit mode: false
feb 23, 2026 7:18:47 P. M. org.hibernate.engine.jdbc.connections.internal.DriverManagerConnectionProviderImpl$PooledConnections <init>
INFO: HHH10001115: Connection pool size: 1 (min=1)
feb 23, 2026 7:18:48 P. M. org.hibernate.engine.jdbc.dialect.internal.DialectFactoryImpl constructDialect
WARN: HHH90000025: MySQL8Dialect does not need to be specified explicitly using 'hibernate.dialect' (remove the property setting and it will be selected by default)
feb 23, 2026 7:18:48 P. M. org.hibernate.engine.jdbc.dialect.internal.DialectFactoryImpl logSelectedDialect
WARN: HHH90000026: MySQL8Dialect has been deprecated; use org.hibernate.dialect.MySQLDialect instead
feb 23, 2026 7:18:50 P. M. com.billing.util.HibernateUtil initializeSessionFactory
INFO: Hibernate SessionFactory initialized successfully for MySQL database
feb 23, 2026 7:18:50 P. M. com.billing.service.ClientService <init>
INFO: ClientService initialized with PartyRepository
feb 23, 2026 7:18:50 P. M. com.billing.service.SupplierService <init>
INFO: SupplierService initialized with PartyRepository
feb 23, 2026 7:18:50 P. M. com.billing.service.SalesService loadFromFile
INFO: Workflow loaded: 0 quotations, 0 orders
feb 23, 2026 7:18:51 P. M. com.billing.service.ClientService <init>
INFO: ClientService initialized with PartyRepository
feb 23, 2026 7:18:52 P. M. com.billing.main.MainApplication lambda$1
INFO: Application started successfully with MySQL database
feb 23, 2026 7:19:06 P. M. com.billing.service.ItemService lambda$1
INFO: Regenerated codes for items: 10
feb 23, 2026 7:19:06 P. M. com.billing.service.ClientService lambda$3
INFO: Regenerated codes for clients: 10
feb 23, 2026 7:19:06 P. M. com.billing.service.SupplierService lambda$8
INFO: Regenerated codes for suppliers: 3
feb 23, 2026 7:20:51 P. M. com.billing.main.MainApplication lambda$5
INFO: Shutting down application...
feb 23, 2026 7:22:38 P. M. com.billing.main.MainApplication main
INFO: Initializing Hibernate with MySQL database...
feb 23, 2026 7:22:38 P. M. com.billing.util.HibernateUtil initializeSessionFactory
INFO: Initializing Hibernate SessionFactory with hibernate.cfg.xml...
feb 23, 2026 7:22:38 P. M. com.billing.util.HibernateUtil initializeSessionFactory
INFO: Configuration file found at: file:/C:/Users/albag/Documents/2o/ACCESO%20DATOS/TEMA%203/Hibernate/target/classes/hibernate.cfg.xml
feb 23, 2026 7:22:38 P. M. org.hibernate.Version logVersion
INFO: HHH000412: Hibernate ORM core version 6.5.3.Final
feb 23, 2026 7:22:39 P. M. org.hibernate.cache.internal.RegionFactoryInitiator initiateService
INFO: HHH000026: Second-level cache disabled
feb 23, 2026 7:22:39 P. M. org.hibernate.engine.jdbc.connections.internal.DriverManagerConnectionProviderImpl configure
WARN: HHH10001002: Using built-in connection pool (not intended for production use)
feb 23, 2026 7:22:39 P. M. org.hibernate.engine.jdbc.connections.internal.DriverManagerConnectionProviderImpl buildCreator
INFO: HHH10001005: Loaded JDBC driver class: com.mysql.cj.jdbc.Driver
feb 23, 2026 7:22:39 P. M. org.hibernate.engine.jdbc.connections.internal.DriverManagerConnectionProviderImpl buildCreator
INFO: HHH10001012: Connecting with JDBC URL [jdbc:mysql://localhost:3306/Facturacio?useSSL=false&serverTimezone=UTC&allowPublicKeyRetrieval=true]
feb 23, 2026 7:22:39 P. M. org.hibernate.engine.jdbc.connections.internal.DriverManagerConnectionProviderImpl buildCreator
INFO: HHH10001001: Connection properties: {password=****, user=usuario}
feb 23, 2026 7:22:39 P. M. org.hibernate.engine.jdbc.connections.internal.DriverManagerConnectionProviderImpl buildCreator
INFO: HHH10001003: Autocommit mode: false
feb 23, 2026 7:22:39 P. M. org.hibernate.engine.jdbc.connections.internal.DriverManagerConnectionProviderImpl$PooledConnections <init>
INFO: HHH10001115: Connection pool size: 1 (min=1)
feb 23, 2026 7:22:39 P. M. org.hibernate.engine.jdbc.dialect.internal.DialectFactoryImpl constructDialect
WARN: HHH90000025: MySQL8Dialect does not need to be specified explicitly using 'hibernate.dialect' (remove the property setting and it will be selected by default)
feb 23, 2026 7:22:39 P. M. org.hibernate.engine.jdbc.dialect.internal.DialectFactoryImpl logSelectedDialect
WARN: HHH90000026: MySQL8Dialect has been deprecated; use org.hibernate.dialect.MySQLDialect instead
feb 23, 2026 7:22:41 P. M. com.billing.util.HibernateUtil initializeSessionFactory
INFO: Hibernate SessionFactory initialized successfully for MySQL database
feb 23, 2026 7:22:41 P. M. com.billing.service.ClientService <init>
INFO: ClientService initialized with PartyRepository
feb 23, 2026 7:22:41 P. M. com.billing.service.SupplierService <init>
INFO: SupplierService initialized with PartyRepository
feb 23, 2026 7:22:41 P. M. com.billing.service.SalesService loadFromFile
INFO: Workflow loaded: 0 quotations, 0 orders
feb 23, 2026 7:22:42 P. M. com.billing.service.ClientService <init>
INFO: ClientService initialized with PartyRepository
feb 23, 2026 7:22:43 P. M. com.billing.main.MainApplication lambda$1
INFO: Application started successfully with MySQL database
feb 23, 2026 7:23:25 P. M. com.billing.main.MainApplication main
INFO: Initializing Hibernate with MySQL database...
feb 23, 2026 7:23:25 P. M. com.billing.util.HibernateUtil initializeSessionFactory
INFO: Initializing Hibernate SessionFactory with hibernate.cfg.xml...
feb 23, 2026 7:23:25 P. M. com.billing.util.HibernateUtil initializeSessionFactory
INFO: Configuration file found at: file:/C:/Users/albag/Documents/2o/ACCESO%20DATOS/TEMA%203/Hibernate/target/classes/hibernate.cfg.xml
feb 23, 2026 7:23:26 P. M. org.hibernate.Version logVersion
INFO: HHH000412: Hibernate ORM core version 6.5.3.Final
feb 23, 2026 7:23:26 P. M. org.hibernate.cache.internal.RegionFactoryInitiator initiateService
INFO: HHH000026: Second-level cache disabled
feb 23, 2026 7:23:26 P. M. org.hibernate.engine.jdbc.connections.internal.DriverManagerConnectionProviderImpl configure
WARN: HHH10001002: Using built-in connection pool (not intended for production use)
feb 23, 2026 7:23:26 P. M. org.hibernate.engine.jdbc.connections.internal.DriverManagerConnectionProviderImpl buildCreator
INFO: HHH10001005: Loaded JDBC driver class: com.mysql.cj.jdbc.Driver
feb 23, 2026 7:23:26 P. M. org.hibernate.engine.jdbc.connections.internal.DriverManagerConnectionProviderImpl buildCreator
INFO: HHH10001012: Connecting with JDBC URL [jdbc:mysql://localhost:3306/Facturacio?useSSL=false&serverTimezone=UTC&allowPublicKeyRetrieval=true]
feb 23, 2026 7:23:26 P. M. org.hibernate.engine.jdbc.connections.internal.DriverManagerConnectionProviderImpl buildCreator
INFO: HHH10001001: Connection properties: {password=****, user=usuario}
feb 23, 2026 7:23:26 P. M. org.hibernate.engine.jdbc.connections.internal.DriverManagerConnectionProviderImpl buildCreator
INFO: HHH10001003: Autocommit mode: false
feb 23, 2026 7:23:26 P. M. org.hibernate.engine.jdbc.connections.internal.DriverManagerConnectionProviderImpl$PooledConnections <init>
INFO: HHH10001115: Connection pool size: 1 (min=1)
feb 23, 2026 7:23:26 P. M. org.hibernate.engine.jdbc.dialect.internal.DialectFactoryImpl constructDialect
WARN: HHH90000025: MySQL8Dialect does not need to be specified explicitly using 'hibernate.dialect' (remove the property setting and it will be selected by default)
feb 23, 2026 7:23:26 P. M. org.hibernate.engine.jdbc.dialect.internal.DialectFactoryImpl logSelectedDialect
WARN: HHH90000026: MySQL8Dialect has been deprecated; use org.hibernate.dialect.MySQLDialect instead
feb 23, 2026 7:23:28 P. M. com.billing.util.HibernateUtil initializeSessionFactory
INFO: Hibernate SessionFactory initialized successfully for MySQL database
feb 23, 2026 7:23:29 P. M. com.billing.service.ClientService <init>
INFO: ClientService initialized with PartyRepository
feb 23, 2026 7:23:29 P. M. com.billing.service.SupplierService <init>
INFO: SupplierService initialized with PartyRepository
feb 23, 2026 7:23:29 P. M. com.billing.service.SalesService loadFromFile
INFO: Workflow loaded: 0 quotations, 0 orders
feb 23, 2026 7:23:30 P. M. com.billing.service.ClientService <init>
INFO: ClientService initialized with PartyRepository
feb 23, 2026 7:23:30 P. M. com.billing.main.MainApplication lambda$1
INFO: Application started successfully with MySQL database
feb 23, 2026 7:24:24 P. M. com.billing.service.SalesService createQuotation
INFO: Quotation created: QT0008
feb 23, 2026 7:24:24 P. M. com.billing.service.SalesService saveToFile
WARNING: Failed to save workflow: Java 8 date/time type `java.time.LocalDate` not supported by default: add Module "com.fasterxml.jackson.datatype:jackson-datatype-jsr310" to enable handling (through reference chain: java.util.concurrent.ConcurrentHashMap$ValuesView[0]->com.billing.service.SalesService$Quotation["date"])
feb 23, 2026 7:24:27 P. M. com.billing.service.SalesService updateQuotationStatus
INFO: Quotation status updated: QT0008 -> SENT
feb 23, 2026 7:24:27 P. M. com.billing.service.SalesService saveToFile
WARNING: Failed to save workflow: Java 8 date/time type `java.time.LocalDate` not supported by default: add Module "com.fasterxml.jackson.datatype:jackson-datatype-jsr310" to enable handling (through reference chain: java.util.concurrent.ConcurrentHashMap$ValuesView[0]->com.billing.service.SalesService$Quotation["date"])
feb 23, 2026 7:24:29 P. M. com.billing.service.SalesService confirmOrder
INFO: Order confirmed: SO0007
feb 23, 2026 7:24:29 P. M. com.billing.service.SalesService saveToFile
WARNING: Failed to save workflow: Java 8 date/time type `java.time.LocalDate` not supported by default: add Module "com.fasterxml.jackson.datatype:jackson-datatype-jsr310" to enable handling (through reference chain: java.util.concurrent.ConcurrentHashMap$ValuesView[0]->com.billing.service.SalesService$SalesOrder["date"])
feb 23, 2026 7:24:32 P. M. com.billing.service.SalesService lambda$2
INFO: DeliveryNote generated from Order SO0007: DN0003
feb 23, 2026 7:24:32 P. M. com.billing.service.SalesService saveToFile
INFO: Workflow saved to data/sales-workflow.json
feb 23, 2026 7:24:42 P. M. com.billing.service.SalesService lambda$3
INFO: Invoice generated from DeliveryNote 3: INV0004
feb 23, 2026 7:25:38 P. M. com.billing.service.ItemService lambda$1
INFO: Regenerated codes for items: 10
feb 23, 2026 7:25:38 P. M. com.billing.service.ClientService lambda$3
INFO: Regenerated codes for clients: 10
feb 23, 2026 7:25:38 P. M. com.billing.service.SupplierService lambda$8
INFO: Regenerated codes for suppliers: 3
feb 23, 2026 7:25:45 P. M. com.billing.service.ItemService lambda$1
INFO: Regenerated codes for items: 10
feb 23, 2026 7:25:45 P. M. com.billing.service.ClientService lambda$3
INFO: Regenerated codes for clients: 10
feb 23, 2026 7:25:45 P. M. com.billing.service.SupplierService lambda$8
INFO: Regenerated codes for suppliers: 3
feb 23, 2026 7:25:48 P. M. com.billing.main.MainApplication lambda$5
INFO: Shutting down application...
